requirement_id,centre,start_date,experiment_group,project_label,esgf_node,cat1_state,cat1_variables,cat2_state,cat2_variables,notes
5d710344c333,CMCC,s1960,dcpp-a,CMIP6,DKRZ,All,,All,,example path: https://esgf-metagrid.cloud.dkrz.de/search?project=CMIP6&resultType=originals+only&activeFacets=%7B%22institution_id%22%3A%22CMCC%22%2C%22experiment_id%22%3A%22dcppA-hindcast%22%2C%22variant_label%22%3A%22r1i1p1f1%22%2C%22table_id%22%3A%22Amon%22%2C%22frequency%22%3A%22mon%22%2C%22variable_id%22%3A%22tas%22%7D
84c09c16a4f2,CMCC,s1961,dcpp-a,CMIP6,DKRZ,All,,All,,
ad7ef8b13a04,CMCC,s1962,dcpp-a,CMIP6,DKRZ,All,,All,,
92ab098e2a96,CMCC,s1963,dcpp-a,CMIP6,DKRZ,All,,All,,
f5958cda5a97,CMCC,s1964,dcpp-a,CMIP6,DKRZ,All,,All,,
36311005b5e9,CMCC,s1965,dcpp-a,CMIP6,DKRZ,All,,All,,
39e039faaafa,CMCC,s1966,dcpp-a,CMIP6,DKRZ,All,,All,,
ef1b5e26a359,CMCC,s1967,dcpp-a,CMIP6,DKRZ,All,,All,,
020d9db6e52a,CMCC,s1968,dcpp-a,CMIP6,DKRZ,All,,All,,
c1a1c2b70df2,CMCC,s1969,dcpp-a,CMIP6,DKRZ,All,,All,,
efdcd001b338,CMCC,s1970,dcpp-a,CMIP6,DKRZ,All,,All,,
19b77e901c9f,CMCC,s1971,dcpp-a,CMIP6,DKRZ,All,,All,,
cec5df0e44a6,CMCC,s1972,dcpp-a,CMIP6,DKRZ,All,,All,,
921a5e0c1d98,CMCC,s1973,dcpp-a,CMIP6,DKRZ,All,,All,,
4cbd7339ee8c,CMCC,s1974,dcpp-a,CMIP6,DKRZ,All,,All,,
a48b6e6ca5ee,CMCC,s1975,dcpp-a,CMIP6,DKRZ,All,,All,,
75c2148c653c,CMCC,s1976,dcpp-a,CMIP6,DKRZ,All,,All,,
079fd7ba29b5,CMCC,s1977,dcpp-a,CMIP6,DKRZ,All,,All,,
ce41a5c304dd,CMCC,s1978,dcpp-a,CMIP6,DKRZ,All,,All,,
c1d36254dbc7,CMCC,s1979,dcpp-a,CMIP6,DKRZ,All,,All,,
460b631276bb,CMCC,s1980,dcpp-a,CMIP6,DKRZ,All,,All,,
e90e27c6c615,CMCC,s1981,dcpp-a,CMIP6,DKRZ,All,,All,,
cddf00504b74,CMCC,s1982,dcpp-a,CMIP6,DKRZ,All,,All,,
71a88859e309,CMCC,s1983,dcpp-a,CMIP6,DKRZ,All,,All,,
e2153a874c63,CMCC,s1984,dcpp-a,CMIP6,DKRZ,All,,All,,
477f2628af0c,CMCC,s1985,dcpp-a,CMIP6,DKRZ,All,,All,,
4bd5f1a2f6f6,CMCC,s1986,dcpp-a,CMIP6,DKRZ,All,,All,,
05f5a28b468f,CMCC,s1987,dcpp-a,CMIP6,DKRZ,All,,All,,
d4a241b193a6,CMCC,s1988,dcpp-a,CMIP6,DKRZ,All,,All,,
cd6de85d4600,CMCC,s1989,dcpp-a,CMIP6,DKRZ,All,,All,,
1f97707b4ca3,CMCC,s1990,dcpp-a,CMIP6,DKRZ,All,,All,,
c57dcac5d3bb,CMCC,s1991,dcpp-a,CMIP6,DKRZ,All,,All,,
25e4d9b7185a,CMCC,s1992,dcpp-a,CMIP6,DKRZ,All,,All,,
dfd8929fdb14,CMCC,s1993,dcpp-a,CMIP6,DKRZ,All,,All,,
5f5f125f9f1a,CMCC,s1994,dcpp-a,CMIP6,DKRZ,All,,All,,
bd87163a9721,CMCC,s1995,dcpp-a,CMIP6,DKRZ,All,,All,,
93b9428e4b04,CMCC,s1996,dcpp-a,CMIP6,DKRZ,All,,All,,
717e10ba4599,CMCC,s1997,dcpp-a,CMIP6,DKRZ,All,,All,,
6b4603360fb9,CMCC,s1998,dcpp-a,CMIP6,DKRZ,All,,All,,
1be63f177693,CMCC,s1999,dcpp-a,CMIP6,DKRZ,All,,All,,
879be60643c7,CMCC,s2000,dcpp-a,CMIP6,DKRZ,All,,All,,
5c0532714da7,CMCC,s2001,dcpp-a,CMIP6,DKRZ,All,,All,,
725fb5bb94c4,CMCC,s2002,dcpp-a,CMIP6,DKRZ,All,,All,,
efbf903885ba,CMCC,s2003,dcpp-a,CMIP6,DKRZ,All,,All,,
bc889a7a3554,CMCC,s2004,dcpp-a,CMIP6,DKRZ,All,,All,,
922dc43be845,CMCC,s2005,dcpp-a,CMIP6,DKRZ,All,,All,,
d763277217ac,CMCC,s2006,dcpp-a,CMIP6,DKRZ,All,,All,,
8f7f4e22a6f8,CMCC,s2007,dcpp-a,CMIP6,DKRZ,All,,All,,
696891ad57ad,CMCC,s2008,dcpp-a,CMIP6,DKRZ,All,,All,,
c6320001139b,CMCC,s2009,dcpp-a,CMIP6,DKRZ,All,,All,,
0e34c340338b,CMCC,s2010,dcpp-a,CMIP6,DKRZ,All,,All,,
31af3f9632bc,CMCC,s2011,dcpp-a,CMIP6,DKRZ,All,,All,,
b41837b1ffb0,CMCC,s2012,dcpp-a,CMIP6,DKRZ,All,,All,,
6e478829ba9e,CMCC,s2013,dcpp-a,CMIP6,DKRZ,All,,All,,
ca791f7da674,CMCC,s2014,dcpp-a,CMIP6,DKRZ,All,,All,,
8242a6b7e255,CMCC,s2015,dcpp-a,CMIP6,DKRZ,All,,All,,
fc2ceac5bf73,CMCC,s2016,dcpp-a,CMIP6,DKRZ,All,,All,,
5dbb5c075d3a,CMCC,s2017,dcpp-a,CMIP6,DKRZ,All,,All,,
02fac921e4ee,CMCC,s2018,dcpp-a,CMIP6,DKRZ,All,,All,,
a111e91b44d3,CMCC,s2019,dcpp-a,CMIP6,DKRZ,All,,All,,
ed36a1e915fd,CMCC,s2020,dcpp-b,CMIP6,DKRZ,All,,All,,
4230b663a954,CMCC,s2021,dcpp-b,,,,,,,
cf0aef1b92e4,CMCC,s2022,dcpp-b,,,,,,,
ae6c5836a035,CMCC,s2023,dcpp-b,,,,,,,
b25ee96a962d,CMCC,s2024,dcpp-b,,,,,,,
983ad41bd5b6,CMCC,s2025,dcpp-b,CMIP6 Plus,DKRZ,All,,All,,published
b2c7060a13c1,BSC,s1960,dcpp-a,CMIP6,BSC,All,,Partial,"tasmax_Amon, tasmin_Amon,","Note 1: For 3D atmospheric variables, only 5 verticals levels have been saved."
51026499da68,BSC,s1961,dcpp-a,CMIP6,BSC,All,,Partial,"tasmax_Amon, tasmin_Amon,",
ee01fcb373b1,BSC,s1962,dcpp-a,CMIP6,BSC,All,,Partial,"tasmax_Amon, tasmin_Amon,",
3511d496f4be,BSC,s1963,dcpp-a,CMIP6,BSC,All,,Partial,"tasmax_Amon, tasmin_Amon,",
2f54f1bca5b4,BSC,s1964,dcpp-a,CMIP6,BSC,All,,Partial,"tasmax_Amon, tasmin_Amon,",
3ed624f2a2e1,BSC,s1965,dcpp-a,CMIP6,BSC,All,,Partial,"tasmax_Amon, tasmin_Amon,",
e97404b76c32,BSC,s1966,dcpp-a,CMIP6,BSC,All,,Partial,"tasmax_Amon, tasmin_Amon,",
9f2306dfcdb8,BSC,s1967,dcpp-a,CMIP6,BSC,All,,Partial,"tasmax_Amon, tasmin_Amon,",
87a2a1935fce,BSC,s1968,dcpp-a,CMIP6,BSC,All,,Partial,"tasmax_Amon, tasmin_Amon,",
4243b34e54bd,BSC,s1969,dcpp-a,CMIP6,BSC,All,,Partial,"tasmax_Amon, tasmin_Amon,",
e707b8d7ec93,BSC,s1970,dcpp-a,CMIP6,BSC,All,,Partial,"tasmax_Amon, tasmin_Amon,",
b6334b7a522c,BSC,s1971,dcpp-a,CMIP6,BSC,All,,Partial,"tasmax_Amon, tasmin_Amon,",
f995673d449e,BSC,s1972,dcpp-a,CMIP6,BSC,All,,Partial,"tasmax_Amon, tasmin_Amon,",
62b195e89599,BSC,s1973,dcpp-a,CMIP6,BSC,All,,Partial,"tasmax_Amon, tasmin_Amon,",
7bc73c605264,BSC,s1974,dcpp-a,CMIP6,BSC,All,,Partial,"tasmax_Amon, tasmin_Amon,",
fd03faec55a5,BSC,s1975,dcpp-a,CMIP6,BSC,All,,Partial,"tasmax_Amon, tasmin_Amon,",
3da92268852a,BSC,s1976,dcpp-a,CMIP6,BSC,All,,Partial,"tasmax_Amon, tasmin_Amon,",
8a6300500112,BSC,s1977,dcpp-a,CMIP6,BSC,All,,Partial,"tasmax_Amon, tasmin_Amon,",
eb5a47b0b5c1,BSC,s1978,dcpp-a,CMIP6,BSC,All,,Partial,"tasmax_Amon, tasmin_Amon,",
033482b22fdf,BSC,s1979,dcpp-a,CMIP6,BSC,All,,Partial,"tasmax_Amon, tasmin_Amon,",
4c181af09b0d,BSC,s1980,dcpp-a,CMIP6,BSC,All,,Partial,"tasmax_Amon, tasmin_Amon,",
719bffc0b031,BSC,s1981,dcpp-a,CMIP6,BSC,All,,Partial,"tasmax_Amon, tasmin_Amon,",
e5972394e906,BSC,s1982,dcpp-a,CMIP6,BSC,All,,Partial,"tasmax_Amon, tasmin_Amon,",
d9029c1432b9,BSC,s1983,dcpp-a,CMIP6,BSC,All,,Partial,"tasmax_Amon, tasmin_Amon,",
c97601c3eab8,BSC,s1984,dcpp-a,CMIP6,BSC,All,,Partial,"tasmax_Amon, tasmin_Amon,",
ae2c9f7f4fec,BSC,s1985,dcpp-a,CMIP6,BSC,All,,Partial,"tasmax_Amon, tasmin_Amon,",
05e04ba96bfc,BSC,s1986,dcpp-a,CMIP6,BSC,All,,Partial,"tasmax_Amon, tasmin_Amon,",
57ae68bb9b65,BSC,s1987,dcpp-a,CMIP6,BSC,All,,Partial,"tasmax_Amon, tasmin_Amon,",
40aed96b6c2e,BSC,s1988,dcpp-a,CMIP6,BSC,All,,Partial,"tasmax_Amon, tasmin_Amon,",
5983bc155b53,BSC,s1989,dcpp-a,CMIP6,BSC,All,,Partial,"tasmax_Amon, tasmin_Amon,",
863b256d4725,BSC,s1990,dcpp-a,CMIP6,BSC,All,,Partial,"tasmax_Amon, tasmin_Amon,",
c6810c5115b4,BSC,s1991,dcpp-a,CMIP6,BSC,All,,Partial,"tasmax_Amon, tasmin_Amon,",
f81c0729fbaf,BSC,s1992,dcpp-a,CMIP6,BSC,All,,Partial,"tasmax_Amon, tasmin_Amon,",
bd615bd4732c,BSC,s1993,dcpp-a,CMIP6,BSC,All,,Partial,"tasmax_Amon, tasmin_Amon,",
6e590467bd07,BSC,s1994,dcpp-a,CMIP6,BSC,All,,Partial,"tasmax_Amon, tasmin_Amon,",
0a049e12ecb8,BSC,s1995,dcpp-a,CMIP6,BSC,All,,Partial,"tasmax_Amon, tasmin_Amon,",
1a56cb5355ac,BSC,s1996,dcpp-a,CMIP6,BSC,All,,Partial,"tasmax_Amon, tasmin_Amon,",
05a8ff421a42,BSC,s1997,dcpp-a,CMIP6,BSC,All,,Partial,"tasmax_Amon, tasmin_Amon,",
b0f9ebc6b3fe,BSC,s1998,dcpp-a,CMIP6,BSC,All,,Partial,"tasmax_Amon, tasmin_Amon,",
5d6aed529531,BSC,s1999,dcpp-a,CMIP6,BSC,All,,Partial,"tasmax_Amon, tasmin_Amon,",
7016d9a2589f,BSC,s2000,dcpp-a,CMIP6,BSC,All,,Partial,"tasmax_Amon, tasmin_Amon,",
9ef5072535df,BSC,s2001,dcpp-a,CMIP6,BSC,All,,Partial,"tasmax_Amon, tasmin_Amon,",
41bb2001d423,BSC,s2002,dcpp-a,CMIP6,BSC,All,,Partial,"tasmax_Amon, tasmin_Amon,",
4ec3a46794b9,BSC,s2003,dcpp-a,CMIP6,BSC,All,,Partial,"tasmax_Amon, tasmin_Amon,",
ae81d136fe88,BSC,s2004,dcpp-a,CMIP6,BSC,All,,Partial,"tasmax_Amon, tasmin_Amon,",
8b96faa39e89,BSC,s2005,dcpp-a,CMIP6,BSC,All,,Partial,"tasmax_Amon, tasmin_Amon,",
b7ae7329821c,BSC,s2006,dcpp-a,CMIP6,BSC,All,,Partial,"tasmax_Amon, tasmin_Amon,",
e193b854bb18,BSC,s2007,dcpp-a,CMIP6,BSC,All,,Partial,"tasmax_Amon, tasmin_Amon,",
7f409cba0f83,BSC,s2008,dcpp-a,CMIP6,BSC,All,,Partial,"tasmax_Amon, tasmin_Amon,",
df62822f5437,BSC,s2009,dcpp-a,CMIP6,BSC,All,,Partial,"tasmax_Amon, tasmin_Amon,",
69daacd478b0,BSC,s2010,dcpp-a,CMIP6,BSC,All,,Partial,"tasmax_Amon, tasmin_Amon,",
d5542e685993,BSC,s2011,dcpp-a,CMIP6,BSC,All,,Partial,"tasmax_Amon, tasmin_Amon,",
95483768b657,BSC,s2012,dcpp-a,CMIP6,BSC,All,,Partial,"tasmax_Amon, tasmin_Amon,",
b6ccbb42b64b,BSC,s2013,dcpp-a,CMIP6,BSC,All,,Partial,"tasmax_Amon, tasmin_Amon,",
68b5bbde5008,BSC,s2014,dcpp-a,CMIP6,BSC,All,,Partial,"tasmax_Amon, tasmin_Amon,",
4fb68b0753e8,BSC,s2015,dcpp-a,CMIP6,BSC,All,,Partial,"tasmax_Amon, tasmin_Amon,",
3c2266a66ca5,BSC,s2016,dcpp-a,CMIP6,BSC,All,,Partial,"tasmax_Amon, tasmin_Amon,",
ad186621f670,BSC,s2017,dcpp-a,CMIP6,BSC,All,,Partial,"tasmax_Amon, tasmin_Amon,",
d3aae0ba8c40,BSC,s2018,dcpp-a,CMIP6,BSC,All,,Partial,"tasmax_Amon, tasmin_Amon,",
18b8c271dfc5,BSC,s2019,dcpp-a,CMIP6,BSC,All,,Partial,"tasmax_Amon, tasmin_Amon,",
ea3cc0fa4bd9,BSC,s2020,dcpp-a,CMIP6,BSC,All,,Partial,"tasmax_Amon, tasmin_Amon,",
47754ff4259d,BSC,s2021,dcpp-b,CMIP6,BSC,All,,Partial,"tasmax_Amon, tasmin_Amon,",
ffa4c5a87742,BSC,s2022,dcpp-b,CMIP6,BSC,All,,Partial,"tasmax_Amon, tasmin_Amon,",
53f41d4d1bc2,BSC,s2023,dcpp-b,CMIP6,BSC,All,,Partial,"tasmax_Amon, tasmin_Amon,",
b6af82f49dc7,BSC,s2024,dcpp-b,CMIP6,BSC,All,,Partial,"tasmax_Amon, tasmin_Amon,",
980c82d69c58,BSC,s2025,dcpp-b,CMIP6 Plus,BSC,All,,Partial,"tasmax_Amon, tasmin_Amon,",in publication
3db7a7ae0c73,UiB/NERSC,s1960,dcpp-a,CMIP6 Plus,noresg.nird.sigma2.no,All,,Partial,"zg500_AEday,  evspsbl_APmon, hurs_APmon, hus19_APmon, huss_APmon, mrsos_LPmon, prsn_APmon, rlds_APmon, sithick_SImon, snc_LImon, snd_LImon, tasmax_APmon, tasmin_APmon",Note 1: the source id of the system is NorCPM1
bfca8703c042,UiB/NERSC,s1961,dcpp-a,CMIP6 Plus,noresg.nird.sigma2.no,All,,Partial,"zg500_AEday,  evspsbl_APmon, hurs_APmon, hus19_APmon, huss_APmon, mrsos_LPmon, prsn_APmon, rlds_APmon, sithick_SImon, snc_LImon, snd_LImon, tasmax_APmon, tasmin_APmon",Note 2: data is indexed on DKRZ index (https://esgf-metagrid.cloud.dkrz.de/search)
1c8fcfe5dc6b,UiB/NERSC,s1962,dcpp-a,CMIP6 Plus,noresg.nird.sigma2.no,All,,Partial,"zg500_AEday,  evspsbl_APmon, hurs_APmon, hus19_APmon, huss_APmon, mrsos_LPmon, prsn_APmon, rlds_APmon, sithick_SImon, snc_LImon, snd_LImon, tasmax_APmon, tasmin_APmon","Note 3: in compliance with CMIP6Plus standard, the pressure level fields hus, ua, va are named hus19, ua19, va19"
22d947984bf0,UiB/NERSC,s1963,dcpp-a,CMIP6 Plus,noresg.nird.sigma2.no,All,,Partial,"zg500_AEday,  evspsbl_APmon, hurs_APmon, hus19_APmon, huss_APmon, mrsos_LPmon, prsn_APmon, rlds_APmon, sithick_SImon, snc_LImon, snd_LImon, tasmax_APmon, tasmin_APmon",
3940ac12bd1a,UiB/NERSC,s1964,dcpp-a,CMIP6 Plus,noresg.nird.sigma2.no,All,,Partial,"zg500_AEday,  evspsbl_APmon, hurs_APmon, hus19_APmon, huss_APmon, mrsos_LPmon, prsn_APmon, rlds_APmon, sithick_SImon, snc_LImon, snd_LImon, tasmax_APmon, tasmin_APmon",
1b128a5d8e2e,UiB/NERSC,s1965,dcpp-a,CMIP6 Plus,noresg.nird.sigma2.no,All,,Partial,"zg500_AEday,  evspsbl_APmon, hurs_APmon, hus19_APmon, huss_APmon, mrsos_LPmon, prsn_APmon, rlds_APmon, sithick_SImon, snc_LImon, snd_LImon, tasmax_APmon, tasmin_APmon",
e06958a03584,UiB/NERSC,s1966,dcpp-a,CMIP6 Plus,noresg.nird.sigma2.no,All,,Partial,"zg500_AEday,  evspsbl_APmon, hurs_APmon, hus19_APmon, huss_APmon, mrsos_LPmon, prsn_APmon, rlds_APmon, sithick_SImon, snc_LImon, snd_LImon, tasmax_APmon, tasmin_APmon",
5be4ea73833f,UiB/NERSC,s1967,dcpp-a,CMIP6 Plus,noresg.nird.sigma2.no,All,,Partial,"zg500_AEday,  evspsbl_APmon, hurs_APmon, hus19_APmon, huss_APmon, mrsos_LPmon, prsn_APmon, rlds_APmon, sithick_SImon, snc_LImon, snd_LImon, tasmax_APmon, tasmin_APmon",
1d68c61df53b,UiB/NERSC,s1968,dcpp-a,CMIP6 Plus,noresg.nird.sigma2.no,All,,Partial,"zg500_AEday,  evspsbl_APmon, hurs_APmon, hus19_APmon, huss_APmon, mrsos_LPmon, prsn_APmon, rlds_APmon, sithick_SImon, snc_LImon, snd_LImon, tasmax_APmon, tasmin_APmon",
ff52c70aeb23,UiB/NERSC,s1969,dcpp-a,CMIP6 Plus,noresg.nird.sigma2.no,All,,Partial,"zg500_AEday,  evspsbl_APmon, hurs_APmon, hus19_APmon, huss_APmon, mrsos_LPmon, prsn_APmon, rlds_APmon, sithick_SImon, snc_LImon, snd_LImon, tasmax_APmon, tasmin_APmon",
0752499b33a7,UiB/NERSC,s1970,dcpp-a,CMIP6 Plus,noresg.nird.sigma2.no,All,,Partial,"zg500_AEday,  evspsbl_APmon, hurs_APmon, hus19_APmon, huss_APmon, mrsos_LPmon, prsn_APmon, rlds_APmon, sithick_SImon, snc_LImon, snd_LImon, tasmax_APmon, tasmin_APmon",
7be6b72c7238,UiB/NERSC,s1971,dcpp-a,CMIP6 Plus,noresg.nird.sigma2.no,All,,Partial,"zg500_AEday,  evspsbl_APmon, hurs_APmon, hus19_APmon, huss_APmon, mrsos_LPmon, prsn_APmon, rlds_APmon, sithick_SImon, snc_LImon, snd_LImon, tasmax_APmon, tasmin_APmon",
5fbe2266fa16,UiB/NERSC,s1972,dcpp-a,CMIP6 Plus,noresg.nird.sigma2.no,All,,Partial,"zg500_AEday,  evspsbl_APmon, hurs_APmon, hus19_APmon, huss_APmon, mrsos_LPmon, prsn_APmon, rlds_APmon, sithick_SImon, snc_LImon, snd_LImon, tasmax_APmon, tasmin_APmon",
eabcec9e7c75,UiB/NERSC,s1973,dcpp-a,CMIP6 Plus,noresg.nird.sigma2.no,All,,Partial,"zg500_AEday,  evspsbl_APmon, hurs_APmon, hus19_APmon, huss_APmon, mrsos_LPmon, prsn_APmon, rlds_APmon, sithick_SImon, snc_LImon, snd_LImon, tasmax_APmon, tasmin_APmon",
65fc32d778cc,UiB/NERSC,s1974,dcpp-a,CMIP6 Plus,noresg.nird.sigma2.no,All,,Partial,"zg500_AEday,  evspsbl_APmon, hurs_APmon, hus19_APmon, huss_APmon, mrsos_LPmon, prsn_APmon, rlds_APmon, sithick_SImon, snc_LImon, snd_LImon, tasmax_APmon, tasmin_APmon",
207353b67fb9,UiB/NERSC,s1975,dcpp-a,CMIP6 Plus,noresg.nird.sigma2.no,All,,Partial,"zg500_AEday,  evspsbl_APmon, hurs_APmon, hus19_APmon, huss_APmon, mrsos_LPmon, prsn_APmon, rlds_APmon, sithick_SImon, snc_LImon, snd_LImon, tasmax_APmon, tasmin_APmon",
9b3fbac8bb19,UiB/NERSC,s1976,dcpp-a,CMIP6 Plus,noresg.nird.sigma2.no,All,,Partial,"zg500_AEday,  evspsbl_APmon, hurs_APmon, hus19_APmon, huss_APmon, mrsos_LPmon, prsn_APmon, rlds_APmon, sithick_SImon, snc_LImon, snd_LImon, tasmax_APmon, tasmin_APmon",
9318b7a8e6bd,UiB/NERSC,s1977,dcpp-a,CMIP6 Plus,noresg.nird.sigma2.no,All,,Partial,"zg500_AEday,  evspsbl_APmon, hurs_APmon, hus19_APmon, huss_APmon, mrsos_LPmon, prsn_APmon, rlds_APmon, sithick_SImon, snc_LImon, snd_LImon, tasmax_APmon, tasmin_APmon",
8b6beb55abd6,UiB/NERSC,s1978,dcpp-a,CMIP6 Plus,noresg.nird.sigma2.no,All,,Partial,"zg500_AEday,  evspsbl_APmon, hurs_APmon, hus19_APmon, huss_APmon, mrsos_LPmon, prsn_APmon, rlds_APmon, sithick_SImon, snc_LImon, snd_LImon, tasmax_APmon, tasmin_APmon",
6c9a0770836a,UiB/NERSC,s1979,dcpp-a,CMIP6 Plus,noresg.nird.sigma2.no,All,,Partial,"zg500_AEday,  evspsbl_APmon, hurs_APmon, hus19_APmon, huss_APmon, mrsos_LPmon, prsn_APmon, rlds_APmon, sithick_SImon, snc_LImon, snd_LImon, tasmax_APmon, tasmin_APmon",
250b9e5bc878,UiB/NERSC,s1980,dcpp-a,CMIP6 Plus,noresg.nird.sigma2.no,All,,Partial,"zg500_AEday,  evspsbl_APmon, hurs_APmon, hus19_APmon, huss_APmon, mrsos_LPmon, prsn_APmon, rlds_APmon, sithick_SImon, snc_LImon, snd_LImon, tasmax_APmon, tasmin_APmon",
738c0da39670,UiB/NERSC,s1981,dcpp-a,CMIP6 Plus,noresg.nird.sigma2.no,All,,Partial,"zg500_AEday,  evspsbl_APmon, hurs_APmon, hus19_APmon, huss_APmon, mrsos_LPmon, prsn_APmon, rlds_APmon, sithick_SImon, snc_LImon, snd_LImon, tasmax_APmon, tasmin_APmon",
9e9d8b208993,UiB/NERSC,s1982,dcpp-a,CMIP6 Plus,noresg.nird.sigma2.no,All,,Partial,"zg500_AEday,  evspsbl_APmon, hurs_APmon, hus19_APmon, huss_APmon, mrsos_LPmon, prsn_APmon, rlds_APmon, sithick_SImon, snc_LImon, snd_LImon, tasmax_APmon, tasmin_APmon",
9f1bec0ed974,UiB/NERSC,s1983,dcpp-a,CMIP6 Plus,noresg.nird.sigma2.no,All,,Partial,"zg500_AEday,  evspsbl_APmon, hurs_APmon, hus19_APmon, huss_APmon, mrsos_LPmon, prsn_APmon, rlds_APmon, sithick_SImon, snc_LImon, snd_LImon, tasmax_APmon, tasmin_APmon",
a0ebe60e3126,UiB/NERSC,s1984,dcpp-a,CMIP6 Plus,noresg.nird.sigma2.no,All,,Partial,"zg500_AEday,  evspsbl_APmon, hurs_APmon, hus19_APmon, huss_APmon, mrsos_LPmon, prsn_APmon, rlds_APmon, sithick_SImon, snc_LImon, snd_LImon, tasmax_APmon, tasmin_APmon",
265cc6d4b412,UiB/NERSC,s1985,dcpp-a,CMIP6 Plus,noresg.nird.sigma2.no,All,,Partial,"zg500_AEday,  evspsbl_APmon, hurs_APmon, hus19_APmon, huss_APmon, mrsos_LPmon, prsn_APmon, rlds_APmon, sithick_SImon, snc_LImon, snd_LImon, tasmax_APmon, tasmin_APmon",
762364757410,UiB/NERSC,s1986,dcpp-a,CMIP6 Plus,noresg.nird.sigma2.no,All,,Partial,"zg500_AEday,  evspsbl_APmon, hurs_APmon, hus19_APmon, huss_APmon, mrsos_LPmon, prsn_APmon, rlds_APmon, sithick_SImon, snc_LImon, snd_LImon, tasmax_APmon, tasmin_APmon",
1f12800221f1,UiB/NERSC,s1987,dcpp-a,CMIP6 Plus,noresg.nird.sigma2.no,All,,Partial,"zg500_AEday,  evspsbl_APmon, hurs_APmon, hus19_APmon, huss_APmon, mrsos_LPmon, prsn_APmon, rlds_APmon, sithick_SImon, snc_LImon, snd_LImon, tasmax_APmon, tasmin_APmon",
4bb70ea8154e,UiB/NERSC,s1988,dcpp-a,CMIP6 Plus,noresg.nird.sigma2.no,All,,Partial,"zg500_AEday,  evspsbl_APmon, hurs_APmon, hus19_APmon, huss_APmon, mrsos_LPmon, prsn_APmon, rlds_APmon, sithick_SImon, snc_LImon, snd_LImon, tasmax_APmon, tasmin_APmon",
701416ef2337,UiB/NERSC,s1989,dcpp-a,CMIP6 Plus,noresg.nird.sigma2.no,All,,Partial,"zg500_AEday,  evspsbl_APmon, hurs_APmon, hus19_APmon, huss_APmon, mrsos_LPmon, prsn_APmon, rlds_APmon, sithick_SImon, snc_LImon, snd_LImon, tasmax_APmon, tasmin_APmon",
54aa90049d9c,UiB/NERSC,s1990,dcpp-a,CMIP6 Plus,noresg.nird.sigma2.no,All,,Partial,"zg500_AEday,  evspsbl_APmon, hurs_APmon, hus19_APmon, huss_APmon, mrsos_LPmon, prsn_APmon, rlds_APmon, sithick_SImon, snc_LImon, snd_LImon, tasmax_APmon, tasmin_APmon",
3f98d68c3ea5,UiB/NERSC,s1991,dcpp-a,CMIP6 Plus,noresg.nird.sigma2.no,All,,Partial,"zg500_AEday,  evspsbl_APmon, hurs_APmon, hus19_APmon, huss_APmon, mrsos_LPmon, prsn_APmon, rlds_APmon, sithick_SImon, snc_LImon, snd_LImon, tasmax_APmon, tasmin_APmon",
9a4071eec921,UiB/NERSC,s1992,dcpp-a,CMIP6 Plus,noresg.nird.sigma2.no,All,,Partial,"zg500_AEday,  evspsbl_APmon, hurs_APmon, hus19_APmon, huss_APmon, mrsos_LPmon, prsn_APmon, rlds_APmon, sithick_SImon, snc_LImon, snd_LImon, tasmax_APmon, tasmin_APmon",
cffd67d2f7ac,UiB/NERSC,s1993,dcpp-a,CMIP6 Plus,noresg.nird.sigma2.no,All,,Partial,"zg500_AEday,  evspsbl_APmon, hurs_APmon, hus19_APmon, huss_APmon, mrsos_LPmon, prsn_APmon, rlds_APmon, sithick_SImon, snc_LImon, snd_LImon, tasmax_APmon, tasmin_APmon",
7c6ed8851eda,UiB/NERSC,s1994,dcpp-a,CMIP6 Plus,noresg.nird.sigma2.no,All,,Partial,"zg500_AEday,  evspsbl_APmon, hurs_APmon, hus19_APmon, huss_APmon, mrsos_LPmon, prsn_APmon, rlds_APmon, sithick_SImon, snc_LImon, snd_LImon, tasmax_APmon, tasmin_APmon",
eea42f3a4341,UiB/NERSC,s1995,dcpp-a,CMIP6 Plus,noresg.nird.sigma2.no,All,,Partial,"zg500_AEday,  evspsbl_APmon, hurs_APmon, hus19_APmon, huss_APmon, mrsos_LPmon, prsn_APmon, rlds_APmon, sithick_SImon, snc_LImon, snd_LImon, tasmax_APmon, tasmin_APmon",
4f2789222a89,UiB/NERSC,s1996,dcpp-a,CMIP6 Plus,noresg.nird.sigma2.no,All,,Partial,"zg500_AEday,  evspsbl_APmon, hurs_APmon, hus19_APmon, huss_APmon, mrsos_LPmon, prsn_APmon, rlds_APmon, sithick_SImon, snc_LImon, snd_LImon, tasmax_APmon, tasmin_APmon",
075dc64ae3ed,UiB/NERSC,s1997,dcpp-a,CMIP6 Plus,noresg.nird.sigma2.no,All,,Partial,"zg500_AEday,  evspsbl_APmon, hurs_APmon, hus19_APmon, huss_APmon, mrsos_LPmon, prsn_APmon, rlds_APmon, sithick_SImon, snc_LImon, snd_LImon, tasmax_APmon, tasmin_APmon",
1913fb201960,UiB/NERSC,s1998,dcpp-a,CMIP6 Plus,noresg.nird.sigma2.no,All,,Partial,"zg500_AEday,  evspsbl_APmon, hurs_APmon, hus19_APmon, huss_APmon, mrsos_LPmon, prsn_APmon, rlds_APmon, sithick_SImon, snc_LImon, snd_LImon, tasmax_APmon, tasmin_APmon",
89cf9cf532b4,UiB/NERSC,s1999,dcpp-a,CMIP6 Plus,noresg.nird.sigma2.no,All,,Partial,"zg500_AEday,  evspsbl_APmon, hurs_APmon, hus19_APmon, huss_APmon, mrsos_LPmon, prsn_APmon, rlds_APmon, sithick_SImon, snc_LImon, snd_LImon, tasmax_APmon, tasmin_APmon",
169a9f16f6f6,UiB/NERSC,s2000,dcpp-a,CMIP6 Plus,noresg.nird.sigma2.no,All,,Partial,"zg500_AEday,  evspsbl_APmon, hurs_APmon, hus19_APmon, huss_APmon, mrsos_LPmon, prsn_APmon, rlds_APmon, sithick_SImon, snc_LImon, snd_LImon, tasmax_APmon, tasmin_APmon",
eeb2c4c608b5,UiB/NERSC,s2001,dcpp-a,CMIP6 Plus,noresg.nird.sigma2.no,All,,Partial,"zg500_AEday,  evspsbl_APmon, hurs_APmon, hus19_APmon, huss_APmon, mrsos_LPmon, prsn_APmon, rlds_APmon, sithick_SImon, snc_LImon, snd_LImon, tasmax_APmon, tasmin_APmon",
b394326fa6de,UiB/NERSC,s2002,dcpp-a,CMIP6 Plus,noresg.nird.sigma2.no,All,,Partial,"zg500_AEday,  evspsbl_APmon, hurs_APmon, hus19_APmon, huss_APmon, mrsos_LPmon, prsn_APmon, rlds_APmon, sithick_SImon, snc_LImon, snd_LImon, tasmax_APmon, tasmin_APmon",
bcdb4b2206a2,UiB/NERSC,s2003,dcpp-a,CMIP6 Plus,noresg.nird.sigma2.no,All,,Partial,"zg500_AEday,  evspsbl_APmon, hurs_APmon, hus19_APmon, huss_APmon, mrsos_LPmon, prsn_APmon, rlds_APmon, sithick_SImon, snc_LImon, snd_LImon, tasmax_APmon, tasmin_APmon",
c168979320c5,UiB/NERSC,s2004,dcpp-a,CMIP6 Plus,noresg.nird.sigma2.no,All,,Partial,"zg500_AEday,  evspsbl_APmon, hurs_APmon, hus19_APmon, huss_APmon, mrsos_LPmon, prsn_APmon, rlds_APmon, sithick_SImon, snc_LImon, snd_LImon, tasmax_APmon, tasmin_APmon",
011b2351316d,UiB/NERSC,s2005,dcpp-a,CMIP6 Plus,noresg.nird.sigma2.no,All,,Partial,"zg500_AEday,  evspsbl_APmon, hurs_APmon, hus19_APmon, huss_APmon, mrsos_LPmon, prsn_APmon, rlds_APmon, sithick_SImon, snc_LImon, snd_LImon, tasmax_APmon, tasmin_APmon",
c74696409fc7,UiB/NERSC,s2006,dcpp-a,CMIP6 Plus,noresg.nird.sigma2.no,All,,Partial,"zg500_AEday,  evspsbl_APmon, hurs_APmon, hus19_APmon, huss_APmon, mrsos_LPmon, prsn_APmon, rlds_APmon, sithick_SImon, snc_LImon, snd_LImon, tasmax_APmon, tasmin_APmon",
024cccdfc886,UiB/NERSC,s2007,dcpp-a,CMIP6 Plus,noresg.nird.sigma2.no,All,,Partial,"zg500_AEday,  evspsbl_APmon, hurs_APmon, hus19_APmon, huss_APmon, mrsos_LPmon, prsn_APmon, rlds_APmon, sithick_SImon, snc_LImon, snd_LImon, tasmax_APmon, tasmin_APmon",
0b2360780ff2,UiB/NERSC,s2008,dcpp-a,CMIP6 Plus,noresg.nird.sigma2.no,All,,Partial,"zg500_AEday,  evspsbl_APmon, hurs_APmon, hus19_APmon, huss_APmon, mrsos_LPmon, prsn_APmon, rlds_APmon, sithick_SImon, snc_LImon, snd_LImon, tasmax_APmon, tasmin_APmon",
f6de2dacddbf,UiB/NERSC,s2009,dcpp-a,CMIP6 Plus,noresg.nird.sigma2.no,All,,Partial,"zg500_AEday,  evspsbl_APmon, hurs_APmon, hus19_APmon, huss_APmon, mrsos_LPmon, prsn_APmon, rlds_APmon, sithick_SImon, snc_LImon, snd_LImon, tasmax_APmon, tasmin_APmon",
45be720be429,UiB/NERSC,s2010,dcpp-a,CMIP6 Plus,noresg.nird.sigma2.no,All,,Partial,"zg500_AEday,  evspsbl_APmon, hurs_APmon, hus19_APmon, huss_APmon, mrsos_LPmon, prsn_APmon, rlds_APmon, sithick_SImon, snc_LImon, snd_LImon, tasmax_APmon, tasmin_APmon",
e32dbf98b206,UiB/NERSC,s2011,dcpp-a,CMIP6 Plus,noresg.nird.sigma2.no,All,,Partial,"zg500_AEday,  evspsbl_APmon, hurs_APmon, hus19_APmon, huss_APmon, mrsos_LPmon, prsn_APmon, rlds_APmon, sithick_SImon, snc_LImon, snd_LImon, tasmax_APmon, tasmin_APmon",
0a491bd31e74,UiB/NERSC,s2012,dcpp-a,CMIP6 Plus,noresg.nird.sigma2.no,All,,Partial,"zg500_AEday,  evspsbl_APmon, hurs_APmon, hus19_APmon, huss_APmon, mrsos_LPmon, prsn_APmon, rlds_APmon, sithick_SImon, snc_LImon, snd_LImon, tasmax_APmon, tasmin_APmon",
5fe1c877e7d7,UiB/NERSC,s2013,dcpp-a,CMIP6 Plus,noresg.nird.sigma2.no,All,,Partial,"zg500_AEday,  evspsbl_APmon, hurs_APmon, hus19_APmon, huss_APmon, mrsos_LPmon, prsn_APmon, rlds_APmon, sithick_SImon, snc_LImon, snd_LImon, tasmax_APmon, tasmin_APmon",
e65fa5eed50d,UiB/NERSC,s2014,dcpp-a,CMIP6 Plus,noresg.nird.sigma2.no,All,,Partial,"zg500_AEday,  evspsbl_APmon, hurs_APmon, hus19_APmon, huss_APmon, mrsos_LPmon, prsn_APmon, rlds_APmon, sithick_SImon, snc_LImon, snd_LImon, tasmax_APmon, tasmin_APmon",
f1a74f1b9676,UiB/NERSC,s2015,dcpp-a,CMIP6 Plus,noresg.nird.sigma2.no,All,,Partial,"zg500_AEday,  evspsbl_APmon, hurs_APmon, hus19_APmon, huss_APmon, mrsos_LPmon, prsn_APmon, rlds_APmon, sithick_SImon, snc_LImon, snd_LImon, tasmax_APmon, tasmin_APmon",
43eebea0eb21,UiB/NERSC,s2016,dcpp-a,CMIP6 Plus,noresg.nird.sigma2.no,All,,Partial,"zg500_AEday,  evspsbl_APmon, hurs_APmon, hus19_APmon, huss_APmon, mrsos_LPmon, prsn_APmon, rlds_APmon, sithick_SImon, snc_LImon, snd_LImon, tasmax_APmon, tasmin_APmon",
33f9a92b5f1f,UiB/NERSC,s2017,dcpp-a,CMIP6 Plus,noresg.nird.sigma2.no,All,,Partial,"zg500_AEday,  evspsbl_APmon, hurs_APmon, hus19_APmon, huss_APmon, mrsos_LPmon, prsn_APmon, rlds_APmon, sithick_SImon, snc_LImon, snd_LImon, tasmax_APmon, tasmin_APmon",
a96d0d9b4359,UiB/NERSC,s2018,dcpp-a,CMIP6 Plus,noresg.nird.sigma2.no,All,,Partial,"zg500_AEday,  evspsbl_APmon, hurs_APmon, hus19_APmon, huss_APmon, mrsos_LPmon, prsn_APmon, rlds_APmon, sithick_SImon, snc_LImon, snd_LImon, tasmax_APmon, tasmin_APmon",
da886fb90ccb,UiB/NERSC,s2019,dcpp-a,CMIP6 Plus,noresg.nird.sigma2.no,All,,Partial,"zg500_AEday,  evspsbl_APmon, hurs_APmon, hus19_APmon, huss_APmon, mrsos_LPmon, prsn_APmon, rlds_APmon, sithick_SImon, snc_LImon, snd_LImon, tasmax_APmon, tasmin_APmon",
be60ec04ccfa,UiB/NERSC,s2020,dcpp-b,CMIP6 Plus,noresg.nird.sigma2.no,All,,Partial,"zg500_AEday,  evspsbl_APmon, hurs_APmon, hus19_APmon, huss_APmon, mrsos_LPmon, prsn_APmon, rlds_APmon, sithick_SImon, snc_LImon, snd_LImon, tasmax_APmon, tasmin_APmon",
e48d2fe04f82,UiB/NERSC,s2021,dcpp-b,CMIP6 Plus,noresg.nird.sigma2.no,All,,Partial,"zg500_AEday,  evspsbl_APmon, hurs_APmon, hus19_APmon, huss_APmon, mrsos_LPmon, prsn_APmon, rlds_APmon, sithick_SImon, snc_LImon, snd_LImon, tasmax_APmon, tasmin_APmon",
05ca2535e56c,UiB/NERSC,s2022,dcpp-b,CMIP6 Plus,noresg.nird.sigma2.no,All,,Partial,"zg500_AEday,  evspsbl_APmon, hurs_APmon, hus19_APmon, huss_APmon, mrsos_LPmon, prsn_APmon, rlds_APmon, sithick_SImon, snc_LImon, snd_LImon, tasmax_APmon, tasmin_APmon",
b9ea2b7454e4,UiB/NERSC,s2023,dcpp-b,CMIP6 Plus,noresg.nird.sigma2.no,All,,Partial,"zg500_AEday,  evspsbl_APmon, hurs_APmon, hus19_APmon, huss_APmon, mrsos_LPmon, prsn_APmon, rlds_APmon, sithick_SImon, snc_LImon, snd_LImon, tasmax_APmon, tasmin_APmon",
95bcdd4d864c,UiB/NERSC,s2024,dcpp-b,CMIP6 Plus,noresg.nird.sigma2.no,All,,Partial,"zg500_AEday,  evspsbl_APmon, hurs_APmon, hus19_APmon, huss_APmon, mrsos_LPmon, prsn_APmon, rlds_APmon, sithick_SImon, snc_LImon, snd_LImon, tasmax_APmon, tasmin_APmon",
264b77870f99,UiB/NERSC,s2025,dcpp-b,CMIP6 Plus,noresg.nird.sigma2.no,All,,Partial,"zg500_AEday,  evspsbl_APmon, hurs_APmon, hus19_APmon, huss_APmon, mrsos_LPmon, prsn_APmon, rlds_APmon, sithick_SImon, snc_LImon, snd_LImon, tasmax_APmon, tasmin_APmon",
223d66959419,DWD,s1960,dcpp-a,CMIP6 Plus,DKRZ,Partial,"pr_APday,pr_APmon,psl_APday,psl_APmon,rsds_APday,rsds_APmon,sfcWind_APday,sfcWind_APmon,tas_APday,tas_APmon,tasmax_APday,tasmin_APday,uas_APday,uas_APmon,vas_APday,vas_APmon,clt_APday,clt_APmon,prsn_APday,prsn_APmon,psl_APday,psl_APmon,rlut_APday,rlut_APmon,rsds_APday,rsds_APmon,ta_APmon,tas_APday,tas_APmon,ts_APmon,ua19_APmon,uas_APday,uas_APmon,va19_APmon,vas_APday,vas_APmon,zg_APmon,",Partial,"evspsbl_APmon,hus19_APmon,prsn_APday,prsn_APmon,rlds_APday,rlds_APmon,tasmax_APmon,tasmin_APmon,",uas_APday_MPI-ESM1-2-LR_dcppA-hindcast_s1960-r1i1p1f1_gn_19601101-19701231.nchur_APmon_MPI-ESM1-2-LR_dcppA-hindcast_s1960-r6i1p1f1_gn_196011-197012.ncwap_APmon_MPI-ESM1-2-LR_dcppA-hindcast_s1960-r6i1p1f1_gn_196011-197012.nc
d712cd31e2b6,DWD,s1961,dcpp-a,CMIP6 Plus,DKRZ,Partial,"pr_APday,pr_APmon,psl_APday,psl_APmon,rsds_APday,rsds_APmon,sfcWind_APday,sfcWind_APmon,tas_APday,tas_APmon,tasmax_APday,tasmin_APday,uas_APday,uas_APmon,vas_APday,vas_APmon,clt_APday,clt_APmon,prsn_APday,prsn_APmon,psl_APday,psl_APmon,rlut_APday,rlut_APmon,rsds_APday,rsds_APmon,ta_APmon,tas_APday,tas_APmon,ts_APmon,ua19_APmon,uas_APday,uas_APmon,va19_APmon,vas_APday,vas_APmon,zg_APmon,",Partial,"evspsbl_APmon,hus19_APmon,prsn_APday,prsn_APmon,rlds_APday,rlds_APmon,tasmax_APmon,tasmin_APmon,",
9790e6d7041b,DWD,s1962,dcpp-a,CMIP6 Plus,DKRZ,Partial,"pr_APday,pr_APmon,psl_APday,psl_APmon,rsds_APday,rsds_APmon,sfcWind_APday,sfcWind_APmon,tas_APday,tas_APmon,tasmax_APday,tasmin_APday,uas_APday,uas_APmon,vas_APday,vas_APmon,clt_APday,clt_APmon,prsn_APday,prsn_APmon,psl_APday,psl_APmon,rlut_APday,rlut_APmon,rsds_APday,rsds_APmon,ta_APmon,tas_APday,tas_APmon,ts_APmon,ua19_APmon,uas_APday,uas_APmon,va19_APmon,vas_APday,vas_APmon,zg_APmon,",Partial,"evspsbl_APmon,hus19_APmon,prsn_APday,prsn_APmon,rlds_APday,rlds_APmon,tasmax_APmon,tasmin_APmon,",
94b0c924d257,DWD,s1963,dcpp-a,CMIP6 Plus,DKRZ,Partial,"pr_APday,pr_APmon,psl_APday,psl_APmon,rsds_APday,rsds_APmon,sfcWind_APday,sfcWind_APmon,tas_APday,tas_APmon,tasmax_APday,tasmin_APday,uas_APday,uas_APmon,vas_APday,vas_APmon,clt_APday,clt_APmon,prsn_APday,prsn_APmon,psl_APday,psl_APmon,rlut_APday,rlut_APmon,rsds_APday,rsds_APmon,ta_APmon,tas_APday,tas_APmon,ts_APmon,ua19_APmon,uas_APday,uas_APmon,va19_APmon,vas_APday,vas_APmon,zg_APmon,",Partial,"evspsbl_APmon,hus19_APmon,prsn_APday,prsn_APmon,rlds_APday,rlds_APmon,tasmax_APmon,tasmin_APmon,",
1525a9991c40,DWD,s1964,dcpp-a,CMIP6 Plus,DKRZ,Partial,"pr_APday,pr_APmon,psl_APday,psl_APmon,rsds_APday,rsds_APmon,sfcWind_APday,sfcWind_APmon,tas_APday,tas_APmon,tasmax_APday,tasmin_APday,uas_APday,uas_APmon,vas_APday,vas_APmon,clt_APday,clt_APmon,prsn_APday,prsn_APmon,psl_APday,psl_APmon,rlut_APday,rlut_APmon,rsds_APday,rsds_APmon,ta_APmon,tas_APday,tas_APmon,ts_APmon,ua19_APmon,uas_APday,uas_APmon,va19_APmon,vas_APday,vas_APmon,zg_APmon,",Partial,"evspsbl_APmon,hus19_APmon,prsn_APday,prsn_APmon,rlds_APday,rlds_APmon,tasmax_APmon,tasmin_APmon,",
cb530da8b94c,DWD,s1965,dcpp-a,CMIP6 Plus,DKRZ,Partial,"pr_APday,pr_APmon,psl_APday,psl_APmon,rsds_APday,rsds_APmon,sfcWind_APday,sfcWind_APmon,tas_APday,tas_APmon,tasmax_APday,tasmin_APday,uas_APday,uas_APmon,vas_APday,vas_APmon,clt_APday,clt_APmon,prsn_APday,prsn_APmon,psl_APday,psl_APmon,rlut_APday,rlut_APmon,rsds_APday,rsds_APmon,ta_APmon,tas_APday,tas_APmon,ts_APmon,ua19_APmon,uas_APday,uas_APmon,va19_APmon,vas_APday,vas_APmon,zg_APmon,",Partial,"evspsbl_APmon,hus19_APmon,prsn_APday,prsn_APmon,rlds_APday,rlds_APmon,tasmax_APmon,tasmin_APmon,",
f401b7987cc7,DWD,s1966,dcpp-a,CMIP6 Plus,DKRZ,Partial,"pr_APday,pr_APmon,psl_APday,psl_APmon,rsds_APday,rsds_APmon,sfcWind_APday,sfcWind_APmon,tas_APday,tas_APmon,tasmax_APday,tasmin_APday,uas_APday,uas_APmon,vas_APday,vas_APmon,clt_APday,clt_APmon,prsn_APday,prsn_APmon,psl_APday,psl_APmon,rlut_APday,rlut_APmon,rsds_APday,rsds_APmon,ta_APmon,tas_APday,tas_APmon,ts_APmon,ua19_APmon,uas_APday,uas_APmon,va19_APmon,vas_APday,vas_APmon,zg_APmon,",Partial,"evspsbl_APmon,hus19_APmon,prsn_APday,prsn_APmon,rlds_APday,rlds_APmon,tasmax_APmon,tasmin_APmon,",
6afae724b462,DWD,s1967,dcpp-a,CMIP6 Plus,DKRZ,Partial,"pr_APday,pr_APmon,psl_APday,psl_APmon,rsds_APday,rsds_APmon,sfcWind_APday,sfcWind_APmon,tas_APday,tas_APmon,tasmax_APday,tasmin_APday,uas_APday,uas_APmon,vas_APday,vas_APmon,clt_APday,clt_APmon,prsn_APday,prsn_APmon,psl_APday,psl_APmon,rlut_APday,rlut_APmon,rsds_APday,rsds_APmon,ta_APmon,tas_APday,tas_APmon,ts_APmon,ua19_APmon,uas_APday,uas_APmon,va19_APmon,vas_APday,vas_APmon,zg_APmon,",Partial,"evspsbl_APmon,hus19_APmon,prsn_APday,prsn_APmon,rlds_APday,rlds_APmon,tasmax_APmon,tasmin_APmon,",
4ac1eaeed6f5,DWD,s1968,dcpp-a,CMIP6 Plus,DKRZ,Partial,"pr_APday,pr_APmon,psl_APday,psl_APmon,rsds_APday,rsds_APmon,sfcWind_APday,sfcWind_APmon,tas_APday,tas_APmon,tasmax_APday,tasmin_APday,uas_APday,uas_APmon,vas_APday,vas_APmon,clt_APday,clt_APmon,prsn_APday,prsn_APmon,psl_APday,psl_APmon,rlut_APday,rlut_APmon,rsds_APday,rsds_APmon,ta_APmon,tas_APday,tas_APmon,ts_APmon,ua19_APmon,uas_APday,uas_APmon,va19_APmon,vas_APday,vas_APmon,zg_APmon,",Partial,"evspsbl_APmon,hus19_APmon,prsn_APday,prsn_APmon,rlds_APday,rlds_APmon,tasmax_APmon,tasmin_APmon,",
acf9319b76dc,DWD,s1969,dcpp-a,CMIP6 Plus,DKRZ,Partial,"pr_APday,pr_APmon,psl_APday,psl_APmon,rsds_APday,rsds_APmon,sfcWind_APday,sfcWind_APmon,tas_APday,tas_APmon,tasmax_APday,tasmin_APday,uas_APday,uas_APmon,vas_APday,vas_APmon,clt_APday,clt_APmon,prsn_APday,prsn_APmon,psl_APday,psl_APmon,rlut_APday,rlut_APmon,rsds_APday,rsds_APmon,ta_APmon,tas_APday,tas_APmon,ts_APmon,ua19_APmon,uas_APday,uas_APmon,va19_APmon,vas_APday,vas_APmon,zg_APmon,",Partial,"evspsbl_APmon,hus19_APmon,prsn_APday,prsn_APmon,rlds_APday,rlds_APmon,tasmax_APmon,tasmin_APmon,",
f3fcf5d08f0d,DWD,s1970,dcpp-a,CMIP6 Plus,DKRZ,Partial,"pr_APday,pr_APmon,psl_APday,psl_APmon,rsds_APday,rsds_APmon,sfcWind_APday,sfcWind_APmon,tas_APday,tas_APmon,tasmax_APday,tasmin_APday,uas_APday,uas_APmon,vas_APday,vas_APmon,clt_APday,clt_APmon,prsn_APday,prsn_APmon,psl_APday,psl_APmon,rlut_APday,rlut_APmon,rsds_APday,rsds_APmon,ta_APmon,tas_APday,tas_APmon,ts_APmon,ua19_APmon,uas_APday,uas_APmon,va19_APmon,vas_APday,vas_APmon,zg_APmon,",Partial,"evspsbl_APmon,hus19_APmon,prsn_APday,prsn_APmon,rlds_APday,rlds_APmon,tasmax_APmon,tasmin_APmon,",
852bd7a25432,DWD,s1971,dcpp-a,CMIP6 Plus,DKRZ,Partial,"pr_APday,pr_APmon,psl_APday,psl_APmon,rsds_APday,rsds_APmon,sfcWind_APday,sfcWind_APmon,tas_APday,tas_APmon,tasmax_APday,tasmin_APday,uas_APday,uas_APmon,vas_APday,vas_APmon,clt_APday,clt_APmon,prsn_APday,prsn_APmon,psl_APday,psl_APmon,rlut_APday,rlut_APmon,rsds_APday,rsds_APmon,ta_APmon,tas_APday,tas_APmon,ts_APmon,ua19_APmon,uas_APday,uas_APmon,va19_APmon,vas_APday,vas_APmon,zg_APmon,",Partial,"evspsbl_APmon,hus19_APmon,prsn_APday,prsn_APmon,rlds_APday,rlds_APmon,tasmax_APmon,tasmin_APmon,",
3ca887e3ed6c,DWD,s1972,dcpp-a,CMIP6 Plus,DKRZ,Partial,"pr_APday,pr_APmon,psl_APday,psl_APmon,rsds_APday,rsds_APmon,sfcWind_APday,sfcWind_APmon,tas_APday,tas_APmon,tasmax_APday,tasmin_APday,uas_APday,uas_APmon,vas_APday,vas_APmon,clt_APday,clt_APmon,prsn_APday,prsn_APmon,psl_APday,psl_APmon,rlut_APday,rlut_APmon,rsds_APday,rsds_APmon,ta_APmon,tas_APday,tas_APmon,ts_APmon,ua19_APmon,uas_APday,uas_APmon,va19_APmon,vas_APday,vas_APmon,zg_APmon,",Partial,"evspsbl_APmon,hus19_APmon,prsn_APday,prsn_APmon,rlds_APday,rlds_APmon,tasmax_APmon,tasmin_APmon,",hfls_APday_MPI-ESM1-2-LR_dcppA-hindcast_s1972-r11i1p1f1_gn_19721101-19821231.ncrsds_APday_MPI-ESM1-2-LR_dcppA-hindcast_s1972-r11i1p1f1_gn_19721101-19821231.nctauu_APday_MPI-ESM1-2-LR_dcppA-hindcast_s1972-r11i1p1f1_gn_19721101-19821231.nc
fd590a48aad3,DWD,s1973,dcpp-a,CMIP6 Plus,DKRZ,Partial,"pr_APday,pr_APmon,psl_APday,psl_APmon,rsds_APday,rsds_APmon,sfcWind_APday,sfcWind_APmon,tas_APday,tas_APmon,tasmax_APday,tasmin_APday,uas_APday,uas_APmon,vas_APday,vas_APmon,clt_APday,clt_APmon,prsn_APday,prsn_APmon,psl_APday,psl_APmon,rlut_APday,rlut_APmon,rsds_APday,rsds_APmon,ta_APmon,tas_APday,tas_APmon,ts_APmon,ua19_APmon,uas_APday,uas_APmon,va19_APmon,vas_APday,vas_APmon,zg_APmon,",Partial,"evspsbl_APmon,hus19_APmon,prsn_APday,prsn_APmon,rlds_APday,rlds_APmon,tasmax_APmon,tasmin_APmon,",
20e0085af355,DWD,s1974,dcpp-a,CMIP6 Plus,DKRZ,Partial,"pr_APday,pr_APmon,psl_APday,psl_APmon,rsds_APday,rsds_APmon,sfcWind_APday,sfcWind_APmon,tas_APday,tas_APmon,tasmax_APday,tasmin_APday,uas_APday,uas_APmon,vas_APday,vas_APmon,clt_APday,clt_APmon,prsn_APday,prsn_APmon,psl_APday,psl_APmon,rlut_APday,rlut_APmon,rsds_APday,rsds_APmon,ta_APmon,tas_APday,tas_APmon,ts_APmon,ua19_APmon,uas_APday,uas_APmon,va19_APmon,vas_APday,vas_APmon,zg_APmon,",Partial,"evspsbl_APmon,hus19_APmon,prsn_APday,prsn_APmon,rlds_APday,rlds_APmon,tasmax_APmon,tasmin_APmon,",
191ad42d33d7,DWD,s1975,dcpp-a,CMIP6 Plus,DKRZ,Partial,"pr_APday,pr_APmon,psl_APday,psl_APmon,rsds_APday,rsds_APmon,sfcWind_APday,sfcWind_APmon,tas_APday,tas_APmon,tasmax_APday,tasmin_APday,uas_APday,uas_APmon,vas_APday,vas_APmon,clt_APday,clt_APmon,prsn_APday,prsn_APmon,psl_APday,psl_APmon,rlut_APday,rlut_APmon,rsds_APday,rsds_APmon,ta_APmon,tas_APday,tas_APmon,ts_APmon,ua19_APmon,uas_APday,uas_APmon,va19_APmon,vas_APday,vas_APmon,zg_APmon,",Partial,"evspsbl_APmon,hus19_APmon,prsn_APday,prsn_APmon,rlds_APday,rlds_APmon,tasmax_APmon,tasmin_APmon,",
0791e012e3cd,DWD,s1976,dcpp-a,CMIP6 Plus,DKRZ,Partial,"pr_APday,pr_APmon,psl_APday,psl_APmon,rsds_APday,rsds_APmon,sfcWind_APday,sfcWind_APmon,tas_APday,tas_APmon,tasmax_APday,tasmin_APday,uas_APday,uas_APmon,vas_APday,vas_APmon,clt_APday,clt_APmon,prsn_APday,prsn_APmon,psl_APday,psl_APmon,rlut_APday,rlut_APmon,rsds_APday,rsds_APmon,ta_APmon,tas_APday,tas_APmon,ts_APmon,ua19_APmon,uas_APday,uas_APmon,va19_APmon,vas_APday,vas_APmon,zg_APmon,",Partial,"evspsbl_APmon,hus19_APmon,prsn_APday,prsn_APmon,rlds_APday,rlds_APmon,tasmax_APmon,tasmin_APmon,",
2fe56f071390,DWD,s1977,dcpp-a,CMIP6 Plus,DKRZ,Partial,"pr_APday,pr_APmon,psl_APday,psl_APmon,rsds_APday,rsds_APmon,sfcWind_APday,sfcWind_APmon,tas_APday,tas_APmon,tasmax_APday,tasmin_APday,uas_APday,uas_APmon,vas_APday,vas_APmon,clt_APday,clt_APmon,prsn_APday,prsn_APmon,psl_APday,psl_APmon,rlut_APday,rlut_APmon,rsds_APday,rsds_APmon,ta_APmon,tas_APday,tas_APmon,ts_APmon,ua19_APmon,uas_APday,uas_APmon,va19_APmon,vas_APday,vas_APmon,zg_APmon,",Partial,"evspsbl_APmon,hus19_APmon,prsn_APday,prsn_APmon,rlds_APday,rlds_APmon,tasmax_APmon,tasmin_APmon,",
1ed86dc7db89,DWD,s1978,dcpp-a,CMIP6 Plus,DKRZ,Partial,"pr_APday,pr_APmon,psl_APday,psl_APmon,rsds_APday,rsds_APmon,sfcWind_APday,sfcWind_APmon,tas_APday,tas_APmon,tasmax_APday,tasmin_APday,uas_APday,uas_APmon,vas_APday,vas_APmon,clt_APday,clt_APmon,prsn_APday,prsn_APmon,psl_APday,psl_APmon,rlut_APday,rlut_APmon,rsds_APday,rsds_APmon,ta_APmon,tas_APday,tas_APmon,ts_APmon,ua19_APmon,uas_APday,uas_APmon,va19_APmon,vas_APday,vas_APmon,zg_APmon,",Partial,"evspsbl_APmon,hus19_APmon,prsn_APday,prsn_APmon,rlds_APday,rlds_APmon,tasmax_APmon,tasmin_APmon,",wap_APmon_MPI-ESM1-2-LR_dcppA-hindcast_s1978-r10i1p1f1_gn_197811-198812.ncwap_APmon_MPI-ESM1-2-LR_dcppA-hindcast_s1978-r11i1p1f1_gn_197811-198812.ncwap_APmon_MPI-ESM1-2-LR_dcppA-hindcast_s1978-r12i1p1f1_gn_197811-198812.nc
09b8930583c5,DWD,s1979,dcpp-a,CMIP6 Plus,DKRZ,Partial,"pr_APday,pr_APmon,psl_APday,psl_APmon,rsds_APday,rsds_APmon,sfcWind_APday,sfcWind_APmon,tas_APday,tas_APmon,tasmax_APday,tasmin_APday,uas_APday,uas_APmon,vas_APday,vas_APmon,clt_APday,clt_APmon,prsn_APday,prsn_APmon,psl_APday,psl_APmon,rlut_APday,rlut_APmon,rsds_APday,rsds_APmon,ta_APmon,tas_APday,tas_APmon,ts_APmon,ua19_APmon,uas_APday,uas_APmon,va19_APmon,vas_APday,vas_APmon,zg_APmon,",Partial,"evspsbl_APmon,hus19_APmon,prsn_APday,prsn_APmon,rlds_APday,rlds_APmon,tasmax_APmon,tasmin_APmon,",
8afcd510b4fd,DWD,s1980,dcpp-a,CMIP6 Plus,DKRZ,Partial,"pr_APday,pr_APmon,psl_APday,psl_APmon,rsds_APday,rsds_APmon,sfcWind_APday,sfcWind_APmon,tas_APday,tas_APmon,tasmax_APday,tasmin_APday,uas_APday,uas_APmon,vas_APday,vas_APmon,clt_APday,clt_APmon,prsn_APday,prsn_APmon,psl_APday,psl_APmon,rlut_APday,rlut_APmon,rsds_APday,rsds_APmon,ta_APmon,tas_APday,tas_APmon,ts_APmon,ua19_APmon,uas_APday,uas_APmon,va19_APmon,vas_APday,vas_APmon,zg_APmon,",Partial,"evspsbl_APmon,hus19_APmon,prsn_APday,prsn_APmon,rlds_APday,rlds_APmon,tasmax_APmon,tasmin_APmon,",prc_APday_MPI-ESM1-2-LR_dcppA-hindcast_s1980-r3i1p1f1_gn_19801101-19901231.ncprsn_APday_MPI-ESM1-2-LR_dcppA-hindcast_s1980-r3i1p1f1_gn_19801101-19901231.ncrlds_APday_MPI-ESM1-2-LR_dcppA-hindcast_s1980-r3i1p1f1_gn_19801101-19901231.ncrls_APday_MPI-ESM1-2-LR_dcppA-hindcast_s1980-r3i1p1f1_gn_19801101-19901231.ncrlut_APday_MPI-ESM1-2-LR_dcppA-hindcast_s1980-r3i1p1f1_gn_19801101-19901231.ncrsds_APday_MPI-ESM1-2-LR_dcppA-hindcast_s1980-r3i1p1f1_gn_19801101-19901231.ncrsdt_APday_MPI-ESM1-2-LR_dcppA-hindcast_s1980-r3i1p1f1_gn_19801101-19901231.ncrsut_APday_MPI-ESM1-2-LR_dcppA-hindcast_s1980-r3i1p1f1_gn_19801101-19901231.ncsfcWind_APday_MPI-ESM1-2-LR_dcppA-hindcast_s1980-r3i1p1f1_gn_19801101-19901231.nctauu_APday_MPI-ESM1-2-LR_dcppA-hindcast_s1980-r3i1p1f1_gn_19801101-19901231.nctauv_APday_MPI-ESM1-2-LR_dcppA-hindcast_s1980-r3i1p1f1_gn_19801101-19901231.nctdps_APday_MPI-ESM1-2-LR_dcppA-hindcast_s1980-r3i1p1f1_gn_19801101-19901231.nchur_APmon_MPI-ESM1-2-LR_dcppA-hindcast_s1980-r3i1p1f1_gn_198011-199012.nchus19_APmon_MPI-ESM1-2-LR_dcppA-hindcast_s1980-r3i1p1f1_gn_198011-199012.ncta_APmon_MPI-ESM1-2-LR_dcppA-hindcast_s1980-r3i1p1f1_gn_198011-199012.nctasmax_APmon_MPI-ESM1-2-LR_dcppA-hindcast_s1980-r3i1p1f1_gn_198011-199012.nctasmin_APmon_MPI-ESM1-2-LR_dcppA-hindcast_s1980-r3i1p1f1_gn_198011-199012.ncua19_APmon_MPI-ESM1-2-LR_dcppA-hindcast_s1980-r3i1p1f1_gn_198011-199012.ncva19_APmon_MPI-ESM1-2-LR_dcppA-hindcast_s1980-r3i1p1f1_gn_198011-199012.ncwap_APmon_MPI-ESM1-2-LR_dcppA-hindcast_s1980-r3i1p1f1_gn_198011-199012.nczg_APmon_MPI-ESM1-2-LR_dcppA-hindcast_s1980-r3i1p1f1_gn_198011-199012.nc
4025a329392e,DWD,s1981,dcpp-a,CMIP6 Plus,DKRZ,Partial,"pr_APday,pr_APmon,psl_APday,psl_APmon,rsds_APday,rsds_APmon,sfcWind_APday,sfcWind_APmon,tas_APday,tas_APmon,tasmax_APday,tasmin_APday,uas_APday,uas_APmon,vas_APday,vas_APmon,clt_APday,clt_APmon,prsn_APday,prsn_APmon,psl_APday,psl_APmon,rlut_APday,rlut_APmon,rsds_APday,rsds_APmon,ta_APmon,tas_APday,tas_APmon,ts_APmon,ua19_APmon,uas_APday,uas_APmon,va19_APmon,vas_APday,vas_APmon,zg_APmon,",Partial,"evspsbl_APmon,hus19_APmon,prsn_APday,prsn_APmon,rlds_APday,rlds_APmon,tasmax_APmon,tasmin_APmon,",hus8_APday_MPI-ESM1-2-LR_dcppA-hindcast_s1983-r16i1p1f1_gn_19831101-19931231.ncprc_APday_MPI-ESM1-2-LR_dcppA-hindcast_s1983-r16i1p1f1_gn_19831101-19931231.ncprsn_APday_MPI-ESM1-2-LR_dcppA-hindcast_s1983-r16i1p1f1_gn_19831101-19931231.ncrlds_APday_MPI-ESM1-2-LR_dcppA-hindcast_s1983-r16i1p1f1_gn_19831101-19931231.ncrls_APday_MPI-ESM1-2-LR_dcppA-hindcast_s1983-r16i1p1f1_gn_19831101-19931231.ncrlut_APday_MPI-ESM1-2-LR_dcppA-hindcast_s1983-r16i1p1f1_gn_19831101-19931231.ncrsds_APday_MPI-ESM1-2-LR_dcppA-hindcast_s1983-r16i1p1f1_gn_19831101-19931231.ncrsdt_APday_MPI-ESM1-2-LR_dcppA-hindcast_s1983-r16i1p1f1_gn_19831101-19931231.ncrsut_APday_MPI-ESM1-2-LR_dcppA-hindcast_s1983-r16i1p1f1_gn_19831101-19931231.ncsfcWind_APday_MPI-ESM1-2-LR_dcppA-hindcast_s1983-r16i1p1f1_gn_19831101-19931231.nctauu_APday_MPI-ESM1-2-LR_dcppA-hindcast_s1983-r16i1p1f1_gn_19831101-19931231.nctauv_APday_MPI-ESM1-2-LR_dcppA-hindcast_s1983-r16i1p1f1_gn_19831101-19931231.nctdps_APday_MPI-ESM1-2-LR_dcppA-hindcast_s1983-r16i1p1f1_gn_19831101-19931231.ncwap_APmon_MPI-ESM1-2-LR_dcppA-hindcast_s1983-r16i1p1f1_gn_198311-199312.nc
f7ce4f380265,DWD,s1982,dcpp-a,CMIP6 Plus,DKRZ,Partial,"pr_APday,pr_APmon,psl_APday,psl_APmon,rsds_APday,rsds_APmon,sfcWind_APday,sfcWind_APmon,tas_APday,tas_APmon,tasmax_APday,tasmin_APday,uas_APday,uas_APmon,vas_APday,vas_APmon,clt_APday,clt_APmon,prsn_APday,prsn_APmon,psl_APday,psl_APmon,rlut_APday,rlut_APmon,rsds_APday,rsds_APmon,ta_APmon,tas_APday,tas_APmon,ts_APmon,ua19_APmon,uas_APday,uas_APmon,va19_APmon,vas_APday,vas_APmon,zg_APmon,",Partial,"evspsbl_APmon,hus19_APmon,prsn_APday,prsn_APmon,rlds_APday,rlds_APmon,tasmax_APmon,tasmin_APmon,",
8a0efd576bbc,DWD,s1983,dcpp-a,CMIP6 Plus,DKRZ,Partial,"pr_APday,pr_APmon,psl_APday,psl_APmon,rsds_APday,rsds_APmon,sfcWind_APday,sfcWind_APmon,tas_APday,tas_APmon,tasmax_APday,tasmin_APday,uas_APday,uas_APmon,vas_APday,vas_APmon,clt_APday,clt_APmon,prsn_APday,prsn_APmon,psl_APday,psl_APmon,rlut_APday,rlut_APmon,rsds_APday,rsds_APmon,ta_APmon,tas_APday,tas_APmon,ts_APmon,ua19_APmon,uas_APday,uas_APmon,va19_APmon,vas_APday,vas_APmon,zg_APmon,",Partial,"evspsbl_APmon,hus19_APmon,prsn_APday,prsn_APmon,rlds_APday,rlds_APmon,tasmax_APmon,tasmin_APmon,",
8b5e7a084219,DWD,s1984,dcpp-a,CMIP6 Plus,DKRZ,Partial,"pr_APday,pr_APmon,psl_APday,psl_APmon,rsds_APday,rsds_APmon,sfcWind_APday,sfcWind_APmon,tas_APday,tas_APmon,tasmax_APday,tasmin_APday,uas_APday,uas_APmon,vas_APday,vas_APmon,clt_APday,clt_APmon,prsn_APday,prsn_APmon,psl_APday,psl_APmon,rlut_APday,rlut_APmon,rsds_APday,rsds_APmon,ta_APmon,tas_APday,tas_APmon,ts_APmon,ua19_APmon,uas_APday,uas_APmon,va19_APmon,vas_APday,vas_APmon,zg_APmon,",Partial,"evspsbl_APmon,hus19_APmon,prsn_APday,prsn_APmon,rlds_APday,rlds_APmon,tasmax_APmon,tasmin_APmon,",
91130e907199,DWD,s1985,dcpp-a,CMIP6 Plus,DKRZ,Partial,"pr_APday,pr_APmon,psl_APday,psl_APmon,rsds_APday,rsds_APmon,sfcWind_APday,sfcWind_APmon,tas_APday,tas_APmon,tasmax_APday,tasmin_APday,uas_APday,uas_APmon,vas_APday,vas_APmon,clt_APday,clt_APmon,prsn_APday,prsn_APmon,psl_APday,psl_APmon,rlut_APday,rlut_APmon,rsds_APday,rsds_APmon,ta_APmon,tas_APday,tas_APmon,ts_APmon,ua19_APmon,uas_APday,uas_APmon,va19_APmon,vas_APday,vas_APmon,zg_APmon,",Partial,"evspsbl_APmon,hus19_APmon,prsn_APday,prsn_APmon,rlds_APday,rlds_APmon,tasmax_APmon,tasmin_APmon,",
7f3bfba7ce23,DWD,s1986,dcpp-a,CMIP6 Plus,DKRZ,Partial,"pr_APday,pr_APmon,psl_APday,psl_APmon,rsds_APday,rsds_APmon,sfcWind_APday,sfcWind_APmon,tas_APday,tas_APmon,tasmax_APday,tasmin_APday,uas_APday,uas_APmon,vas_APday,vas_APmon,clt_APday,clt_APmon,prsn_APday,prsn_APmon,psl_APday,psl_APmon,rlut_APday,rlut_APmon,rsds_APday,rsds_APmon,ta_APmon,tas_APday,tas_APmon,ts_APmon,ua19_APmon,uas_APday,uas_APmon,va19_APmon,vas_APday,vas_APmon,zg_APmon,",Partial,"evspsbl_APmon,hus19_APmon,prsn_APday,prsn_APmon,rlds_APday,rlds_APmon,tasmax_APmon,tasmin_APmon,",
53d4643d7338,DWD,s1987,dcpp-a,CMIP6 Plus,DKRZ,Partial,"pr_APday,pr_APmon,psl_APday,psl_APmon,rsds_APday,rsds_APmon,sfcWind_APday,sfcWind_APmon,tas_APday,tas_APmon,tasmax_APday,tasmin_APday,uas_APday,uas_APmon,vas_APday,vas_APmon,clt_APday,clt_APmon,prsn_APday,prsn_APmon,psl_APday,psl_APmon,rlut_APday,rlut_APmon,rsds_APday,rsds_APmon,ta_APmon,tas_APday,tas_APmon,ts_APmon,ua19_APmon,uas_APday,uas_APmon,va19_APmon,vas_APday,vas_APmon,zg_APmon,",Partial,"evspsbl_APmon,hus19_APmon,prsn_APday,prsn_APmon,rlds_APday,rlds_APmon,tasmax_APmon,tasmin_APmon,",
b18ced27eef0,DWD,s1988,dcpp-a,CMIP6 Plus,DKRZ,Partial,"pr_APday,pr_APmon,psl_APday,psl_APmon,rsds_APday,rsds_APmon,sfcWind_APday,sfcWind_APmon,tas_APday,tas_APmon,tasmax_APday,tasmin_APday,uas_APday,uas_APmon,vas_APday,vas_APmon,clt_APday,clt_APmon,prsn_APday,prsn_APmon,psl_APday,psl_APmon,rlut_APday,rlut_APmon,rsds_APday,rsds_APmon,ta_APmon,tas_APday,tas_APmon,ts_APmon,ua19_APmon,uas_APday,uas_APmon,va19_APmon,vas_APday,vas_APmon,zg_APmon,",Partial,"evspsbl_APmon,hus19_APmon,prsn_APday,prsn_APmon,rlds_APday,rlds_APmon,tasmax_APmon,tasmin_APmon,",
69da453ec208,DWD,s1989,dcpp-a,CMIP6 Plus,DKRZ,Partial,"pr_APday,pr_APmon,psl_APday,psl_APmon,rsds_APday,rsds_APmon,sfcWind_APday,sfcWind_APmon,tas_APday,tas_APmon,tasmax_APday,tasmin_APday,uas_APday,uas_APmon,vas_APday,vas_APmon,clt_APday,clt_APmon,prsn_APday,prsn_APmon,psl_APday,psl_APmon,rlut_APday,rlut_APmon,rsds_APday,rsds_APmon,ta_APmon,tas_APday,tas_APmon,ts_APmon,ua19_APmon,uas_APday,uas_APmon,va19_APmon,vas_APday,vas_APmon,zg_APmon,",Partial,"evspsbl_APmon,hus19_APmon,prsn_APday,prsn_APmon,rlds_APday,rlds_APmon,tasmax_APmon,tasmin_APmon,",
a5dd1cbf01ab,DWD,s1990,dcpp-a,CMIP6 Plus,DKRZ,Partial,"pr_APday,pr_APmon,psl_APday,psl_APmon,rsds_APday,rsds_APmon,sfcWind_APday,sfcWind_APmon,tas_APday,tas_APmon,tasmax_APday,tasmin_APday,uas_APday,uas_APmon,vas_APday,vas_APmon,clt_APday,clt_APmon,prsn_APday,prsn_APmon,psl_APday,psl_APmon,rlut_APday,rlut_APmon,rsds_APday,rsds_APmon,ta_APmon,tas_APday,tas_APmon,ts_APmon,ua19_APmon,uas_APday,uas_APmon,va19_APmon,vas_APday,vas_APmon,zg_APmon,",Partial,"evspsbl_APmon,hus19_APmon,prsn_APday,prsn_APmon,rlds_APday,rlds_APmon,tasmax_APmon,tasmin_APmon,",
04b559ac63de,DWD,s1991,dcpp-a,CMIP6 Plus,DKRZ,Partial,"pr_APday,pr_APmon,psl_APday,psl_APmon,rsds_APday,rsds_APmon,sfcWind_APday,sfcWind_APmon,tas_APday,tas_APmon,tasmax_APday,tasmin_APday,uas_APday,uas_APmon,vas_APday,vas_APmon,clt_APday,clt_APmon,prsn_APday,prsn_APmon,psl_APday,psl_APmon,rlut_APday,rlut_APmon,rsds_APday,rsds_APmon,ta_APmon,tas_APday,tas_APmon,ts_APmon,ua19_APmon,uas_APday,uas_APmon,va19_APmon,vas_APday,vas_APmon,zg_APmon,",Partial,"evspsbl_APmon,hus19_APmon,prsn_APday,prsn_APmon,rlds_APday,rlds_APmon,tasmax_APmon,tasmin_APmon,",ts_APmon_MPI-ESM1-2-LR_dcppA-hindcast_s1991-r14i1p1f1_gn_199111-200112.ncts_APmon_MPI-ESM1-2-LR_dcppA-hindcast_s1991-r15i1p1f1_gn_199111-200112.ncts_APmon_MPI-ESM1-2-LR_dcppA-hindcast_s1991-r16i1p1f1_gn_199111-200112.nc
c9b3be8cefd6,DWD,s1992,dcpp-a,CMIP6 Plus,DKRZ,Partial,"pr_APday,pr_APmon,psl_APday,psl_APmon,rsds_APday,rsds_APmon,sfcWind_APday,sfcWind_APmon,tas_APday,tas_APmon,tasmax_APday,tasmin_APday,uas_APday,uas_APmon,vas_APday,vas_APmon,clt_APday,clt_APmon,prsn_APday,prsn_APmon,psl_APday,psl_APmon,rlut_APday,rlut_APmon,rsds_APday,rsds_APmon,ta_APmon,tas_APday,tas_APmon,ts_APmon,ua19_APmon,uas_APday,uas_APmon,va19_APmon,vas_APday,vas_APmon,zg_APmon,",Partial,"evspsbl_APmon,hus19_APmon,prsn_APday,prsn_APmon,rlds_APday,rlds_APmon,tasmax_APmon,tasmin_APmon,",ts_APmon_MPI-ESM1-2-LR_dcppA-hindcast_s1992-r14i1p1f1_gn_199211-200212.ncts_APmon_MPI-ESM1-2-LR_dcppA-hindcast_s1992-r16i1p1f1_gn_199211-200212.nc
3ac1af79b49f,DWD,s1993,dcpp-a,CMIP6 Plus,DKRZ,Partial,"pr_APday,pr_APmon,psl_APday,psl_APmon,rsds_APday,rsds_APmon,sfcWind_APday,sfcWind_APmon,tas_APday,tas_APmon,tasmax_APday,tasmin_APday,uas_APday,uas_APmon,vas_APday,vas_APmon,clt_APday,clt_APmon,prsn_APday,prsn_APmon,psl_APday,psl_APmon,rlut_APday,rlut_APmon,rsds_APday,rsds_APmon,ta_APmon,tas_APday,tas_APmon,ts_APmon,ua19_APmon,uas_APday,uas_APmon,va19_APmon,vas_APday,vas_APmon,zg_APmon,",Partial,"evspsbl_APmon,hus19_APmon,prsn_APday,prsn_APmon,rlds_APday,rlds_APmon,tasmax_APmon,tasmin_APmon,",ts_APmon_MPI-ESM1-2-LR_dcppA-hindcast_s1993-r14i1p1f1_gn_199311-200312.nc
89e90f489be5,DWD,s1994,dcpp-a,CMIP6 Plus,DKRZ,Partial,"pr_APday,pr_APmon,psl_APday,psl_APmon,rsds_APday,rsds_APmon,sfcWind_APday,sfcWind_APmon,tas_APday,tas_APmon,tasmax_APday,tasmin_APday,uas_APday,uas_APmon,vas_APday,vas_APmon,clt_APday,clt_APmon,prsn_APday,prsn_APmon,psl_APday,psl_APmon,rlut_APday,rlut_APmon,rsds_APday,rsds_APmon,ta_APmon,tas_APday,tas_APmon,ts_APmon,ua19_APmon,uas_APday,uas_APmon,va19_APmon,vas_APday,vas_APmon,zg_APmon,",Partial,"evspsbl_APmon,hus19_APmon,prsn_APday,prsn_APmon,rlds_APday,rlds_APmon,tasmax_APmon,tasmin_APmon,",ts_APmon_MPI-ESM1-2-LR_dcppA-hindcast_s1994-r14i1p1f1_gn_199411-200412.nc
96610580c278,DWD,s1995,dcpp-a,CMIP6 Plus,DKRZ,Partial,"pr_APday,pr_APmon,psl_APday,psl_APmon,rsds_APday,rsds_APmon,sfcWind_APday,sfcWind_APmon,tas_APday,tas_APmon,tasmax_APday,tasmin_APday,uas_APday,uas_APmon,vas_APday,vas_APmon,clt_APday,clt_APmon,prsn_APday,prsn_APmon,psl_APday,psl_APmon,rlut_APday,rlut_APmon,rsds_APday,rsds_APmon,ta_APmon,tas_APday,tas_APmon,ts_APmon,ua19_APmon,uas_APday,uas_APmon,va19_APmon,vas_APday,vas_APmon,zg_APmon,",Partial,"evspsbl_APmon,hus19_APmon,prsn_APday,prsn_APmon,rlds_APday,rlds_APmon,tasmax_APmon,tasmin_APmon,",ts_APmon_MPI-ESM1-2-LR_dcppA-hindcast_s1995-r14i1p1f1_gn_199511-200512.nc
bc68b8375e29,DWD,s1996,dcpp-a,CMIP6 Plus,DKRZ,Partial,"pr_APday,pr_APmon,psl_APday,psl_APmon,rsds_APday,rsds_APmon,sfcWind_APday,sfcWind_APmon,tas_APday,tas_APmon,tasmax_APday,tasmin_APday,uas_APday,uas_APmon,vas_APday,vas_APmon,clt_APday,clt_APmon,prsn_APday,prsn_APmon,psl_APday,psl_APmon,rlut_APday,rlut_APmon,rsds_APday,rsds_APmon,ta_APmon,tas_APday,tas_APmon,ts_APmon,ua19_APmon,uas_APday,uas_APmon,va19_APmon,vas_APday,vas_APmon,zg_APmon,",Partial,"evspsbl_APmon,hus19_APmon,prsn_APday,prsn_APmon,rlds_APday,rlds_APmon,tasmax_APmon,tasmin_APmon,",
f167a6bffb19,DWD,s1997,dcpp-a,CMIP6 Plus,DKRZ,Partial,"pr_APday,pr_APmon,psl_APday,psl_APmon,rsds_APday,rsds_APmon,sfcWind_APday,sfcWind_APmon,tas_APday,tas_APmon,tasmax_APday,tasmin_APday,uas_APday,uas_APmon,vas_APday,vas_APmon,clt_APday,clt_APmon,prsn_APday,prsn_APmon,psl_APday,psl_APmon,rlut_APday,rlut_APmon,rsds_APday,rsds_APmon,ta_APmon,tas_APday,tas_APmon,ts_APmon,ua19_APmon,uas_APday,uas_APmon,va19_APmon,vas_APday,vas_APmon,zg_APmon,",Partial,"evspsbl_APmon,hus19_APmon,prsn_APday,prsn_APmon,rlds_APday,rlds_APmon,tasmax_APmon,tasmin_APmon,",hfss_APday_MPI-ESM1-2-LR_dcppA-hindcast_s1997-r14i1p1f1_gn_19971101-20071231.ncprc_APday_MPI-ESM1-2-LR_dcppA-hindcast_s1997-r14i1p1f1_gn_19971101-20071231.ncprsn_APday_MPI-ESM1-2-LR_dcppA-hindcast_s1997-r14i1p1f1_gn_19971101-20071231.ncrlds_APday_MPI-ESM1-2-LR_dcppA-hindcast_s1997-r14i1p1f1_gn_19971101-20071231.ncrls_APday_MPI-ESM1-2-LR_dcppA-hindcast_s1997-r14i1p1f1_gn_19971101-20071231.ncrlut_APday_MPI-ESM1-2-LR_dcppA-hindcast_s1997-r14i1p1f1_gn_19971101-20071231.ncrsds_APday_MPI-ESM1-2-LR_dcppA-hindcast_s1997-r14i1p1f1_gn_19971101-20071231.ncrsdt_APday_MPI-ESM1-2-LR_dcppA-hindcast_s1997-r14i1p1f1_gn_19971101-20071231.ncrsut_APday_MPI-ESM1-2-LR_dcppA-hindcast_s1997-r14i1p1f1_gn_19971101-20071231.ncsfcWind_APday_MPI-ESM1-2-LR_dcppA-hindcast_s1997-r14i1p1f1_gn_19971101-20071231.nctauu_APday_MPI-ESM1-2-LR_dcppA-hindcast_s1997-r14i1p1f1_gn_19971101-20071231.nctauv_APday_MPI-ESM1-2-LR_dcppA-hindcast_s1997-r14i1p1f1_gn_19971101-20071231.nctdps_APday_MPI-ESM1-2-LR_dcppA-hindcast_s1997-r14i1p1f1_gn_19971101-20071231.nctasmin_APmon_MPI-ESM1-2-LR_dcppA-hindcast_s1997-r14i1p1f1_gn_199711-200712.ncwap_APmon_MPI-ESM1-2-LR_dcppA-hindcast_s1997-r14i1p1f1_gn_199711-200712.nc
043b41d3b09d,DWD,s1998,dcpp-a,CMIP6 Plus,DKRZ,Partial,"pr_APday,pr_APmon,psl_APday,psl_APmon,rsds_APday,rsds_APmon,sfcWind_APday,sfcWind_APmon,tas_APday,tas_APmon,tasmax_APday,tasmin_APday,uas_APday,uas_APmon,vas_APday,vas_APmon,clt_APday,clt_APmon,prsn_APday,prsn_APmon,psl_APday,psl_APmon,rlut_APday,rlut_APmon,rsds_APday,rsds_APmon,ta_APmon,tas_APday,tas_APmon,ts_APmon,ua19_APmon,uas_APday,uas_APmon,va19_APmon,vas_APday,vas_APmon,zg_APmon,",Partial,"evspsbl_APmon,hus19_APmon,prsn_APday,prsn_APmon,rlds_APday,rlds_APmon,tasmax_APmon,tasmin_APmon,",
8229cfd37ffd,DWD,s1999,dcpp-a,CMIP6 Plus,DKRZ,Partial,"pr_APday,pr_APmon,psl_APday,psl_APmon,rsds_APday,rsds_APmon,sfcWind_APday,sfcWind_APmon,tas_APday,tas_APmon,tasmax_APday,tasmin_APday,uas_APday,uas_APmon,vas_APday,vas_APmon,clt_APday,clt_APmon,prsn_APday,prsn_APmon,psl_APday,psl_APmon,rlut_APday,rlut_APmon,rsds_APday,rsds_APmon,ta_APmon,tas_APday,tas_APmon,ts_APmon,ua19_APmon,uas_APday,uas_APmon,va19_APmon,vas_APday,vas_APmon,zg_APmon,",Partial,"evspsbl_APmon,hus19_APmon,prsn_APday,prsn_APmon,rlds_APday,rlds_APmon,tasmax_APmon,tasmin_APmon,",
0c2fa4bda5ef,DWD,s2000,dcpp-a,CMIP6 Plus,DKRZ,Partial,"pr_APday,pr_APmon,psl_APday,psl_APmon,rsds_APday,rsds_APmon,sfcWind_APday,sfcWind_APmon,tas_APday,tas_APmon,tasmax_APday,tasmin_APday,uas_APday,uas_APmon,vas_APday,vas_APmon,clt_APday,clt_APmon,prsn_APday,prsn_APmon,psl_APday,psl_APmon,rlut_APday,rlut_APmon,rsds_APday,rsds_APmon,ta_APmon,tas_APday,tas_APmon,ts_APmon,ua19_APmon,uas_APday,uas_APmon,va19_APmon,vas_APday,vas_APmon,zg_APmon,",Partial,"evspsbl_APmon,hus19_APmon,prsn_APday,prsn_APmon,rlds_APday,rlds_APmon,tasmax_APmon,tasmin_APmon,",
6ffc2f8b7992,DWD,s2001,dcpp-a,CMIP6 Plus,DKRZ,Partial,"pr_APday,pr_APmon,psl_APday,psl_APmon,rsds_APday,rsds_APmon,sfcWind_APday,sfcWind_APmon,tas_APday,tas_APmon,tasmax_APday,tasmin_APday,uas_APday,uas_APmon,vas_APday,vas_APmon,clt_APday,clt_APmon,prsn_APday,prsn_APmon,psl_APday,psl_APmon,rlut_APday,rlut_APmon,rsds_APday,rsds_APmon,ta_APmon,tas_APday,tas_APmon,ts_APmon,ua19_APmon,uas_APday,uas_APmon,va19_APmon,vas_APday,vas_APmon,zg_APmon,",Partial,"evspsbl_APmon,hus19_APmon,prsn_APday,prsn_APmon,rlds_APday,rlds_APmon,tasmax_APmon,tasmin_APmon,",
eee892d171e2,DWD,s2002,dcpp-a,CMIP6 Plus,DKRZ,Partial,"pr_APday,pr_APmon,psl_APday,psl_APmon,rsds_APday,rsds_APmon,sfcWind_APday,sfcWind_APmon,tas_APday,tas_APmon,tasmax_APday,tasmin_APday,uas_APday,uas_APmon,vas_APday,vas_APmon,clt_APday,clt_APmon,prsn_APday,prsn_APmon,psl_APday,psl_APmon,rlut_APday,rlut_APmon,rsds_APday,rsds_APmon,ta_APmon,tas_APday,tas_APmon,ts_APmon,ua19_APmon,uas_APday,uas_APmon,va19_APmon,vas_APday,vas_APmon,zg_APmon,",Partial,"evspsbl_APmon,hus19_APmon,prsn_APday,prsn_APmon,rlds_APday,rlds_APmon,tasmax_APmon,tasmin_APmon,",prsn_APday_MPI-ESM1-2-LR_dcppA-hindcast_s2002-r8i1p1f1_gn_20021101-20121231.ncrlds_APday_MPI-ESM1-2-LR_dcppA-hindcast_s2002-r8i1p1f1_gn_20021101-20121231.ncrls_APday_MPI-ESM1-2-LR_dcppA-hindcast_s2002-r8i1p1f1_gn_20021101-20121231.ncrlut_APday_MPI-ESM1-2-LR_dcppA-hindcast_s2002-r8i1p1f1_gn_20021101-20121231.ncrsds_APday_MPI-ESM1-2-LR_dcppA-hindcast_s2002-r8i1p1f1_gn_20021101-20121231.ncrsdt_APday_MPI-ESM1-2-LR_dcppA-hindcast_s2002-r8i1p1f1_gn_20021101-20121231.ncrsut_APday_MPI-ESM1-2-LR_dcppA-hindcast_s2002-r8i1p1f1_gn_20021101-20121231.ncsfcWind_APday_MPI-ESM1-2-LR_dcppA-hindcast_s2002-r8i1p1f1_gn_20021101-20121231.nctauu_APday_MPI-ESM1-2-LR_dcppA-hindcast_s2002-r8i1p1f1_gn_20021101-20121231.nctauv_APday_MPI-ESM1-2-LR_dcppA-hindcast_s2002-r8i1p1f1_gn_20021101-20121231.nctdps_APday_MPI-ESM1-2-LR_dcppA-hindcast_s2002-r8i1p1f1_gn_20021101-20121231.ncwap_APmon_MPI-ESM1-2-LR_dcppA-hindcast_s2002-r8i1p1f1_gn_200211-201212.nc
7ae86cd02c54,DWD,s2003,dcpp-a,CMIP6 Plus,DKRZ,Partial,"pr_APday,pr_APmon,psl_APday,psl_APmon,rsds_APday,rsds_APmon,sfcWind_APday,sfcWind_APmon,tas_APday,tas_APmon,tasmax_APday,tasmin_APday,uas_APday,uas_APmon,vas_APday,vas_APmon,clt_APday,clt_APmon,prsn_APday,prsn_APmon,psl_APday,psl_APmon,rlut_APday,rlut_APmon,rsds_APday,rsds_APmon,ta_APmon,tas_APday,tas_APmon,ts_APmon,ua19_APmon,uas_APday,uas_APmon,va19_APmon,vas_APday,vas_APmon,zg_APmon,",Partial,"evspsbl_APmon,hus19_APmon,prsn_APday,prsn_APmon,rlds_APday,rlds_APmon,tasmax_APmon,tasmin_APmon,",
ce40cd2bc08b,DWD,s2004,dcpp-a,CMIP6 Plus,DKRZ,Partial,"pr_APday,pr_APmon,psl_APday,psl_APmon,rsds_APday,rsds_APmon,sfcWind_APday,sfcWind_APmon,tas_APday,tas_APmon,tasmax_APday,tasmin_APday,uas_APday,uas_APmon,vas_APday,vas_APmon,clt_APday,clt_APmon,prsn_APday,prsn_APmon,psl_APday,psl_APmon,rlut_APday,rlut_APmon,rsds_APday,rsds_APmon,ta_APmon,tas_APday,tas_APmon,ts_APmon,ua19_APmon,uas_APday,uas_APmon,va19_APmon,vas_APday,vas_APmon,zg_APmon,",Partial,"evspsbl_APmon,hus19_APmon,prsn_APday,prsn_APmon,rlds_APday,rlds_APmon,tasmax_APmon,tasmin_APmon,",
b8268f15ca60,DWD,s2005,dcpp-a,CMIP6 Plus,DKRZ,Partial,"pr_APday,pr_APmon,psl_APday,psl_APmon,rsds_APday,rsds_APmon,sfcWind_APday,sfcWind_APmon,tas_APday,tas_APmon,tasmax_APday,tasmin_APday,uas_APday,uas_APmon,vas_APday,vas_APmon,clt_APday,clt_APmon,prsn_APday,prsn_APmon,psl_APday,psl_APmon,rlut_APday,rlut_APmon,rsds_APday,rsds_APmon,ta_APmon,tas_APday,tas_APmon,ts_APmon,ua19_APmon,uas_APday,uas_APmon,va19_APmon,vas_APday,vas_APmon,zg_APmon,",Partial,"evspsbl_APmon,hus19_APmon,prsn_APday,prsn_APmon,rlds_APday,rlds_APmon,tasmax_APmon,tasmin_APmon,",clt_APday_MPI-ESM1-2-LR_dcppA-hindcast_s2005-r6i1p1f1_gn_20051101-20151231.nchfls_APday_MPI-ESM1-2-LR_dcppA-hindcast_s2005-r4i1p1f1_gn_20051101-20151231.nchfls_APday_MPI-ESM1-2-LR_dcppA-hindcast_s2005-r5i1p1f1_gn_20051101-20151231.nchfls_APday_MPI-ESM1-2-LR_dcppA-hindcast_s2005-r6i1p1f1_gn_20051101-20151231.nchfss_APday_MPI-ESM1-2-LR_dcppA-hindcast_s2005-r4i1p1f1_gn_20051101-20151231.nchfss_APday_MPI-ESM1-2-LR_dcppA-hindcast_s2005-r5i1p1f1_gn_20051101-20151231.nchfss_APday_MPI-ESM1-2-LR_dcppA-hindcast_s2005-r6i1p1f1_gn_20051101-20151231.nchur_APday_MPI-ESM1-2-LR_dcppA-hindcast_s2005-r6i1p1f1_gn_20051101-20151231.nchus8_APday_MPI-ESM1-2-LR_dcppA-hindcast_s2005-r6i1p1f1_gn_20051101-20151231.ncpr_APday_MPI-ESM1-2-LR_dcppA-hindcast_s2005-r6i1p1f1_gn_20051101-20151231.ncprc_APday_MPI-ESM1-2-LR_dcppA-hindcast_s2005-r4i1p1f1_gn_20051101-20151231.ncprc_APday_MPI-ESM1-2-LR_dcppA-hindcast_s2005-r5i1p1f1_gn_20051101-20151231.ncprc_APday_MPI-ESM1-2-LR_dcppA-hindcast_s2005-r6i1p1f1_gn_20051101-20151231.ncprsn_APday_MPI-ESM1-2-LR_dcppA-hindcast_s2005-r4i1p1f1_gn_20051101-20151231.ncprsn_APday_MPI-ESM1-2-LR_dcppA-hindcast_s2005-r5i1p1f1_gn_20051101-20151231.ncprsn_APday_MPI-ESM1-2-LR_dcppA-hindcast_s2005-r6i1p1f1_gn_20051101-20151231.ncpsl_APday_MPI-ESM1-2-LR_dcppA-hindcast_s2005-r6i1p1f1_gn_20051101-20151231.ncrlds_APday_MPI-ESM1-2-LR_dcppA-hindcast_s2005-r4i1p1f1_gn_20051101-20151231.ncrlds_APday_MPI-ESM1-2-LR_dcppA-hindcast_s2005-r5i1p1f1_gn_20051101-20151231.ncrlds_APday_MPI-ESM1-2-LR_dcppA-hindcast_s2005-r6i1p1f1_gn_20051101-20151231.ncrls_APday_MPI-ESM1-2-LR_dcppA-hindcast_s2005-r4i1p1f1_gn_20051101-20151231.ncrls_APday_MPI-ESM1-2-LR_dcppA-hindcast_s2005-r5i1p1f1_gn_20051101-20151231.ncrls_APday_MPI-ESM1-2-LR_dcppA-hindcast_s2005-r6i1p1f1_gn_20051101-20151231.ncrlut_APday_MPI-ESM1-2-LR_dcppA-hindcast_s2005-r4i1p1f1_gn_20051101-20151231.ncrlut_APday_MPI-ESM1-2-LR_dcppA-hindcast_s2005-r5i1p1f1_gn_20051101-20151231.ncrlut_APday_MPI-ESM1-2-LR_dcppA-hindcast_s2005-r6i1p1f1_gn_20051101-20151231.ncrsds_APday_MPI-ESM1-2-LR_dcppA-hindcast_s2005-r4i1p1f1_gn_20051101-20151231.ncrsds_APday_MPI-ESM1-2-LR_dcppA-hindcast_s2005-r5i1p1f1_gn_20051101-20151231.ncrsds_APday_MPI-ESM1-2-LR_dcppA-hindcast_s2005-r6i1p1f1_gn_20051101-20151231.ncrsdt_APday_MPI-ESM1-2-LR_dcppA-hindcast_s2005-r4i1p1f1_gn_20051101-20151231.ncrsdt_APday_MPI-ESM1-2-LR_dcppA-hindcast_s2005-r5i1p1f1_gn_20051101-20151231.ncrsdt_APday_MPI-ESM1-2-LR_dcppA-hindcast_s2005-r6i1p1f1_gn_20051101-20151231.ncrsut_APday_MPI-ESM1-2-LR_dcppA-hindcast_s2005-r4i1p1f1_gn_20051101-20151231.ncrsut_APday_MPI-ESM1-2-LR_dcppA-hindcast_s2005-r5i1p1f1_gn_20051101-20151231.ncrsut_APday_MPI-ESM1-2-LR_dcppA-hindcast_s2005-r6i1p1f1_gn_20051101-20151231.ncsfcWind_APday_MPI-ESM1-2-LR_dcppA-hindcast_s2005-r4i1p1f1_gn_20051101-20151231.ncsfcWind_APday_MPI-ESM1-2-LR_dcppA-hindcast_s2005-r5i1p1f1_gn_20051101-20151231.ncsfcWind_APday_MPI-ESM1-2-LR_dcppA-hindcast_s2005-r6i1p1f1_gn_20051101-20151231.ncsfcWindmax_APday_MPI-ESM1-2-LR_dcppA-hindcast_s2005-r6i1p1f1_gn_20051101-20151231.ncta8_APday_MPI-ESM1-2-LR_dcppA-hindcast_s2005-r6i1p1f1_gn_20051101-20151231.nctas_APday_MPI-ESM1-2-LR_dcppA-hindcast_s2005-r6i1p1f1_gn_20051101-20151231.nctasmax_APday_MPI-ESM1-2-LR_dcppA-hindcast_s2005-r4i1p1f1_gn_20051101-20151231.nctasmax_APday_MPI-ESM1-2-LR_dcppA-hindcast_s2005-r5i1p1f1_gn_20051101-20151231.nctasmax_APday_MPI-ESM1-2-LR_dcppA-hindcast_s2005-r6i1p1f1_gn_20051101-20151231.nctasmin_APday_MPI-ESM1-2-LR_dcppA-hindcast_s2005-r4i1p1f1_gn_20051101-20151231.nctasmin_APday_MPI-ESM1-2-LR_dcppA-hindcast_s2005-r5i1p1f1_gn_20051101-20151231.nctasmin_APday_MPI-ESM1-2-LR_dcppA-hindcast_s2005-r6i1p1f1_gn_20051101-20151231.nctauu_APday_MPI-ESM1-2-LR_dcppA-hindcast_s2005-r4i1p1f1_gn_20051101-20151231.nctauu_APday_MPI-ESM1-2-LR_dcppA-hindcast_s2005-r5i1p1f1_gn_20051101-20151231.nctauu_APday_MPI-ESM1-2-LR_dcppA-hindcast_s2005-r6i1p1f1_gn_20051101-20151231.nctauv_APday_MPI-ESM1-2-LR_dcppA-hindcast_s2005-r4i1p1f1_gn_20051101-20151231.nctauv_APday_MPI-ESM1-2-LR_dcppA-hindcast_s2005-r5i1p1f1_gn_20051101-20151231.nctauv_APday_MPI-ESM1-2-LR_dcppA-hindcast_s2005-r6i1p1f1_gn_20051101-20151231.nctdps_APday_MPI-ESM1-2-LR_dcppA-hindcast_s2005-r4i1p1f1_gn_20051101-20151231.nctdps_APday_MPI-ESM1-2-LR_dcppA-hindcast_s2005-r5i1p1f1_gn_20051101-20151231.nctdps_APday_MPI-ESM1-2-LR_dcppA-hindcast_s2005-r6i1p1f1_gn_20051101-20151231.ncua8_APday_MPI-ESM1-2-LR_dcppA-hindcast_s2005-r4i1p1f1_gn_20051101-20151231.ncua8_APday_MPI-ESM1-2-LR_dcppA-hindcast_s2005-r5i1p1f1_gn_20051101-20151231.ncua8_APday_MPI-ESM1-2-LR_dcppA-hindcast_s2005-r6i1p1f1_gn_20051101-20151231.ncuas_APday_MPI-ESM1-2-LR_dcppA-hindcast_s2005-r6i1p1f1_gn_20051101-20151231.ncva8_APday_MPI-ESM1-2-LR_dcppA-hindcast_s2005-r4i1p1f1_gn_20051101-20151231.ncva8_APday_MPI-ESM1-2-LR_dcppA-hindcast_s2005-r5i1p1f1_gn_20051101-20151231.ncva8_APday_MPI-ESM1-2-LR_dcppA-hindcast_s2005-r6i1p1f1_gn_20051101-20151231.ncvas_APday_MPI-ESM1-2-LR_dcppA-hindcast_s2005-r6i1p1f1_gn_20051101-20151231.ncclt_APmon_MPI-ESM1-2-LR_dcppA-hindcast_s2005-r6i1p1f1_gn_200511-201512.ncevspsbl_APmon_MPI-ESM1-2-LR_dcppA-hindcast_s2005-r4i1p1f1_gn_200511-201512.ncevspsbl_APmon_MPI-ESM1-2-LR_dcppA-hindcast_s2005-r5i1p1f1_gn_200511-201512.nchfls_APmon_MPI-ESM1-2-LR_dcppA-hindcast_s2005-r4i1p1f1_gn_200511-201512.nchfls_APmon_MPI-ESM1-2-LR_dcppA-hindcast_s2005-r5i1p1f1_gn_200511-201512.nchfls_APmon_MPI-ESM1-2-LR_dcppA-hindcast_s2005-r6i1p1f1_gn_200511-201512.nchfss_APmon_MPI-ESM1-2-LR_dcppA-hindcast_s2005-r5i1p1f1_gn_200511-201512.nchfss_APmon_MPI-ESM1-2-LR_dcppA-hindcast_s2005-r6i1p1f1_gn_200511-201512.nchur_APmon_MPI-ESM1-2-LR_dcppA-hindcast_s2005-r6i1p1f1_gn_200511-201512.nchus19_APmon_MPI-ESM1-2-LR_dcppA-hindcast_s2005-r6i1p1f1_gn_200511-201512.ncpr_APmon_MPI-ESM1-2-LR_dcppA-hindcast_s2005-r5i1p1f1_gn_200511-201512.ncpr_APmon_MPI-ESM1-2-LR_dcppA-hindcast_s2005-r6i1p1f1_gn_200511-201512.ncprsn_APmon_MPI-ESM1-2-LR_dcppA-hindcast_s2005-r4i1p1f1_gn_200511-201512.ncps_APmon_MPI-ESM1-2-LR_dcppA-hindcast_s2005-r6i1p1f1_gn_200511-201512.ncpsl_APmon_MPI-ESM1-2-LR_dcppA-hindcast_s2005-r6i1p1f1_gn_200511-201512.ncrlds_APmon_MPI-ESM1-2-LR_dcppA-hindcast_s2005-r6i1p1f1_gn_200511-201512.ncrls_APmon_MPI-ESM1-2-LR_dcppA-hindcast_s2005-r5i1p1f1_gn_200511-201512.ncrls_APmon_MPI-ESM1-2-LR_dcppA-hindcast_s2005-r6i1p1f1_gn_200511-201512.ncrlut_APmon_MPI-ESM1-2-LR_dcppA-hindcast_s2005-r5i1p1f1_gn_200511-201512.ncrlut_APmon_MPI-ESM1-2-LR_dcppA-hindcast_s2005-r6i1p1f1_gn_200511-201512.ncrlutcs_APmon_MPI-ESM1-2-LR_dcppA-hindcast_s2005-r4i1p1f1_gn_200511-201512.ncrlutcs_APmon_MPI-ESM1-2-LR_dcppA-hindcast_s2005-r5i1p1f1_gn_200511-201512.ncrlutcs_APmon_MPI-ESM1-2-LR_dcppA-hindcast_s2005-r6i1p1f1_gn_200511-201512.ncrsds_APmon_MPI-ESM1-2-LR_dcppA-hindcast_s2005-r5i1p1f1_gn_200511-201512.ncrsds_APmon_MPI-ESM1-2-LR_dcppA-hindcast_s2005-r6i1p1f1_gn_200511-201512.ncrsdt_APmon_MPI-ESM1-2-LR_dcppA-hindcast_s2005-r4i1p1f1_gn_200511-201512.ncrsdt_APmon_MPI-ESM1-2-LR_dcppA-hindcast_s2005-r5i1p1f1_gn_200511-201512.ncrsdt_APmon_MPI-ESM1-2-LR_dcppA-hindcast_s2005-r6i1p1f1_gn_200511-201512.ncrss_APmon_MPI-ESM1-2-LR_dcppA-hindcast_s2005-r4i1p1f1_gn_200511-201512.ncrss_APmon_MPI-ESM1-2-LR_dcppA-hindcast_s2005-r5i1p1f1_gn_200511-201512.ncrss_APmon_MPI-ESM1-2-LR_dcppA-hindcast_s2005-r6i1p1f1_gn_200511-201512.ncrsut_APmon_MPI-ESM1-2-LR_dcppA-hindcast_s2005-r4i1p1f1_gn_200511-201512.ncrsut_APmon_MPI-ESM1-2-LR_dcppA-hindcast_s2005-r6i1p1f1_gn_200511-201512.ncrsutcs_APmon_MPI-ESM1-2-LR_dcppA-hindcast_s2005-r4i1p1f1_gn_200511-201512.ncrsutcs_APmon_MPI-ESM1-2-LR_dcppA-hindcast_s2005-r5i1p1f1_gn_200511-201512.ncsfcWind_APmon_MPI-ESM1-2-LR_dcppA-hindcast_s2005-r5i1p1f1_gn_200511-201512.ncsfcWind_APmon_MPI-ESM1-2-LR_dcppA-hindcast_s2005-r6i1p1f1_gn_200511-201512.ncsfcWindmax_APmon_MPI-ESM1-2-LR_dcppA-hindcast_s2005-r6i1p1f1_gn_200511-201512.ncta_APmon_MPI-ESM1-2-LR_dcppA-hindcast_s2005-r6i1p1f1_gn_200511-201512.nctas_APmon_MPI-ESM1-2-LR_dcppA-hindcast_s2005-r6i1p1f1_gn_200511-201512.nctasmax_APmon_MPI-ESM1-2-LR_dcppA-hindcast_s2005-r6i1p1f1_gn_200511-201512.nctasmin_APmon_MPI-ESM1-2-LR_dcppA-hindcast_s2005-r6i1p1f1_gn_200511-201512.nctauu_APmon_MPI-ESM1-2-LR_dcppA-hindcast_s2005-r5i1p1f1_gn_200511-201512.nctauu_APmon_MPI-ESM1-2-LR_dcppA-hindcast_s2005-r6i1p1f1_gn_200511-201512.nctauv_APmon_MPI-ESM1-2-LR_dcppA-hindcast_s2005-r5i1p1f1_gn_200511-201512.nctauv_APmon_MPI-ESM1-2-LR_dcppA-hindcast_s2005-r6i1p1f1_gn_200511-201512.nctdps_APmon_MPI-ESM1-2-LR_dcppA-hindcast_s2005-r5i1p1f1_gn_200511-201512.nctdps_APmon_MPI-ESM1-2-LR_dcppA-hindcast_s2005-r6i1p1f1_gn_200511-201512.ncts_APmon_MPI-ESM1-2-LR_dcppA-hindcast_s2005-r4i1p1f1_gn_200511-201512.ncts_APmon_MPI-ESM1-2-LR_dcppA-hindcast_s2005-r6i1p1f1_gn_200511-201512.ncua19_APmon_MPI-ESM1-2-LR_dcppA-hindcast_s2005-r6i1p1f1_gn_200511-201512.ncva19_APmon_MPI-ESM1-2-LR_dcppA-hindcast_s2005-r6i1p1f1_gn_200511-201512.ncvas_APmon_MPI-ESM1-2-LR_dcppA-hindcast_s2005-r6i1p1f1_gn_200511-201512.ncwap_APmon_MPI-ESM1-2-LR_dcppA-hindcast_s2005-r3i1p1f1_gn_200511-201512.ncwap_APmon_MPI-ESM1-2-LR_dcppA-hindcast_s2005-r4i1p1f1_gn_200511-201512.ncwap_APmon_MPI-ESM1-2-LR_dcppA-hindcast_s2005-r5i1p1f1_gn_200511-201512.ncwap_APmon_MPI-ESM1-2-LR_dcppA-hindcast_s2005-r6i1p1f1_gn_200511-201512.nczg_APmon_MPI-ESM1-2-LR_dcppA-hindcast_s2005-r6i1p1f1_gn_200511-201512.ncsiconca_SImon_MPI-ESM1-2-LR_dcppA-hindcast_s2005-r6i1p1f1_gn_200511-201512.nc
ab73bd26b252,DWD,s2006,dcpp-a,CMIP6 Plus,DKRZ,Partial,"pr_APday,pr_APmon,psl_APday,psl_APmon,rsds_APday,rsds_APmon,sfcWind_APday,sfcWind_APmon,tas_APday,tas_APmon,tasmax_APday,tasmin_APday,uas_APday,uas_APmon,vas_APday,vas_APmon,clt_APday,clt_APmon,prsn_APday,prsn_APmon,psl_APday,psl_APmon,rlut_APday,rlut_APmon,rsds_APday,rsds_APmon,ta_APmon,tas_APday,tas_APmon,ts_APmon,ua19_APmon,uas_APday,uas_APmon,va19_APmon,vas_APday,vas_APmon,zg_APmon,",Partial,"evspsbl_APmon,hus19_APmon,prsn_APday,prsn_APmon,rlds_APday,rlds_APmon,tasmax_APmon,tasmin_APmon,",hfls_APday_MPI-ESM1-2-LR_dcppA-hindcast_s2006-r2i1p1f1_gn_20061101-20161231.nchfls_APday_MPI-ESM1-2-LR_dcppA-hindcast_s2006-r3i1p1f1_gn_20061101-20161231.nchfls_APday_MPI-ESM1-2-LR_dcppA-hindcast_s2006-r4i1p1f1_gn_20061101-20161231.nchfls_APday_MPI-ESM1-2-LR_dcppA-hindcast_s2006-r5i1p1f1_gn_20061101-20161231.nchfls_APday_MPI-ESM1-2-LR_dcppA-hindcast_s2006-r6i1p1f1_gn_20061101-20161231.nchfss_APday_MPI-ESM1-2-LR_dcppA-hindcast_s2006-r2i1p1f1_gn_20061101-20161231.nchfss_APday_MPI-ESM1-2-LR_dcppA-hindcast_s2006-r3i1p1f1_gn_20061101-20161231.nchfss_APday_MPI-ESM1-2-LR_dcppA-hindcast_s2006-r4i1p1f1_gn_20061101-20161231.nchfss_APday_MPI-ESM1-2-LR_dcppA-hindcast_s2006-r5i1p1f1_gn_20061101-20161231.nchfss_APday_MPI-ESM1-2-LR_dcppA-hindcast_s2006-r6i1p1f1_gn_20061101-20161231.ncprc_APday_MPI-ESM1-2-LR_dcppA-hindcast_s2006-r2i1p1f1_gn_20061101-20161231.ncprc_APday_MPI-ESM1-2-LR_dcppA-hindcast_s2006-r3i1p1f1_gn_20061101-20161231.ncprc_APday_MPI-ESM1-2-LR_dcppA-hindcast_s2006-r4i1p1f1_gn_20061101-20161231.ncprc_APday_MPI-ESM1-2-LR_dcppA-hindcast_s2006-r5i1p1f1_gn_20061101-20161231.ncprc_APday_MPI-ESM1-2-LR_dcppA-hindcast_s2006-r6i1p1f1_gn_20061101-20161231.ncprsn_APday_MPI-ESM1-2-LR_dcppA-hindcast_s2006-r2i1p1f1_gn_20061101-20161231.ncprsn_APday_MPI-ESM1-2-LR_dcppA-hindcast_s2006-r3i1p1f1_gn_20061101-20161231.ncprsn_APday_MPI-ESM1-2-LR_dcppA-hindcast_s2006-r4i1p1f1_gn_20061101-20161231.ncprsn_APday_MPI-ESM1-2-LR_dcppA-hindcast_s2006-r5i1p1f1_gn_20061101-20161231.ncprsn_APday_MPI-ESM1-2-LR_dcppA-hindcast_s2006-r6i1p1f1_gn_20061101-20161231.ncrlds_APday_MPI-ESM1-2-LR_dcppA-hindcast_s2006-r2i1p1f1_gn_20061101-20161231.ncrlds_APday_MPI-ESM1-2-LR_dcppA-hindcast_s2006-r3i1p1f1_gn_20061101-20161231.ncrlds_APday_MPI-ESM1-2-LR_dcppA-hindcast_s2006-r4i1p1f1_gn_20061101-20161231.ncrlds_APday_MPI-ESM1-2-LR_dcppA-hindcast_s2006-r5i1p1f1_gn_20061101-20161231.ncrlds_APday_MPI-ESM1-2-LR_dcppA-hindcast_s2006-r6i1p1f1_gn_20061101-20161231.ncrls_APday_MPI-ESM1-2-LR_dcppA-hindcast_s2006-r2i1p1f1_gn_20061101-20161231.ncrls_APday_MPI-ESM1-2-LR_dcppA-hindcast_s2006-r3i1p1f1_gn_20061101-20161231.ncrls_APday_MPI-ESM1-2-LR_dcppA-hindcast_s2006-r4i1p1f1_gn_20061101-20161231.ncrls_APday_MPI-ESM1-2-LR_dcppA-hindcast_s2006-r5i1p1f1_gn_20061101-20161231.ncrls_APday_MPI-ESM1-2-LR_dcppA-hindcast_s2006-r6i1p1f1_gn_20061101-20161231.ncrlut_APday_MPI-ESM1-2-LR_dcppA-hindcast_s2006-r2i1p1f1_gn_20061101-20161231.ncrlut_APday_MPI-ESM1-2-LR_dcppA-hindcast_s2006-r3i1p1f1_gn_20061101-20161231.ncrlut_APday_MPI-ESM1-2-LR_dcppA-hindcast_s2006-r4i1p1f1_gn_20061101-20161231.ncrlut_APday_MPI-ESM1-2-LR_dcppA-hindcast_s2006-r5i1p1f1_gn_20061101-20161231.ncrlut_APday_MPI-ESM1-2-LR_dcppA-hindcast_s2006-r6i1p1f1_gn_20061101-20161231.ncrsds_APday_MPI-ESM1-2-LR_dcppA-hindcast_s2006-r2i1p1f1_gn_20061101-20161231.ncrsds_APday_MPI-ESM1-2-LR_dcppA-hindcast_s2006-r3i1p1f1_gn_20061101-20161231.ncrsds_APday_MPI-ESM1-2-LR_dcppA-hindcast_s2006-r4i1p1f1_gn_20061101-20161231.ncrsds_APday_MPI-ESM1-2-LR_dcppA-hindcast_s2006-r5i1p1f1_gn_20061101-20161231.ncrsds_APday_MPI-ESM1-2-LR_dcppA-hindcast_s2006-r6i1p1f1_gn_20061101-20161231.ncrsdt_APday_MPI-ESM1-2-LR_dcppA-hindcast_s2006-r2i1p1f1_gn_20061101-20161231.ncrsdt_APday_MPI-ESM1-2-LR_dcppA-hindcast_s2006-r3i1p1f1_gn_20061101-20161231.ncrsdt_APday_MPI-ESM1-2-LR_dcppA-hindcast_s2006-r4i1p1f1_gn_20061101-20161231.ncrsdt_APday_MPI-ESM1-2-LR_dcppA-hindcast_s2006-r5i1p1f1_gn_20061101-20161231.ncrsdt_APday_MPI-ESM1-2-LR_dcppA-hindcast_s2006-r6i1p1f1_gn_20061101-20161231.ncrsut_APday_MPI-ESM1-2-LR_dcppA-hindcast_s2006-r2i1p1f1_gn_20061101-20161231.ncrsut_APday_MPI-ESM1-2-LR_dcppA-hindcast_s2006-r3i1p1f1_gn_20061101-20161231.ncrsut_APday_MPI-ESM1-2-LR_dcppA-hindcast_s2006-r4i1p1f1_gn_20061101-20161231.ncrsut_APday_MPI-ESM1-2-LR_dcppA-hindcast_s2006-r5i1p1f1_gn_20061101-20161231.ncrsut_APday_MPI-ESM1-2-LR_dcppA-hindcast_s2006-r6i1p1f1_gn_20061101-20161231.ncsfcWind_APday_MPI-ESM1-2-LR_dcppA-hindcast_s2006-r2i1p1f1_gn_20061101-20161231.ncsfcWind_APday_MPI-ESM1-2-LR_dcppA-hindcast_s2006-r3i1p1f1_gn_20061101-20161231.ncsfcWind_APday_MPI-ESM1-2-LR_dcppA-hindcast_s2006-r4i1p1f1_gn_20061101-20161231.ncsfcWind_APday_MPI-ESM1-2-LR_dcppA-hindcast_s2006-r5i1p1f1_gn_20061101-20161231.ncsfcWind_APday_MPI-ESM1-2-LR_dcppA-hindcast_s2006-r6i1p1f1_gn_20061101-20161231.nctauu_APday_MPI-ESM1-2-LR_dcppA-hindcast_s2006-r2i1p1f1_gn_20061101-20161231.nctauu_APday_MPI-ESM1-2-LR_dcppA-hindcast_s2006-r3i1p1f1_gn_20061101-20161231.nctauu_APday_MPI-ESM1-2-LR_dcppA-hindcast_s2006-r4i1p1f1_gn_20061101-20161231.nctauu_APday_MPI-ESM1-2-LR_dcppA-hindcast_s2006-r5i1p1f1_gn_20061101-20161231.nctauu_APday_MPI-ESM1-2-LR_dcppA-hindcast_s2006-r6i1p1f1_gn_20061101-20161231.nctauv_APday_MPI-ESM1-2-LR_dcppA-hindcast_s2006-r2i1p1f1_gn_20061101-20161231.nctauv_APday_MPI-ESM1-2-LR_dcppA-hindcast_s2006-r3i1p1f1_gn_20061101-20161231.nctauv_APday_MPI-ESM1-2-LR_dcppA-hindcast_s2006-r4i1p1f1_gn_20061101-20161231.nctauv_APday_MPI-ESM1-2-LR_dcppA-hindcast_s2006-r5i1p1f1_gn_20061101-20161231.nctauv_APday_MPI-ESM1-2-LR_dcppA-hindcast_s2006-r6i1p1f1_gn_20061101-20161231.nctdps_APday_MPI-ESM1-2-LR_dcppA-hindcast_s2006-r2i1p1f1_gn_20061101-20161231.nctdps_APday_MPI-ESM1-2-LR_dcppA-hindcast_s2006-r3i1p1f1_gn_20061101-20161231.nctdps_APday_MPI-ESM1-2-LR_dcppA-hindcast_s2006-r4i1p1f1_gn_20061101-20161231.nctdps_APday_MPI-ESM1-2-LR_dcppA-hindcast_s2006-r5i1p1f1_gn_20061101-20161231.nctdps_APday_MPI-ESM1-2-LR_dcppA-hindcast_s2006-r6i1p1f1_gn_20061101-20161231.ncclt_APmon_MPI-ESM1-2-LR_dcppA-hindcast_s2006-r2i1p1f1_gn_200611-201612.ncclt_APmon_MPI-ESM1-2-LR_dcppA-hindcast_s2006-r3i1p1f1_gn_200611-201612.ncclt_APmon_MPI-ESM1-2-LR_dcppA-hindcast_s2006-r5i1p1f1_gn_200611-201612.ncevspsbl_APmon_MPI-ESM1-2-LR_dcppA-hindcast_s2006-r2i1p1f1_gn_200611-201612.ncevspsbl_APmon_MPI-ESM1-2-LR_dcppA-hindcast_s2006-r3i1p1f1_gn_200611-201612.ncevspsbl_APmon_MPI-ESM1-2-LR_dcppA-hindcast_s2006-r4i1p1f1_gn_200611-201612.ncevspsbl_APmon_MPI-ESM1-2-LR_dcppA-hindcast_s2006-r5i1p1f1_gn_200611-201612.ncevspsbl_APmon_MPI-ESM1-2-LR_dcppA-hindcast_s2006-r6i1p1f1_gn_200611-201612.nchfls_APmon_MPI-ESM1-2-LR_dcppA-hindcast_s2006-r2i1p1f1_gn_200611-201612.nchfls_APmon_MPI-ESM1-2-LR_dcppA-hindcast_s2006-r3i1p1f1_gn_200611-201612.nchfls_APmon_MPI-ESM1-2-LR_dcppA-hindcast_s2006-r4i1p1f1_gn_200611-201612.nchfls_APmon_MPI-ESM1-2-LR_dcppA-hindcast_s2006-r5i1p1f1_gn_200611-201612.nchfls_APmon_MPI-ESM1-2-LR_dcppA-hindcast_s2006-r6i1p1f1_gn_200611-201612.nchfss_APmon_MPI-ESM1-2-LR_dcppA-hindcast_s2006-r2i1p1f1_gn_200611-201612.nchfss_APmon_MPI-ESM1-2-LR_dcppA-hindcast_s2006-r3i1p1f1_gn_200611-201612.nchfss_APmon_MPI-ESM1-2-LR_dcppA-hindcast_s2006-r4i1p1f1_gn_200611-201612.nchfss_APmon_MPI-ESM1-2-LR_dcppA-hindcast_s2006-r5i1p1f1_gn_200611-201612.nchfss_APmon_MPI-ESM1-2-LR_dcppA-hindcast_s2006-r6i1p1f1_gn_200611-201612.ncprsn_APmon_MPI-ESM1-2-LR_dcppA-hindcast_s2006-r2i1p1f1_gn_200611-201612.ncprsn_APmon_MPI-ESM1-2-LR_dcppA-hindcast_s2006-r3i1p1f1_gn_200611-201612.ncprsn_APmon_MPI-ESM1-2-LR_dcppA-hindcast_s2006-r4i1p1f1_gn_200611-201612.ncprsn_APmon_MPI-ESM1-2-LR_dcppA-hindcast_s2006-r5i1p1f1_gn_200611-201612.ncprsn_APmon_MPI-ESM1-2-LR_dcppA-hindcast_s2006-r6i1p1f1_gn_200611-201612.ncrlds_APmon_MPI-ESM1-2-LR_dcppA-hindcast_s2006-r2i1p1f1_gn_200611-201612.ncrlds_APmon_MPI-ESM1-2-LR_dcppA-hindcast_s2006-r3i1p1f1_gn_200611-201612.ncrlds_APmon_MPI-ESM1-2-LR_dcppA-hindcast_s2006-r4i1p1f1_gn_200611-201612.ncrlds_APmon_MPI-ESM1-2-LR_dcppA-hindcast_s2006-r5i1p1f1_gn_200611-201612.ncrlds_APmon_MPI-ESM1-2-LR_dcppA-hindcast_s2006-r6i1p1f1_gn_200611-201612.ncrls_APmon_MPI-ESM1-2-LR_dcppA-hindcast_s2006-r2i1p1f1_gn_200611-201612.ncrls_APmon_MPI-ESM1-2-LR_dcppA-hindcast_s2006-r3i1p1f1_gn_200611-201612.ncrls_APmon_MPI-ESM1-2-LR_dcppA-hindcast_s2006-r4i1p1f1_gn_200611-201612.ncrls_APmon_MPI-ESM1-2-LR_dcppA-hindcast_s2006-r5i1p1f1_gn_200611-201612.ncrls_APmon_MPI-ESM1-2-LR_dcppA-hindcast_s2006-r6i1p1f1_gn_200611-201612.ncrlut_APmon_MPI-ESM1-2-LR_dcppA-hindcast_s2006-r3i1p1f1_gn_200611-201612.ncrlut_APmon_MPI-ESM1-2-LR_dcppA-hindcast_s2006-r4i1p1f1_gn_200611-201612.ncrlut_APmon_MPI-ESM1-2-LR_dcppA-hindcast_s2006-r5i1p1f1_gn_200611-201612.ncrlut_APmon_MPI-ESM1-2-LR_dcppA-hindcast_s2006-r6i1p1f1_gn_200611-201612.ncrlutcs_APmon_MPI-ESM1-2-LR_dcppA-hindcast_s2006-r2i1p1f1_gn_200611-201612.ncrlutcs_APmon_MPI-ESM1-2-LR_dcppA-hindcast_s2006-r3i1p1f1_gn_200611-201612.ncrlutcs_APmon_MPI-ESM1-2-LR_dcppA-hindcast_s2006-r4i1p1f1_gn_200611-201612.ncrlutcs_APmon_MPI-ESM1-2-LR_dcppA-hindcast_s2006-r5i1p1f1_gn_200611-201612.ncrlutcs_APmon_MPI-ESM1-2-LR_dcppA-hindcast_s2006-r6i1p1f1_gn_200611-201612.ncrsds_APmon_MPI-ESM1-2-LR_dcppA-hindcast_s2006-r2i1p1f1_gn_200611-201612.ncrsds_APmon_MPI-ESM1-2-LR_dcppA-hindcast_s2006-r3i1p1f1_gn_200611-201612.ncrsds_APmon_MPI-ESM1-2-LR_dcppA-hindcast_s2006-r4i1p1f1_gn_200611-201612.ncrsds_APmon_MPI-ESM1-2-LR_dcppA-hindcast_s2006-r5i1p1f1_gn_200611-201612.ncrsds_APmon_MPI-ESM1-2-LR_dcppA-hindcast_s2006-r6i1p1f1_gn_200611-201612.ncrsdt_APmon_MPI-ESM1-2-LR_dcppA-hindcast_s2006-r2i1p1f1_gn_200611-201612.ncrsdt_APmon_MPI-ESM1-2-LR_dcppA-hindcast_s2006-r3i1p1f1_gn_200611-201612.ncrsdt_APmon_MPI-ESM1-2-LR_dcppA-hindcast_s2006-r5i1p1f1_gn_200611-201612.ncrsdt_APmon_MPI-ESM1-2-LR_dcppA-hindcast_s2006-r6i1p1f1_gn_200611-201612.ncrss_APmon_MPI-ESM1-2-LR_dcppA-hindcast_s2006-r2i1p1f1_gn_200611-201612.ncrss_APmon_MPI-ESM1-2-LR_dcppA-hindcast_s2006-r4i1p1f1_gn_200611-201612.ncrss_APmon_MPI-ESM1-2-LR_dcppA-hindcast_s2006-r5i1p1f1_gn_200611-201612.ncrss_APmon_MPI-ESM1-2-LR_dcppA-hindcast_s2006-r6i1p1f1_gn_200611-201612.ncrsut_APmon_MPI-ESM1-2-LR_dcppA-hindcast_s2006-r2i1p1f1_gn_200611-201612.ncrsut_APmon_MPI-ESM1-2-LR_dcppA-hindcast_s2006-r3i1p1f1_gn_200611-201612.ncrsut_APmon_MPI-ESM1-2-LR_dcppA-hindcast_s2006-r4i1p1f1_gn_200611-201612.ncrsut_APmon_MPI-ESM1-2-LR_dcppA-hindcast_s2006-r5i1p1f1_gn_200611-201612.ncrsut_APmon_MPI-ESM1-2-LR_dcppA-hindcast_s2006-r6i1p1f1_gn_200611-201612.ncrsutcs_APmon_MPI-ESM1-2-LR_dcppA-hindcast_s2006-r2i1p1f1_gn_200611-201612.ncrsutcs_APmon_MPI-ESM1-2-LR_dcppA-hindcast_s2006-r4i1p1f1_gn_200611-201612.ncrsutcs_APmon_MPI-ESM1-2-LR_dcppA-hindcast_s2006-r5i1p1f1_gn_200611-201612.ncrsutcs_APmon_MPI-ESM1-2-LR_dcppA-hindcast_s2006-r6i1p1f1_gn_200611-201612.ncsfcWind_APmon_MPI-ESM1-2-LR_dcppA-hindcast_s2006-r2i1p1f1_gn_200611-201612.ncsfcWind_APmon_MPI-ESM1-2-LR_dcppA-hindcast_s2006-r4i1p1f1_gn_200611-201612.ncsfcWind_APmon_MPI-ESM1-2-LR_dcppA-hindcast_s2006-r5i1p1f1_gn_200611-201612.ncsfcWind_APmon_MPI-ESM1-2-LR_dcppA-hindcast_s2006-r6i1p1f1_gn_200611-201612.nctauu_APmon_MPI-ESM1-2-LR_dcppA-hindcast_s2006-r2i1p1f1_gn_200611-201612.nctauu_APmon_MPI-ESM1-2-LR_dcppA-hindcast_s2006-r3i1p1f1_gn_200611-201612.nctauu_APmon_MPI-ESM1-2-LR_dcppA-hindcast_s2006-r4i1p1f1_gn_200611-201612.nctauu_APmon_MPI-ESM1-2-LR_dcppA-hindcast_s2006-r5i1p1f1_gn_200611-201612.nctauu_APmon_MPI-ESM1-2-LR_dcppA-hindcast_s2006-r6i1p1f1_gn_200611-201612.nctauv_APmon_MPI-ESM1-2-LR_dcppA-hindcast_s2006-r2i1p1f1_gn_200611-201612.nctauv_APmon_MPI-ESM1-2-LR_dcppA-hindcast_s2006-r3i1p1f1_gn_200611-201612.nctauv_APmon_MPI-ESM1-2-LR_dcppA-hindcast_s2006-r4i1p1f1_gn_200611-201612.nctauv_APmon_MPI-ESM1-2-LR_dcppA-hindcast_s2006-r5i1p1f1_gn_200611-201612.nctauv_APmon_MPI-ESM1-2-LR_dcppA-hindcast_s2006-r6i1p1f1_gn_200611-201612.nctdps_APmon_MPI-ESM1-2-LR_dcppA-hindcast_s2006-r2i1p1f1_gn_200611-201612.nctdps_APmon_MPI-ESM1-2-LR_dcppA-hindcast_s2006-r4i1p1f1_gn_200611-201612.nctdps_APmon_MPI-ESM1-2-LR_dcppA-hindcast_s2006-r5i1p1f1_gn_200611-201612.nctdps_APmon_MPI-ESM1-2-LR_dcppA-hindcast_s2006-r6i1p1f1_gn_200611-201612.ncts_APmon_MPI-ESM1-2-LR_dcppA-hindcast_s2006-r2i1p1f1_gn_200611-201612.ncts_APmon_MPI-ESM1-2-LR_dcppA-hindcast_s2006-r4i1p1f1_gn_200611-201612.ncts_APmon_MPI-ESM1-2-LR_dcppA-hindcast_s2006-r5i1p1f1_gn_200611-201612.ncts_APmon_MPI-ESM1-2-LR_dcppA-hindcast_s2006-r6i1p1f1_gn_200611-201612.ncmrro_LPmon_MPI-ESM1-2-LR_dcppA-hindcast_s2006-r2i1p1f1_gn_200611-201612.ncmrro_LPmon_MPI-ESM1-2-LR_dcppA-hindcast_s2006-r3i1p1f1_gn_200611-201612.ncmrro_LPmon_MPI-ESM1-2-LR_dcppA-hindcast_s2006-r4i1p1f1_gn_200611-201612.ncmrro_LPmon_MPI-ESM1-2-LR_dcppA-hindcast_s2006-r6i1p1f1_gn_200611-201612.ncsiconca_SImon_MPI-ESM1-2-LR_dcppA-hindcast_s2006-r2i1p1f1_gn_200611-201612.ncsiconca_SImon_MPI-ESM1-2-LR_dcppA-hindcast_s2006-r3i1p1f1_gn_200611-201612.ncsiconca_SImon_MPI-ESM1-2-LR_dcppA-hindcast_s2006-r4i1p1f1_gn_200611-201612.ncsiconca_SImon_MPI-ESM1-2-LR_dcppA-hindcast_s2006-r5i1p1f1_gn_200611-201612.ncsiconca_SImon_MPI-ESM1-2-LR_dcppA-hindcast_s2006-r6i1p1f1_gn_200611-201612.nc
df449438f863,DWD,s2007,dcpp-a,CMIP6 Plus,DKRZ,Partial,"pr_APday,pr_APmon,psl_APday,psl_APmon,rsds_APday,rsds_APmon,sfcWind_APday,sfcWind_APmon,tas_APday,tas_APmon,tasmax_APday,tasmin_APday,uas_APday,uas_APmon,vas_APday,vas_APmon,clt_APday,clt_APmon,prsn_APday,prsn_APmon,psl_APday,psl_APmon,rlut_APday,rlut_APmon,rsds_APday,rsds_APmon,ta_APmon,tas_APday,tas_APmon,ts_APmon,ua19_APmon,uas_APday,uas_APmon,va19_APmon,vas_APday,vas_APmon,zg_APmon,",Partial,"evspsbl_APmon,hus19_APmon,prsn_APday,prsn_APmon,rlds_APday,rlds_APmon,tasmax_APmon,tasmin_APmon,",hfls_APday_MPI-ESM1-2-LR_dcppA-hindcast_s2007-r2i1p1f1_gn_20071101-20171231.nchfls_APday_MPI-ESM1-2-LR_dcppA-hindcast_s2007-r3i1p1f1_gn_20071101-20171231.nchfls_APday_MPI-ESM1-2-LR_dcppA-hindcast_s2007-r4i1p1f1_gn_20071101-20171231.nchfls_APday_MPI-ESM1-2-LR_dcppA-hindcast_s2007-r5i1p1f1_gn_20071101-20171231.nchfls_APday_MPI-ESM1-2-LR_dcppA-hindcast_s2007-r6i1p1f1_gn_20071101-20171231.nchfss_APday_MPI-ESM1-2-LR_dcppA-hindcast_s2007-r2i1p1f1_gn_20071101-20171231.nchfss_APday_MPI-ESM1-2-LR_dcppA-hindcast_s2007-r3i1p1f1_gn_20071101-20171231.nchfss_APday_MPI-ESM1-2-LR_dcppA-hindcast_s2007-r4i1p1f1_gn_20071101-20171231.nchfss_APday_MPI-ESM1-2-LR_dcppA-hindcast_s2007-r5i1p1f1_gn_20071101-20171231.nchfss_APday_MPI-ESM1-2-LR_dcppA-hindcast_s2007-r6i1p1f1_gn_20071101-20171231.ncprc_APday_MPI-ESM1-2-LR_dcppA-hindcast_s2007-r2i1p1f1_gn_20071101-20171231.ncprc_APday_MPI-ESM1-2-LR_dcppA-hindcast_s2007-r3i1p1f1_gn_20071101-20171231.ncprc_APday_MPI-ESM1-2-LR_dcppA-hindcast_s2007-r4i1p1f1_gn_20071101-20171231.ncprc_APday_MPI-ESM1-2-LR_dcppA-hindcast_s2007-r5i1p1f1_gn_20071101-20171231.ncprc_APday_MPI-ESM1-2-LR_dcppA-hindcast_s2007-r6i1p1f1_gn_20071101-20171231.ncprsn_APday_MPI-ESM1-2-LR_dcppA-hindcast_s2007-r2i1p1f1_gn_20071101-20171231.ncprsn_APday_MPI-ESM1-2-LR_dcppA-hindcast_s2007-r3i1p1f1_gn_20071101-20171231.ncprsn_APday_MPI-ESM1-2-LR_dcppA-hindcast_s2007-r4i1p1f1_gn_20071101-20171231.ncprsn_APday_MPI-ESM1-2-LR_dcppA-hindcast_s2007-r5i1p1f1_gn_20071101-20171231.ncprsn_APday_MPI-ESM1-2-LR_dcppA-hindcast_s2007-r6i1p1f1_gn_20071101-20171231.ncrlds_APday_MPI-ESM1-2-LR_dcppA-hindcast_s2007-r2i1p1f1_gn_20071101-20171231.ncrlds_APday_MPI-ESM1-2-LR_dcppA-hindcast_s2007-r3i1p1f1_gn_20071101-20171231.ncrlds_APday_MPI-ESM1-2-LR_dcppA-hindcast_s2007-r4i1p1f1_gn_20071101-20171231.ncrlds_APday_MPI-ESM1-2-LR_dcppA-hindcast_s2007-r5i1p1f1_gn_20071101-20171231.ncrlds_APday_MPI-ESM1-2-LR_dcppA-hindcast_s2007-r6i1p1f1_gn_20071101-20171231.ncrls_APday_MPI-ESM1-2-LR_dcppA-hindcast_s2007-r2i1p1f1_gn_20071101-20171231.ncrls_APday_MPI-ESM1-2-LR_dcppA-hindcast_s2007-r3i1p1f1_gn_20071101-20171231.ncrls_APday_MPI-ESM1-2-LR_dcppA-hindcast_s2007-r4i1p1f1_gn_20071101-20171231.ncrls_APday_MPI-ESM1-2-LR_dcppA-hindcast_s2007-r5i1p1f1_gn_20071101-20171231.ncrls_APday_MPI-ESM1-2-LR_dcppA-hindcast_s2007-r6i1p1f1_gn_20071101-20171231.ncrlut_APday_MPI-ESM1-2-LR_dcppA-hindcast_s2007-r2i1p1f1_gn_20071101-20171231.ncrlut_APday_MPI-ESM1-2-LR_dcppA-hindcast_s2007-r3i1p1f1_gn_20071101-20171231.ncrlut_APday_MPI-ESM1-2-LR_dcppA-hindcast_s2007-r4i1p1f1_gn_20071101-20171231.ncrlut_APday_MPI-ESM1-2-LR_dcppA-hindcast_s2007-r5i1p1f1_gn_20071101-20171231.ncrlut_APday_MPI-ESM1-2-LR_dcppA-hindcast_s2007-r6i1p1f1_gn_20071101-20171231.ncrsds_APday_MPI-ESM1-2-LR_dcppA-hindcast_s2007-r2i1p1f1_gn_20071101-20171231.ncrsds_APday_MPI-ESM1-2-LR_dcppA-hindcast_s2007-r3i1p1f1_gn_20071101-20171231.ncrsds_APday_MPI-ESM1-2-LR_dcppA-hindcast_s2007-r4i1p1f1_gn_20071101-20171231.ncrsds_APday_MPI-ESM1-2-LR_dcppA-hindcast_s2007-r5i1p1f1_gn_20071101-20171231.ncrsds_APday_MPI-ESM1-2-LR_dcppA-hindcast_s2007-r6i1p1f1_gn_20071101-20171231.ncrsdt_APday_MPI-ESM1-2-LR_dcppA-hindcast_s2007-r2i1p1f1_gn_20071101-20171231.ncrsdt_APday_MPI-ESM1-2-LR_dcppA-hindcast_s2007-r3i1p1f1_gn_20071101-20171231.ncrsdt_APday_MPI-ESM1-2-LR_dcppA-hindcast_s2007-r4i1p1f1_gn_20071101-20171231.ncrsdt_APday_MPI-ESM1-2-LR_dcppA-hindcast_s2007-r5i1p1f1_gn_20071101-20171231.ncrsdt_APday_MPI-ESM1-2-LR_dcppA-hindcast_s2007-r6i1p1f1_gn_20071101-20171231.ncrsut_APday_MPI-ESM1-2-LR_dcppA-hindcast_s2007-r2i1p1f1_gn_20071101-20171231.ncrsut_APday_MPI-ESM1-2-LR_dcppA-hindcast_s2007-r3i1p1f1_gn_20071101-20171231.ncrsut_APday_MPI-ESM1-2-LR_dcppA-hindcast_s2007-r4i1p1f1_gn_20071101-20171231.ncrsut_APday_MPI-ESM1-2-LR_dcppA-hindcast_s2007-r5i1p1f1_gn_20071101-20171231.ncrsut_APday_MPI-ESM1-2-LR_dcppA-hindcast_s2007-r6i1p1f1_gn_20071101-20171231.ncsfcWind_APday_MPI-ESM1-2-LR_dcppA-hindcast_s2007-r2i1p1f1_gn_20071101-20171231.ncsfcWind_APday_MPI-ESM1-2-LR_dcppA-hindcast_s2007-r3i1p1f1_gn_20071101-20171231.ncsfcWind_APday_MPI-ESM1-2-LR_dcppA-hindcast_s2007-r4i1p1f1_gn_20071101-20171231.ncsfcWind_APday_MPI-ESM1-2-LR_dcppA-hindcast_s2007-r5i1p1f1_gn_20071101-20171231.ncsfcWind_APday_MPI-ESM1-2-LR_dcppA-hindcast_s2007-r6i1p1f1_gn_20071101-20171231.nctauu_APday_MPI-ESM1-2-LR_dcppA-hindcast_s2007-r2i1p1f1_gn_20071101-20171231.nctauu_APday_MPI-ESM1-2-LR_dcppA-hindcast_s2007-r3i1p1f1_gn_20071101-20171231.nctauu_APday_MPI-ESM1-2-LR_dcppA-hindcast_s2007-r4i1p1f1_gn_20071101-20171231.nctauu_APday_MPI-ESM1-2-LR_dcppA-hindcast_s2007-r5i1p1f1_gn_20071101-20171231.nctauu_APday_MPI-ESM1-2-LR_dcppA-hindcast_s2007-r6i1p1f1_gn_20071101-20171231.nctauv_APday_MPI-ESM1-2-LR_dcppA-hindcast_s2007-r2i1p1f1_gn_20071101-20171231.nctauv_APday_MPI-ESM1-2-LR_dcppA-hindcast_s2007-r3i1p1f1_gn_20071101-20171231.nctauv_APday_MPI-ESM1-2-LR_dcppA-hindcast_s2007-r4i1p1f1_gn_20071101-20171231.nctauv_APday_MPI-ESM1-2-LR_dcppA-hindcast_s2007-r5i1p1f1_gn_20071101-20171231.nctauv_APday_MPI-ESM1-2-LR_dcppA-hindcast_s2007-r6i1p1f1_gn_20071101-20171231.nctdps_APday_MPI-ESM1-2-LR_dcppA-hindcast_s2007-r2i1p1f1_gn_20071101-20171231.nctdps_APday_MPI-ESM1-2-LR_dcppA-hindcast_s2007-r3i1p1f1_gn_20071101-20171231.nctdps_APday_MPI-ESM1-2-LR_dcppA-hindcast_s2007-r4i1p1f1_gn_20071101-20171231.nctdps_APday_MPI-ESM1-2-LR_dcppA-hindcast_s2007-r5i1p1f1_gn_20071101-20171231.nctdps_APday_MPI-ESM1-2-LR_dcppA-hindcast_s2007-r6i1p1f1_gn_20071101-20171231.ncclt_APmon_MPI-ESM1-2-LR_dcppA-hindcast_s2007-r2i1p1f1_gn_200711-201712.ncclt_APmon_MPI-ESM1-2-LR_dcppA-hindcast_s2007-r3i1p1f1_gn_200711-201712.ncclt_APmon_MPI-ESM1-2-LR_dcppA-hindcast_s2007-r4i1p1f1_gn_200711-201712.ncclt_APmon_MPI-ESM1-2-LR_dcppA-hindcast_s2007-r5i1p1f1_gn_200711-201712.ncclt_APmon_MPI-ESM1-2-LR_dcppA-hindcast_s2007-r6i1p1f1_gn_200711-201712.ncevspsbl_APmon_MPI-ESM1-2-LR_dcppA-hindcast_s2007-r2i1p1f1_gn_200711-201712.ncevspsbl_APmon_MPI-ESM1-2-LR_dcppA-hindcast_s2007-r3i1p1f1_gn_200711-201712.ncevspsbl_APmon_MPI-ESM1-2-LR_dcppA-hindcast_s2007-r4i1p1f1_gn_200711-201712.ncevspsbl_APmon_MPI-ESM1-2-LR_dcppA-hindcast_s2007-r5i1p1f1_gn_200711-201712.ncevspsbl_APmon_MPI-ESM1-2-LR_dcppA-hindcast_s2007-r6i1p1f1_gn_200711-201712.nchfls_APmon_MPI-ESM1-2-LR_dcppA-hindcast_s2007-r2i1p1f1_gn_200711-201712.nchfls_APmon_MPI-ESM1-2-LR_dcppA-hindcast_s2007-r3i1p1f1_gn_200711-201712.nchfls_APmon_MPI-ESM1-2-LR_dcppA-hindcast_s2007-r4i1p1f1_gn_200711-201712.nchfls_APmon_MPI-ESM1-2-LR_dcppA-hindcast_s2007-r5i1p1f1_gn_200711-201712.nchfls_APmon_MPI-ESM1-2-LR_dcppA-hindcast_s2007-r6i1p1f1_gn_200711-201712.nchfss_APmon_MPI-ESM1-2-LR_dcppA-hindcast_s2007-r2i1p1f1_gn_200711-201712.nchfss_APmon_MPI-ESM1-2-LR_dcppA-hindcast_s2007-r3i1p1f1_gn_200711-201712.nchfss_APmon_MPI-ESM1-2-LR_dcppA-hindcast_s2007-r4i1p1f1_gn_200711-201712.nchfss_APmon_MPI-ESM1-2-LR_dcppA-hindcast_s2007-r5i1p1f1_gn_200711-201712.nchfss_APmon_MPI-ESM1-2-LR_dcppA-hindcast_s2007-r6i1p1f1_gn_200711-201712.ncprsn_APmon_MPI-ESM1-2-LR_dcppA-hindcast_s2007-r2i1p1f1_gn_200711-201712.ncprsn_APmon_MPI-ESM1-2-LR_dcppA-hindcast_s2007-r3i1p1f1_gn_200711-201712.ncprsn_APmon_MPI-ESM1-2-LR_dcppA-hindcast_s2007-r4i1p1f1_gn_200711-201712.ncprsn_APmon_MPI-ESM1-2-LR_dcppA-hindcast_s2007-r5i1p1f1_gn_200711-201712.ncprsn_APmon_MPI-ESM1-2-LR_dcppA-hindcast_s2007-r6i1p1f1_gn_200711-201712.ncrlds_APmon_MPI-ESM1-2-LR_dcppA-hindcast_s2007-r2i1p1f1_gn_200711-201712.ncrlds_APmon_MPI-ESM1-2-LR_dcppA-hindcast_s2007-r3i1p1f1_gn_200711-201712.ncrlds_APmon_MPI-ESM1-2-LR_dcppA-hindcast_s2007-r4i1p1f1_gn_200711-201712.ncrlds_APmon_MPI-ESM1-2-LR_dcppA-hindcast_s2007-r5i1p1f1_gn_200711-201712.ncrlds_APmon_MPI-ESM1-2-LR_dcppA-hindcast_s2007-r6i1p1f1_gn_200711-201712.ncrls_APmon_MPI-ESM1-2-LR_dcppA-hindcast_s2007-r2i1p1f1_gn_200711-201712.ncrls_APmon_MPI-ESM1-2-LR_dcppA-hindcast_s2007-r3i1p1f1_gn_200711-201712.ncrls_APmon_MPI-ESM1-2-LR_dcppA-hindcast_s2007-r4i1p1f1_gn_200711-201712.ncrls_APmon_MPI-ESM1-2-LR_dcppA-hindcast_s2007-r5i1p1f1_gn_200711-201712.ncrls_APmon_MPI-ESM1-2-LR_dcppA-hindcast_s2007-r6i1p1f1_gn_200711-201712.ncrlut_APmon_MPI-ESM1-2-LR_dcppA-hindcast_s2007-r2i1p1f1_gn_200711-201712.ncrlut_APmon_MPI-ESM1-2-LR_dcppA-hindcast_s2007-r3i1p1f1_gn_200711-201712.ncrlut_APmon_MPI-ESM1-2-LR_dcppA-hindcast_s2007-r4i1p1f1_gn_200711-201712.ncrlut_APmon_MPI-ESM1-2-LR_dcppA-hindcast_s2007-r5i1p1f1_gn_200711-201712.ncrlut_APmon_MPI-ESM1-2-LR_dcppA-hindcast_s2007-r6i1p1f1_gn_200711-201712.ncrlutcs_APmon_MPI-ESM1-2-LR_dcppA-hindcast_s2007-r2i1p1f1_gn_200711-201712.ncrlutcs_APmon_MPI-ESM1-2-LR_dcppA-hindcast_s2007-r3i1p1f1_gn_200711-201712.ncrlutcs_APmon_MPI-ESM1-2-LR_dcppA-hindcast_s2007-r4i1p1f1_gn_200711-201712.ncrlutcs_APmon_MPI-ESM1-2-LR_dcppA-hindcast_s2007-r5i1p1f1_gn_200711-201712.ncrlutcs_APmon_MPI-ESM1-2-LR_dcppA-hindcast_s2007-r6i1p1f1_gn_200711-201712.ncrsds_APmon_MPI-ESM1-2-LR_dcppA-hindcast_s2007-r2i1p1f1_gn_200711-201712.ncrsds_APmon_MPI-ESM1-2-LR_dcppA-hindcast_s2007-r3i1p1f1_gn_200711-201712.ncrsds_APmon_MPI-ESM1-2-LR_dcppA-hindcast_s2007-r4i1p1f1_gn_200711-201712.ncrsds_APmon_MPI-ESM1-2-LR_dcppA-hindcast_s2007-r5i1p1f1_gn_200711-201712.ncrsds_APmon_MPI-ESM1-2-LR_dcppA-hindcast_s2007-r6i1p1f1_gn_200711-201712.ncrsdt_APmon_MPI-ESM1-2-LR_dcppA-hindcast_s2007-r2i1p1f1_gn_200711-201712.ncrsdt_APmon_MPI-ESM1-2-LR_dcppA-hindcast_s2007-r3i1p1f1_gn_200711-201712.ncrsdt_APmon_MPI-ESM1-2-LR_dcppA-hindcast_s2007-r4i1p1f1_gn_200711-201712.ncrsdt_APmon_MPI-ESM1-2-LR_dcppA-hindcast_s2007-r5i1p1f1_gn_200711-201712.ncrsdt_APmon_MPI-ESM1-2-LR_dcppA-hindcast_s2007-r6i1p1f1_gn_200711-201712.ncrss_APmon_MPI-ESM1-2-LR_dcppA-hindcast_s2007-r2i1p1f1_gn_200711-201712.ncrss_APmon_MPI-ESM1-2-LR_dcppA-hindcast_s2007-r3i1p1f1_gn_200711-201712.ncrss_APmon_MPI-ESM1-2-LR_dcppA-hindcast_s2007-r4i1p1f1_gn_200711-201712.ncrss_APmon_MPI-ESM1-2-LR_dcppA-hindcast_s2007-r5i1p1f1_gn_200711-201712.ncrss_APmon_MPI-ESM1-2-LR_dcppA-hindcast_s2007-r6i1p1f1_gn_200711-201712.ncrsut_APmon_MPI-ESM1-2-LR_dcppA-hindcast_s2007-r2i1p1f1_gn_200711-201712.ncrsut_APmon_MPI-ESM1-2-LR_dcppA-hindcast_s2007-r3i1p1f1_gn_200711-201712.ncrsut_APmon_MPI-ESM1-2-LR_dcppA-hindcast_s2007-r4i1p1f1_gn_200711-201712.ncrsut_APmon_MPI-ESM1-2-LR_dcppA-hindcast_s2007-r5i1p1f1_gn_200711-201712.ncrsut_APmon_MPI-ESM1-2-LR_dcppA-hindcast_s2007-r6i1p1f1_gn_200711-201712.ncrsutcs_APmon_MPI-ESM1-2-LR_dcppA-hindcast_s2007-r2i1p1f1_gn_200711-201712.ncrsutcs_APmon_MPI-ESM1-2-LR_dcppA-hindcast_s2007-r3i1p1f1_gn_200711-201712.ncrsutcs_APmon_MPI-ESM1-2-LR_dcppA-hindcast_s2007-r4i1p1f1_gn_200711-201712.ncrsutcs_APmon_MPI-ESM1-2-LR_dcppA-hindcast_s2007-r5i1p1f1_gn_200711-201712.ncrsutcs_APmon_MPI-ESM1-2-LR_dcppA-hindcast_s2007-r6i1p1f1_gn_200711-201712.ncsfcWind_APmon_MPI-ESM1-2-LR_dcppA-hindcast_s2007-r2i1p1f1_gn_200711-201712.ncsfcWind_APmon_MPI-ESM1-2-LR_dcppA-hindcast_s2007-r3i1p1f1_gn_200711-201712.ncsfcWind_APmon_MPI-ESM1-2-LR_dcppA-hindcast_s2007-r4i1p1f1_gn_200711-201712.ncsfcWind_APmon_MPI-ESM1-2-LR_dcppA-hindcast_s2007-r5i1p1f1_gn_200711-201712.ncsfcWind_APmon_MPI-ESM1-2-LR_dcppA-hindcast_s2007-r6i1p1f1_gn_200711-201712.nctauu_APmon_MPI-ESM1-2-LR_dcppA-hindcast_s2007-r3i1p1f1_gn_200711-201712.nctauu_APmon_MPI-ESM1-2-LR_dcppA-hindcast_s2007-r4i1p1f1_gn_200711-201712.nctauu_APmon_MPI-ESM1-2-LR_dcppA-hindcast_s2007-r5i1p1f1_gn_200711-201712.nctauu_APmon_MPI-ESM1-2-LR_dcppA-hindcast_s2007-r6i1p1f1_gn_200711-201712.nctauv_APmon_MPI-ESM1-2-LR_dcppA-hindcast_s2007-r2i1p1f1_gn_200711-201712.nctauv_APmon_MPI-ESM1-2-LR_dcppA-hindcast_s2007-r3i1p1f1_gn_200711-201712.nctauv_APmon_MPI-ESM1-2-LR_dcppA-hindcast_s2007-r4i1p1f1_gn_200711-201712.nctauv_APmon_MPI-ESM1-2-LR_dcppA-hindcast_s2007-r5i1p1f1_gn_200711-201712.nctauv_APmon_MPI-ESM1-2-LR_dcppA-hindcast_s2007-r6i1p1f1_gn_200711-201712.nctdps_APmon_MPI-ESM1-2-LR_dcppA-hindcast_s2007-r2i1p1f1_gn_200711-201712.nctdps_APmon_MPI-ESM1-2-LR_dcppA-hindcast_s2007-r3i1p1f1_gn_200711-201712.nctdps_APmon_MPI-ESM1-2-LR_dcppA-hindcast_s2007-r4i1p1f1_gn_200711-201712.nctdps_APmon_MPI-ESM1-2-LR_dcppA-hindcast_s2007-r5i1p1f1_gn_200711-201712.nctdps_APmon_MPI-ESM1-2-LR_dcppA-hindcast_s2007-r6i1p1f1_gn_200711-201712.ncts_APmon_MPI-ESM1-2-LR_dcppA-hindcast_s2007-r2i1p1f1_gn_200711-201712.ncts_APmon_MPI-ESM1-2-LR_dcppA-hindcast_s2007-r3i1p1f1_gn_200711-201712.ncts_APmon_MPI-ESM1-2-LR_dcppA-hindcast_s2007-r4i1p1f1_gn_200711-201712.ncts_APmon_MPI-ESM1-2-LR_dcppA-hindcast_s2007-r5i1p1f1_gn_200711-201712.ncts_APmon_MPI-ESM1-2-LR_dcppA-hindcast_s2007-r6i1p1f1_gn_200711-201712.ncmrro_LPmon_MPI-ESM1-2-LR_dcppA-hindcast_s2007-r2i1p1f1_gn_200711-201712.ncmrro_LPmon_MPI-ESM1-2-LR_dcppA-hindcast_s2007-r3i1p1f1_gn_200711-201712.ncmrro_LPmon_MPI-ESM1-2-LR_dcppA-hindcast_s2007-r4i1p1f1_gn_200711-201712.ncmrro_LPmon_MPI-ESM1-2-LR_dcppA-hindcast_s2007-r5i1p1f1_gn_200711-201712.ncmrro_LPmon_MPI-ESM1-2-LR_dcppA-hindcast_s2007-r6i1p1f1_gn_200711-201712.ncsiconca_SImon_MPI-ESM1-2-LR_dcppA-hindcast_s2007-r2i1p1f1_gn_200711-201712.ncsiconca_SImon_MPI-ESM1-2-LR_dcppA-hindcast_s2007-r3i1p1f1_gn_200711-201712.ncsiconca_SImon_MPI-ESM1-2-LR_dcppA-hindcast_s2007-r4i1p1f1_gn_200711-201712.ncsiconca_SImon_MPI-ESM1-2-LR_dcppA-hindcast_s2007-r5i1p1f1_gn_200711-201712.nc
8dd954ab2134,DWD,s2008,dcpp-a,CMIP6 Plus,DKRZ,Partial,"pr_APday,pr_APmon,psl_APday,psl_APmon,rsds_APday,rsds_APmon,sfcWind_APday,sfcWind_APmon,tas_APday,tas_APmon,tasmax_APday,tasmin_APday,uas_APday,uas_APmon,vas_APday,vas_APmon,clt_APday,clt_APmon,prsn_APday,prsn_APmon,psl_APday,psl_APmon,rlut_APday,rlut_APmon,rsds_APday,rsds_APmon,ta_APmon,tas_APday,tas_APmon,ts_APmon,ua19_APmon,uas_APday,uas_APmon,va19_APmon,vas_APday,vas_APmon,zg_APmon,",Partial,"evspsbl_APmon,hus19_APmon,prsn_APday,prsn_APmon,rlds_APday,rlds_APmon,tasmax_APmon,tasmin_APmon,",hfls_APday_MPI-ESM1-2-LR_dcppA-hindcast_s2008-r2i1p1f1_gn_20081101-20181231.nchfls_APday_MPI-ESM1-2-LR_dcppA-hindcast_s2008-r3i1p1f1_gn_20081101-20181231.nchfls_APday_MPI-ESM1-2-LR_dcppA-hindcast_s2008-r4i1p1f1_gn_20081101-20181231.nchfls_APday_MPI-ESM1-2-LR_dcppA-hindcast_s2008-r5i1p1f1_gn_20081101-20181231.nchfls_APday_MPI-ESM1-2-LR_dcppA-hindcast_s2008-r6i1p1f1_gn_20081101-20181231.nchfss_APday_MPI-ESM1-2-LR_dcppA-hindcast_s2008-r2i1p1f1_gn_20081101-20181231.nchfss_APday_MPI-ESM1-2-LR_dcppA-hindcast_s2008-r3i1p1f1_gn_20081101-20181231.nchfss_APday_MPI-ESM1-2-LR_dcppA-hindcast_s2008-r4i1p1f1_gn_20081101-20181231.nchfss_APday_MPI-ESM1-2-LR_dcppA-hindcast_s2008-r5i1p1f1_gn_20081101-20181231.nchfss_APday_MPI-ESM1-2-LR_dcppA-hindcast_s2008-r6i1p1f1_gn_20081101-20181231.ncprc_APday_MPI-ESM1-2-LR_dcppA-hindcast_s2008-r2i1p1f1_gn_20081101-20181231.ncprc_APday_MPI-ESM1-2-LR_dcppA-hindcast_s2008-r3i1p1f1_gn_20081101-20181231.ncprc_APday_MPI-ESM1-2-LR_dcppA-hindcast_s2008-r4i1p1f1_gn_20081101-20181231.ncprc_APday_MPI-ESM1-2-LR_dcppA-hindcast_s2008-r5i1p1f1_gn_20081101-20181231.ncprc_APday_MPI-ESM1-2-LR_dcppA-hindcast_s2008-r6i1p1f1_gn_20081101-20181231.ncprsn_APday_MPI-ESM1-2-LR_dcppA-hindcast_s2008-r2i1p1f1_gn_20081101-20181231.ncprsn_APday_MPI-ESM1-2-LR_dcppA-hindcast_s2008-r3i1p1f1_gn_20081101-20181231.ncprsn_APday_MPI-ESM1-2-LR_dcppA-hindcast_s2008-r4i1p1f1_gn_20081101-20181231.ncprsn_APday_MPI-ESM1-2-LR_dcppA-hindcast_s2008-r5i1p1f1_gn_20081101-20181231.ncprsn_APday_MPI-ESM1-2-LR_dcppA-hindcast_s2008-r6i1p1f1_gn_20081101-20181231.ncrlds_APday_MPI-ESM1-2-LR_dcppA-hindcast_s2008-r2i1p1f1_gn_20081101-20181231.ncrlds_APday_MPI-ESM1-2-LR_dcppA-hindcast_s2008-r3i1p1f1_gn_20081101-20181231.ncrlds_APday_MPI-ESM1-2-LR_dcppA-hindcast_s2008-r4i1p1f1_gn_20081101-20181231.ncrlds_APday_MPI-ESM1-2-LR_dcppA-hindcast_s2008-r5i1p1f1_gn_20081101-20181231.ncrlds_APday_MPI-ESM1-2-LR_dcppA-hindcast_s2008-r6i1p1f1_gn_20081101-20181231.ncrls_APday_MPI-ESM1-2-LR_dcppA-hindcast_s2008-r2i1p1f1_gn_20081101-20181231.ncrls_APday_MPI-ESM1-2-LR_dcppA-hindcast_s2008-r3i1p1f1_gn_20081101-20181231.ncrls_APday_MPI-ESM1-2-LR_dcppA-hindcast_s2008-r4i1p1f1_gn_20081101-20181231.ncrls_APday_MPI-ESM1-2-LR_dcppA-hindcast_s2008-r5i1p1f1_gn_20081101-20181231.ncrls_APday_MPI-ESM1-2-LR_dcppA-hindcast_s2008-r6i1p1f1_gn_20081101-20181231.ncrlut_APday_MPI-ESM1-2-LR_dcppA-hindcast_s2008-r2i1p1f1_gn_20081101-20181231.ncrlut_APday_MPI-ESM1-2-LR_dcppA-hindcast_s2008-r3i1p1f1_gn_20081101-20181231.ncrlut_APday_MPI-ESM1-2-LR_dcppA-hindcast_s2008-r4i1p1f1_gn_20081101-20181231.ncrlut_APday_MPI-ESM1-2-LR_dcppA-hindcast_s2008-r5i1p1f1_gn_20081101-20181231.ncrlut_APday_MPI-ESM1-2-LR_dcppA-hindcast_s2008-r6i1p1f1_gn_20081101-20181231.ncrsds_APday_MPI-ESM1-2-LR_dcppA-hindcast_s2008-r2i1p1f1_gn_20081101-20181231.ncrsds_APday_MPI-ESM1-2-LR_dcppA-hindcast_s2008-r3i1p1f1_gn_20081101-20181231.ncrsds_APday_MPI-ESM1-2-LR_dcppA-hindcast_s2008-r4i1p1f1_gn_20081101-20181231.ncrsds_APday_MPI-ESM1-2-LR_dcppA-hindcast_s2008-r5i1p1f1_gn_20081101-20181231.ncrsds_APday_MPI-ESM1-2-LR_dcppA-hindcast_s2008-r6i1p1f1_gn_20081101-20181231.ncrsdt_APday_MPI-ESM1-2-LR_dcppA-hindcast_s2008-r2i1p1f1_gn_20081101-20181231.ncrsdt_APday_MPI-ESM1-2-LR_dcppA-hindcast_s2008-r3i1p1f1_gn_20081101-20181231.ncrsdt_APday_MPI-ESM1-2-LR_dcppA-hindcast_s2008-r4i1p1f1_gn_20081101-20181231.ncrsdt_APday_MPI-ESM1-2-LR_dcppA-hindcast_s2008-r5i1p1f1_gn_20081101-20181231.ncrsdt_APday_MPI-ESM1-2-LR_dcppA-hindcast_s2008-r6i1p1f1_gn_20081101-20181231.ncrsut_APday_MPI-ESM1-2-LR_dcppA-hindcast_s2008-r2i1p1f1_gn_20081101-20181231.ncrsut_APday_MPI-ESM1-2-LR_dcppA-hindcast_s2008-r3i1p1f1_gn_20081101-20181231.ncrsut_APday_MPI-ESM1-2-LR_dcppA-hindcast_s2008-r4i1p1f1_gn_20081101-20181231.ncrsut_APday_MPI-ESM1-2-LR_dcppA-hindcast_s2008-r5i1p1f1_gn_20081101-20181231.ncrsut_APday_MPI-ESM1-2-LR_dcppA-hindcast_s2008-r6i1p1f1_gn_20081101-20181231.ncsfcWind_APday_MPI-ESM1-2-LR_dcppA-hindcast_s2008-r2i1p1f1_gn_20081101-20181231.ncsfcWind_APday_MPI-ESM1-2-LR_dcppA-hindcast_s2008-r3i1p1f1_gn_20081101-20181231.ncsfcWind_APday_MPI-ESM1-2-LR_dcppA-hindcast_s2008-r4i1p1f1_gn_20081101-20181231.ncsfcWind_APday_MPI-ESM1-2-LR_dcppA-hindcast_s2008-r5i1p1f1_gn_20081101-20181231.ncsfcWind_APday_MPI-ESM1-2-LR_dcppA-hindcast_s2008-r6i1p1f1_gn_20081101-20181231.nctauu_APday_MPI-ESM1-2-LR_dcppA-hindcast_s2008-r2i1p1f1_gn_20081101-20181231.nctauu_APday_MPI-ESM1-2-LR_dcppA-hindcast_s2008-r3i1p1f1_gn_20081101-20181231.nctauu_APday_MPI-ESM1-2-LR_dcppA-hindcast_s2008-r4i1p1f1_gn_20081101-20181231.nctauu_APday_MPI-ESM1-2-LR_dcppA-hindcast_s2008-r5i1p1f1_gn_20081101-20181231.nctauu_APday_MPI-ESM1-2-LR_dcppA-hindcast_s2008-r6i1p1f1_gn_20081101-20181231.nctauv_APday_MPI-ESM1-2-LR_dcppA-hindcast_s2008-r2i1p1f1_gn_20081101-20181231.nctauv_APday_MPI-ESM1-2-LR_dcppA-hindcast_s2008-r3i1p1f1_gn_20081101-20181231.nctauv_APday_MPI-ESM1-2-LR_dcppA-hindcast_s2008-r4i1p1f1_gn_20081101-20181231.nctauv_APday_MPI-ESM1-2-LR_dcppA-hindcast_s2008-r5i1p1f1_gn_20081101-20181231.nctauv_APday_MPI-ESM1-2-LR_dcppA-hindcast_s2008-r6i1p1f1_gn_20081101-20181231.nctdps_APday_MPI-ESM1-2-LR_dcppA-hindcast_s2008-r2i1p1f1_gn_20081101-20181231.nctdps_APday_MPI-ESM1-2-LR_dcppA-hindcast_s2008-r3i1p1f1_gn_20081101-20181231.nctdps_APday_MPI-ESM1-2-LR_dcppA-hindcast_s2008-r4i1p1f1_gn_20081101-20181231.nctdps_APday_MPI-ESM1-2-LR_dcppA-hindcast_s2008-r5i1p1f1_gn_20081101-20181231.nctdps_APday_MPI-ESM1-2-LR_dcppA-hindcast_s2008-r6i1p1f1_gn_20081101-20181231.ncclt_APmon_MPI-ESM1-2-LR_dcppA-hindcast_s2008-r2i1p1f1_gn_200811-201812.ncclt_APmon_MPI-ESM1-2-LR_dcppA-hindcast_s2008-r3i1p1f1_gn_200811-201812.ncclt_APmon_MPI-ESM1-2-LR_dcppA-hindcast_s2008-r4i1p1f1_gn_200811-201812.ncclt_APmon_MPI-ESM1-2-LR_dcppA-hindcast_s2008-r5i1p1f1_gn_200811-201812.ncclt_APmon_MPI-ESM1-2-LR_dcppA-hindcast_s2008-r6i1p1f1_gn_200811-201812.ncevspsbl_APmon_MPI-ESM1-2-LR_dcppA-hindcast_s2008-r2i1p1f1_gn_200811-201812.ncevspsbl_APmon_MPI-ESM1-2-LR_dcppA-hindcast_s2008-r3i1p1f1_gn_200811-201812.ncevspsbl_APmon_MPI-ESM1-2-LR_dcppA-hindcast_s2008-r4i1p1f1_gn_200811-201812.ncevspsbl_APmon_MPI-ESM1-2-LR_dcppA-hindcast_s2008-r5i1p1f1_gn_200811-201812.ncevspsbl_APmon_MPI-ESM1-2-LR_dcppA-hindcast_s2008-r6i1p1f1_gn_200811-201812.nchfls_APmon_MPI-ESM1-2-LR_dcppA-hindcast_s2008-r2i1p1f1_gn_200811-201812.nchfls_APmon_MPI-ESM1-2-LR_dcppA-hindcast_s2008-r3i1p1f1_gn_200811-201812.nchfls_APmon_MPI-ESM1-2-LR_dcppA-hindcast_s2008-r4i1p1f1_gn_200811-201812.nchfls_APmon_MPI-ESM1-2-LR_dcppA-hindcast_s2008-r5i1p1f1_gn_200811-201812.nchfls_APmon_MPI-ESM1-2-LR_dcppA-hindcast_s2008-r6i1p1f1_gn_200811-201812.nchfss_APmon_MPI-ESM1-2-LR_dcppA-hindcast_s2008-r2i1p1f1_gn_200811-201812.nchfss_APmon_MPI-ESM1-2-LR_dcppA-hindcast_s2008-r3i1p1f1_gn_200811-201812.nchfss_APmon_MPI-ESM1-2-LR_dcppA-hindcast_s2008-r4i1p1f1_gn_200811-201812.nchfss_APmon_MPI-ESM1-2-LR_dcppA-hindcast_s2008-r5i1p1f1_gn_200811-201812.nchfss_APmon_MPI-ESM1-2-LR_dcppA-hindcast_s2008-r6i1p1f1_gn_200811-201812.ncprsn_APmon_MPI-ESM1-2-LR_dcppA-hindcast_s2008-r2i1p1f1_gn_200811-201812.ncprsn_APmon_MPI-ESM1-2-LR_dcppA-hindcast_s2008-r3i1p1f1_gn_200811-201812.ncprsn_APmon_MPI-ESM1-2-LR_dcppA-hindcast_s2008-r4i1p1f1_gn_200811-201812.ncprsn_APmon_MPI-ESM1-2-LR_dcppA-hindcast_s2008-r5i1p1f1_gn_200811-201812.ncprsn_APmon_MPI-ESM1-2-LR_dcppA-hindcast_s2008-r6i1p1f1_gn_200811-201812.ncrlds_APmon_MPI-ESM1-2-LR_dcppA-hindcast_s2008-r2i1p1f1_gn_200811-201812.ncrlds_APmon_MPI-ESM1-2-LR_dcppA-hindcast_s2008-r3i1p1f1_gn_200811-201812.ncrlds_APmon_MPI-ESM1-2-LR_dcppA-hindcast_s2008-r4i1p1f1_gn_200811-201812.ncrlds_APmon_MPI-ESM1-2-LR_dcppA-hindcast_s2008-r5i1p1f1_gn_200811-201812.ncrlds_APmon_MPI-ESM1-2-LR_dcppA-hindcast_s2008-r6i1p1f1_gn_200811-201812.ncrls_APmon_MPI-ESM1-2-LR_dcppA-hindcast_s2008-r2i1p1f1_gn_200811-201812.ncrls_APmon_MPI-ESM1-2-LR_dcppA-hindcast_s2008-r3i1p1f1_gn_200811-201812.ncrls_APmon_MPI-ESM1-2-LR_dcppA-hindcast_s2008-r4i1p1f1_gn_200811-201812.ncrls_APmon_MPI-ESM1-2-LR_dcppA-hindcast_s2008-r5i1p1f1_gn_200811-201812.ncrls_APmon_MPI-ESM1-2-LR_dcppA-hindcast_s2008-r6i1p1f1_gn_200811-201812.ncrlut_APmon_MPI-ESM1-2-LR_dcppA-hindcast_s2008-r2i1p1f1_gn_200811-201812.ncrlut_APmon_MPI-ESM1-2-LR_dcppA-hindcast_s2008-r3i1p1f1_gn_200811-201812.ncrlut_APmon_MPI-ESM1-2-LR_dcppA-hindcast_s2008-r4i1p1f1_gn_200811-201812.ncrlut_APmon_MPI-ESM1-2-LR_dcppA-hindcast_s2008-r5i1p1f1_gn_200811-201812.ncrlut_APmon_MPI-ESM1-2-LR_dcppA-hindcast_s2008-r6i1p1f1_gn_200811-201812.ncrlutcs_APmon_MPI-ESM1-2-LR_dcppA-hindcast_s2008-r2i1p1f1_gn_200811-201812.ncrlutcs_APmon_MPI-ESM1-2-LR_dcppA-hindcast_s2008-r3i1p1f1_gn_200811-201812.ncrlutcs_APmon_MPI-ESM1-2-LR_dcppA-hindcast_s2008-r4i1p1f1_gn_200811-201812.ncrlutcs_APmon_MPI-ESM1-2-LR_dcppA-hindcast_s2008-r5i1p1f1_gn_200811-201812.ncrlutcs_APmon_MPI-ESM1-2-LR_dcppA-hindcast_s2008-r6i1p1f1_gn_200811-201812.ncrsds_APmon_MPI-ESM1-2-LR_dcppA-hindcast_s2008-r2i1p1f1_gn_200811-201812.ncrsds_APmon_MPI-ESM1-2-LR_dcppA-hindcast_s2008-r3i1p1f1_gn_200811-201812.ncrsds_APmon_MPI-ESM1-2-LR_dcppA-hindcast_s2008-r4i1p1f1_gn_200811-201812.ncrsds_APmon_MPI-ESM1-2-LR_dcppA-hindcast_s2008-r5i1p1f1_gn_200811-201812.ncrsds_APmon_MPI-ESM1-2-LR_dcppA-hindcast_s2008-r6i1p1f1_gn_200811-201812.ncrsdt_APmon_MPI-ESM1-2-LR_dcppA-hindcast_s2008-r2i1p1f1_gn_200811-201812.ncrsdt_APmon_MPI-ESM1-2-LR_dcppA-hindcast_s2008-r3i1p1f1_gn_200811-201812.ncrsdt_APmon_MPI-ESM1-2-LR_dcppA-hindcast_s2008-r4i1p1f1_gn_200811-201812.ncrsdt_APmon_MPI-ESM1-2-LR_dcppA-hindcast_s2008-r5i1p1f1_gn_200811-201812.ncrsdt_APmon_MPI-ESM1-2-LR_dcppA-hindcast_s2008-r6i1p1f1_gn_200811-201812.ncrss_APmon_MPI-ESM1-2-LR_dcppA-hindcast_s2008-r2i1p1f1_gn_200811-201812.ncrss_APmon_MPI-ESM1-2-LR_dcppA-hindcast_s2008-r3i1p1f1_gn_200811-201812.ncrss_APmon_MPI-ESM1-2-LR_dcppA-hindcast_s2008-r4i1p1f1_gn_200811-201812.ncrss_APmon_MPI-ESM1-2-LR_dcppA-hindcast_s2008-r5i1p1f1_gn_200811-201812.ncrss_APmon_MPI-ESM1-2-LR_dcppA-hindcast_s2008-r6i1p1f1_gn_200811-201812.ncrsut_APmon_MPI-ESM1-2-LR_dcppA-hindcast_s2008-r2i1p1f1_gn_200811-201812.ncrsut_APmon_MPI-ESM1-2-LR_dcppA-hindcast_s2008-r3i1p1f1_gn_200811-201812.ncrsut_APmon_MPI-ESM1-2-LR_dcppA-hindcast_s2008-r4i1p1f1_gn_200811-201812.ncrsut_APmon_MPI-ESM1-2-LR_dcppA-hindcast_s2008-r5i1p1f1_gn_200811-201812.ncrsut_APmon_MPI-ESM1-2-LR_dcppA-hindcast_s2008-r6i1p1f1_gn_200811-201812.ncrsutcs_APmon_MPI-ESM1-2-LR_dcppA-hindcast_s2008-r2i1p1f1_gn_200811-201812.ncrsutcs_APmon_MPI-ESM1-2-LR_dcppA-hindcast_s2008-r3i1p1f1_gn_200811-201812.ncrsutcs_APmon_MPI-ESM1-2-LR_dcppA-hindcast_s2008-r4i1p1f1_gn_200811-201812.ncrsutcs_APmon_MPI-ESM1-2-LR_dcppA-hindcast_s2008-r6i1p1f1_gn_200811-201812.ncsfcWind_APmon_MPI-ESM1-2-LR_dcppA-hindcast_s2008-r2i1p1f1_gn_200811-201812.ncsfcWind_APmon_MPI-ESM1-2-LR_dcppA-hindcast_s2008-r3i1p1f1_gn_200811-201812.ncsfcWind_APmon_MPI-ESM1-2-LR_dcppA-hindcast_s2008-r4i1p1f1_gn_200811-201812.ncsfcWind_APmon_MPI-ESM1-2-LR_dcppA-hindcast_s2008-r5i1p1f1_gn_200811-201812.ncsfcWind_APmon_MPI-ESM1-2-LR_dcppA-hindcast_s2008-r6i1p1f1_gn_200811-201812.nctauu_APmon_MPI-ESM1-2-LR_dcppA-hindcast_s2008-r2i1p1f1_gn_200811-201812.nctauu_APmon_MPI-ESM1-2-LR_dcppA-hindcast_s2008-r3i1p1f1_gn_200811-201812.nctauu_APmon_MPI-ESM1-2-LR_dcppA-hindcast_s2008-r4i1p1f1_gn_200811-201812.nctauu_APmon_MPI-ESM1-2-LR_dcppA-hindcast_s2008-r5i1p1f1_gn_200811-201812.nctauu_APmon_MPI-ESM1-2-LR_dcppA-hindcast_s2008-r6i1p1f1_gn_200811-201812.nctauv_APmon_MPI-ESM1-2-LR_dcppA-hindcast_s2008-r2i1p1f1_gn_200811-201812.nctauv_APmon_MPI-ESM1-2-LR_dcppA-hindcast_s2008-r3i1p1f1_gn_200811-201812.nctauv_APmon_MPI-ESM1-2-LR_dcppA-hindcast_s2008-r4i1p1f1_gn_200811-201812.nctauv_APmon_MPI-ESM1-2-LR_dcppA-hindcast_s2008-r5i1p1f1_gn_200811-201812.nctauv_APmon_MPI-ESM1-2-LR_dcppA-hindcast_s2008-r6i1p1f1_gn_200811-201812.nctdps_APmon_MPI-ESM1-2-LR_dcppA-hindcast_s2008-r2i1p1f1_gn_200811-201812.nctdps_APmon_MPI-ESM1-2-LR_dcppA-hindcast_s2008-r3i1p1f1_gn_200811-201812.nctdps_APmon_MPI-ESM1-2-LR_dcppA-hindcast_s2008-r4i1p1f1_gn_200811-201812.nctdps_APmon_MPI-ESM1-2-LR_dcppA-hindcast_s2008-r5i1p1f1_gn_200811-201812.nctdps_APmon_MPI-ESM1-2-LR_dcppA-hindcast_s2008-r6i1p1f1_gn_200811-201812.ncts_APmon_MPI-ESM1-2-LR_dcppA-hindcast_s2008-r2i1p1f1_gn_200811-201812.ncts_APmon_MPI-ESM1-2-LR_dcppA-hindcast_s2008-r3i1p1f1_gn_200811-201812.ncts_APmon_MPI-ESM1-2-LR_dcppA-hindcast_s2008-r4i1p1f1_gn_200811-201812.ncts_APmon_MPI-ESM1-2-LR_dcppA-hindcast_s2008-r5i1p1f1_gn_200811-201812.ncts_APmon_MPI-ESM1-2-LR_dcppA-hindcast_s2008-r6i1p1f1_gn_200811-201812.ncmrro_LPmon_MPI-ESM1-2-LR_dcppA-hindcast_s2008-r2i1p1f1_gn_200811-201812.ncmrro_LPmon_MPI-ESM1-2-LR_dcppA-hindcast_s2008-r3i1p1f1_gn_200811-201812.ncmrro_LPmon_MPI-ESM1-2-LR_dcppA-hindcast_s2008-r4i1p1f1_gn_200811-201812.ncmrro_LPmon_MPI-ESM1-2-LR_dcppA-hindcast_s2008-r5i1p1f1_gn_200811-201812.ncmrro_LPmon_MPI-ESM1-2-LR_dcppA-hindcast_s2008-r6i1p1f1_gn_200811-201812.ncsiconca_SImon_MPI-ESM1-2-LR_dcppA-hindcast_s2008-r2i1p1f1_gn_200811-201812.ncsiconca_SImon_MPI-ESM1-2-LR_dcppA-hindcast_s2008-r3i1p1f1_gn_200811-201812.ncsiconca_SImon_MPI-ESM1-2-LR_dcppA-hindcast_s2008-r4i1p1f1_gn_200811-201812.ncsiconca_SImon_MPI-ESM1-2-LR_dcppA-hindcast_s2008-r5i1p1f1_gn_200811-201812.ncsiconca_SImon_MPI-ESM1-2-LR_dcppA-hindcast_s2008-r6i1p1f1_gn_200811-201812.nc
6db83f3e95f2,DWD,s2009,dcpp-a,CMIP6 Plus,DKRZ,Partial,"pr_APday,pr_APmon,psl_APday,psl_APmon,rsds_APday,rsds_APmon,sfcWind_APday,sfcWind_APmon,tas_APday,tas_APmon,tasmax_APday,tasmin_APday,uas_APday,uas_APmon,vas_APday,vas_APmon,clt_APday,clt_APmon,prsn_APday,prsn_APmon,psl_APday,psl_APmon,rlut_APday,rlut_APmon,rsds_APday,rsds_APmon,ta_APmon,tas_APday,tas_APmon,ts_APmon,ua19_APmon,uas_APday,uas_APmon,va19_APmon,vas_APday,vas_APmon,zg_APmon,",Partial,"evspsbl_APmon,hus19_APmon,prsn_APday,prsn_APmon,rlds_APday,rlds_APmon,tasmax_APmon,tasmin_APmon,",hfls_APday_MPI-ESM1-2-LR_dcppA-hindcast_s2009-r2i1p1f1_gn_20091101-20191231.nchfls_APday_MPI-ESM1-2-LR_dcppA-hindcast_s2009-r3i1p1f1_gn_20091101-20191231.nchfls_APday_MPI-ESM1-2-LR_dcppA-hindcast_s2009-r4i1p1f1_gn_20091101-20191231.nchfls_APday_MPI-ESM1-2-LR_dcppA-hindcast_s2009-r5i1p1f1_gn_20091101-20191231.nchfls_APday_MPI-ESM1-2-LR_dcppA-hindcast_s2009-r6i1p1f1_gn_20091101-20191231.nchfss_APday_MPI-ESM1-2-LR_dcppA-hindcast_s2009-r2i1p1f1_gn_20091101-20191231.nchfss_APday_MPI-ESM1-2-LR_dcppA-hindcast_s2009-r3i1p1f1_gn_20091101-20191231.nchfss_APday_MPI-ESM1-2-LR_dcppA-hindcast_s2009-r4i1p1f1_gn_20091101-20191231.nchfss_APday_MPI-ESM1-2-LR_dcppA-hindcast_s2009-r5i1p1f1_gn_20091101-20191231.nchfss_APday_MPI-ESM1-2-LR_dcppA-hindcast_s2009-r6i1p1f1_gn_20091101-20191231.ncprc_APday_MPI-ESM1-2-LR_dcppA-hindcast_s2009-r2i1p1f1_gn_20091101-20191231.ncprc_APday_MPI-ESM1-2-LR_dcppA-hindcast_s2009-r3i1p1f1_gn_20091101-20191231.ncprc_APday_MPI-ESM1-2-LR_dcppA-hindcast_s2009-r4i1p1f1_gn_20091101-20191231.ncprc_APday_MPI-ESM1-2-LR_dcppA-hindcast_s2009-r5i1p1f1_gn_20091101-20191231.ncprc_APday_MPI-ESM1-2-LR_dcppA-hindcast_s2009-r6i1p1f1_gn_20091101-20191231.ncprsn_APday_MPI-ESM1-2-LR_dcppA-hindcast_s2009-r2i1p1f1_gn_20091101-20191231.ncprsn_APday_MPI-ESM1-2-LR_dcppA-hindcast_s2009-r3i1p1f1_gn_20091101-20191231.ncprsn_APday_MPI-ESM1-2-LR_dcppA-hindcast_s2009-r4i1p1f1_gn_20091101-20191231.ncprsn_APday_MPI-ESM1-2-LR_dcppA-hindcast_s2009-r5i1p1f1_gn_20091101-20191231.ncprsn_APday_MPI-ESM1-2-LR_dcppA-hindcast_s2009-r6i1p1f1_gn_20091101-20191231.ncrlds_APday_MPI-ESM1-2-LR_dcppA-hindcast_s2009-r2i1p1f1_gn_20091101-20191231.ncrlds_APday_MPI-ESM1-2-LR_dcppA-hindcast_s2009-r3i1p1f1_gn_20091101-20191231.ncrlds_APday_MPI-ESM1-2-LR_dcppA-hindcast_s2009-r4i1p1f1_gn_20091101-20191231.ncrlds_APday_MPI-ESM1-2-LR_dcppA-hindcast_s2009-r5i1p1f1_gn_20091101-20191231.ncrlds_APday_MPI-ESM1-2-LR_dcppA-hindcast_s2009-r6i1p1f1_gn_20091101-20191231.ncrls_APday_MPI-ESM1-2-LR_dcppA-hindcast_s2009-r2i1p1f1_gn_20091101-20191231.ncrls_APday_MPI-ESM1-2-LR_dcppA-hindcast_s2009-r3i1p1f1_gn_20091101-20191231.ncrls_APday_MPI-ESM1-2-LR_dcppA-hindcast_s2009-r4i1p1f1_gn_20091101-20191231.ncrls_APday_MPI-ESM1-2-LR_dcppA-hindcast_s2009-r5i1p1f1_gn_20091101-20191231.ncrls_APday_MPI-ESM1-2-LR_dcppA-hindcast_s2009-r6i1p1f1_gn_20091101-20191231.ncrlut_APday_MPI-ESM1-2-LR_dcppA-hindcast_s2009-r2i1p1f1_gn_20091101-20191231.ncrlut_APday_MPI-ESM1-2-LR_dcppA-hindcast_s2009-r3i1p1f1_gn_20091101-20191231.ncrlut_APday_MPI-ESM1-2-LR_dcppA-hindcast_s2009-r4i1p1f1_gn_20091101-20191231.ncrlut_APday_MPI-ESM1-2-LR_dcppA-hindcast_s2009-r5i1p1f1_gn_20091101-20191231.ncrlut_APday_MPI-ESM1-2-LR_dcppA-hindcast_s2009-r6i1p1f1_gn_20091101-20191231.ncrsds_APday_MPI-ESM1-2-LR_dcppA-hindcast_s2009-r2i1p1f1_gn_20091101-20191231.ncrsds_APday_MPI-ESM1-2-LR_dcppA-hindcast_s2009-r3i1p1f1_gn_20091101-20191231.ncrsds_APday_MPI-ESM1-2-LR_dcppA-hindcast_s2009-r4i1p1f1_gn_20091101-20191231.ncrsds_APday_MPI-ESM1-2-LR_dcppA-hindcast_s2009-r5i1p1f1_gn_20091101-20191231.ncrsds_APday_MPI-ESM1-2-LR_dcppA-hindcast_s2009-r6i1p1f1_gn_20091101-20191231.ncrsdt_APday_MPI-ESM1-2-LR_dcppA-hindcast_s2009-r2i1p1f1_gn_20091101-20191231.ncrsdt_APday_MPI-ESM1-2-LR_dcppA-hindcast_s2009-r3i1p1f1_gn_20091101-20191231.ncrsdt_APday_MPI-ESM1-2-LR_dcppA-hindcast_s2009-r4i1p1f1_gn_20091101-20191231.ncrsdt_APday_MPI-ESM1-2-LR_dcppA-hindcast_s2009-r5i1p1f1_gn_20091101-20191231.ncrsdt_APday_MPI-ESM1-2-LR_dcppA-hindcast_s2009-r6i1p1f1_gn_20091101-20191231.ncrsut_APday_MPI-ESM1-2-LR_dcppA-hindcast_s2009-r2i1p1f1_gn_20091101-20191231.ncrsut_APday_MPI-ESM1-2-LR_dcppA-hindcast_s2009-r3i1p1f1_gn_20091101-20191231.ncrsut_APday_MPI-ESM1-2-LR_dcppA-hindcast_s2009-r4i1p1f1_gn_20091101-20191231.ncrsut_APday_MPI-ESM1-2-LR_dcppA-hindcast_s2009-r5i1p1f1_gn_20091101-20191231.ncrsut_APday_MPI-ESM1-2-LR_dcppA-hindcast_s2009-r6i1p1f1_gn_20091101-20191231.ncsfcWind_APday_MPI-ESM1-2-LR_dcppA-hindcast_s2009-r2i1p1f1_gn_20091101-20191231.ncsfcWind_APday_MPI-ESM1-2-LR_dcppA-hindcast_s2009-r3i1p1f1_gn_20091101-20191231.ncsfcWind_APday_MPI-ESM1-2-LR_dcppA-hindcast_s2009-r4i1p1f1_gn_20091101-20191231.ncsfcWind_APday_MPI-ESM1-2-LR_dcppA-hindcast_s2009-r5i1p1f1_gn_20091101-20191231.ncsfcWind_APday_MPI-ESM1-2-LR_dcppA-hindcast_s2009-r6i1p1f1_gn_20091101-20191231.nctauu_APday_MPI-ESM1-2-LR_dcppA-hindcast_s2009-r2i1p1f1_gn_20091101-20191231.nctauu_APday_MPI-ESM1-2-LR_dcppA-hindcast_s2009-r3i1p1f1_gn_20091101-20191231.nctauu_APday_MPI-ESM1-2-LR_dcppA-hindcast_s2009-r4i1p1f1_gn_20091101-20191231.nctauu_APday_MPI-ESM1-2-LR_dcppA-hindcast_s2009-r5i1p1f1_gn_20091101-20191231.nctauu_APday_MPI-ESM1-2-LR_dcppA-hindcast_s2009-r6i1p1f1_gn_20091101-20191231.nctauv_APday_MPI-ESM1-2-LR_dcppA-hindcast_s2009-r2i1p1f1_gn_20091101-20191231.nctauv_APday_MPI-ESM1-2-LR_dcppA-hindcast_s2009-r3i1p1f1_gn_20091101-20191231.nctauv_APday_MPI-ESM1-2-LR_dcppA-hindcast_s2009-r4i1p1f1_gn_20091101-20191231.nctauv_APday_MPI-ESM1-2-LR_dcppA-hindcast_s2009-r5i1p1f1_gn_20091101-20191231.nctauv_APday_MPI-ESM1-2-LR_dcppA-hindcast_s2009-r6i1p1f1_gn_20091101-20191231.nctdps_APday_MPI-ESM1-2-LR_dcppA-hindcast_s2009-r2i1p1f1_gn_20091101-20191231.nctdps_APday_MPI-ESM1-2-LR_dcppA-hindcast_s2009-r3i1p1f1_gn_20091101-20191231.nctdps_APday_MPI-ESM1-2-LR_dcppA-hindcast_s2009-r4i1p1f1_gn_20091101-20191231.nctdps_APday_MPI-ESM1-2-LR_dcppA-hindcast_s2009-r5i1p1f1_gn_20091101-20191231.nctdps_APday_MPI-ESM1-2-LR_dcppA-hindcast_s2009-r6i1p1f1_gn_20091101-20191231.ncclt_APmon_MPI-ESM1-2-LR_dcppA-hindcast_s2009-r2i1p1f1_gn_200911-201912.ncclt_APmon_MPI-ESM1-2-LR_dcppA-hindcast_s2009-r3i1p1f1_gn_200911-201912.ncclt_APmon_MPI-ESM1-2-LR_dcppA-hindcast_s2009-r4i1p1f1_gn_200911-201912.ncclt_APmon_MPI-ESM1-2-LR_dcppA-hindcast_s2009-r5i1p1f1_gn_200911-201912.ncclt_APmon_MPI-ESM1-2-LR_dcppA-hindcast_s2009-r6i1p1f1_gn_200911-201912.ncevspsbl_APmon_MPI-ESM1-2-LR_dcppA-hindcast_s2009-r2i1p1f1_gn_200911-201912.ncevspsbl_APmon_MPI-ESM1-2-LR_dcppA-hindcast_s2009-r3i1p1f1_gn_200911-201912.ncevspsbl_APmon_MPI-ESM1-2-LR_dcppA-hindcast_s2009-r4i1p1f1_gn_200911-201912.ncevspsbl_APmon_MPI-ESM1-2-LR_dcppA-hindcast_s2009-r5i1p1f1_gn_200911-201912.ncevspsbl_APmon_MPI-ESM1-2-LR_dcppA-hindcast_s2009-r6i1p1f1_gn_200911-201912.nchfls_APmon_MPI-ESM1-2-LR_dcppA-hindcast_s2009-r2i1p1f1_gn_200911-201912.nchfls_APmon_MPI-ESM1-2-LR_dcppA-hindcast_s2009-r3i1p1f1_gn_200911-201912.nchfls_APmon_MPI-ESM1-2-LR_dcppA-hindcast_s2009-r4i1p1f1_gn_200911-201912.nchfls_APmon_MPI-ESM1-2-LR_dcppA-hindcast_s2009-r5i1p1f1_gn_200911-201912.nchfls_APmon_MPI-ESM1-2-LR_dcppA-hindcast_s2009-r6i1p1f1_gn_200911-201912.nchfss_APmon_MPI-ESM1-2-LR_dcppA-hindcast_s2009-r2i1p1f1_gn_200911-201912.nchfss_APmon_MPI-ESM1-2-LR_dcppA-hindcast_s2009-r3i1p1f1_gn_200911-201912.nchfss_APmon_MPI-ESM1-2-LR_dcppA-hindcast_s2009-r4i1p1f1_gn_200911-201912.nchfss_APmon_MPI-ESM1-2-LR_dcppA-hindcast_s2009-r5i1p1f1_gn_200911-201912.nchfss_APmon_MPI-ESM1-2-LR_dcppA-hindcast_s2009-r6i1p1f1_gn_200911-201912.nchur_APmon_MPI-ESM1-2-LR_dcppA-hindcast_s2009-r8i1p1f1_gn_200911-201912.ncprsn_APmon_MPI-ESM1-2-LR_dcppA-hindcast_s2009-r2i1p1f1_gn_200911-201912.ncprsn_APmon_MPI-ESM1-2-LR_dcppA-hindcast_s2009-r3i1p1f1_gn_200911-201912.ncprsn_APmon_MPI-ESM1-2-LR_dcppA-hindcast_s2009-r4i1p1f1_gn_200911-201912.ncprsn_APmon_MPI-ESM1-2-LR_dcppA-hindcast_s2009-r5i1p1f1_gn_200911-201912.ncprsn_APmon_MPI-ESM1-2-LR_dcppA-hindcast_s2009-r6i1p1f1_gn_200911-201912.ncrlds_APmon_MPI-ESM1-2-LR_dcppA-hindcast_s2009-r2i1p1f1_gn_200911-201912.ncrlds_APmon_MPI-ESM1-2-LR_dcppA-hindcast_s2009-r3i1p1f1_gn_200911-201912.ncrlds_APmon_MPI-ESM1-2-LR_dcppA-hindcast_s2009-r4i1p1f1_gn_200911-201912.ncrlds_APmon_MPI-ESM1-2-LR_dcppA-hindcast_s2009-r5i1p1f1_gn_200911-201912.ncrlds_APmon_MPI-ESM1-2-LR_dcppA-hindcast_s2009-r6i1p1f1_gn_200911-201912.ncrls_APmon_MPI-ESM1-2-LR_dcppA-hindcast_s2009-r2i1p1f1_gn_200911-201912.ncrls_APmon_MPI-ESM1-2-LR_dcppA-hindcast_s2009-r3i1p1f1_gn_200911-201912.ncrls_APmon_MPI-ESM1-2-LR_dcppA-hindcast_s2009-r4i1p1f1_gn_200911-201912.ncrls_APmon_MPI-ESM1-2-LR_dcppA-hindcast_s2009-r5i1p1f1_gn_200911-201912.ncrls_APmon_MPI-ESM1-2-LR_dcppA-hindcast_s2009-r6i1p1f1_gn_200911-201912.ncrlut_APmon_MPI-ESM1-2-LR_dcppA-hindcast_s2009-r2i1p1f1_gn_200911-201912.ncrlut_APmon_MPI-ESM1-2-LR_dcppA-hindcast_s2009-r3i1p1f1_gn_200911-201912.ncrlut_APmon_MPI-ESM1-2-LR_dcppA-hindcast_s2009-r4i1p1f1_gn_200911-201912.ncrlut_APmon_MPI-ESM1-2-LR_dcppA-hindcast_s2009-r5i1p1f1_gn_200911-201912.ncrlut_APmon_MPI-ESM1-2-LR_dcppA-hindcast_s2009-r6i1p1f1_gn_200911-201912.ncrlutcs_APmon_MPI-ESM1-2-LR_dcppA-hindcast_s2009-r2i1p1f1_gn_200911-201912.ncrlutcs_APmon_MPI-ESM1-2-LR_dcppA-hindcast_s2009-r3i1p1f1_gn_200911-201912.ncrlutcs_APmon_MPI-ESM1-2-LR_dcppA-hindcast_s2009-r4i1p1f1_gn_200911-201912.ncrlutcs_APmon_MPI-ESM1-2-LR_dcppA-hindcast_s2009-r5i1p1f1_gn_200911-201912.ncrlutcs_APmon_MPI-ESM1-2-LR_dcppA-hindcast_s2009-r6i1p1f1_gn_200911-201912.ncrsds_APmon_MPI-ESM1-2-LR_dcppA-hindcast_s2009-r2i1p1f1_gn_200911-201912.ncrsds_APmon_MPI-ESM1-2-LR_dcppA-hindcast_s2009-r3i1p1f1_gn_200911-201912.ncrsds_APmon_MPI-ESM1-2-LR_dcppA-hindcast_s2009-r4i1p1f1_gn_200911-201912.ncrsds_APmon_MPI-ESM1-2-LR_dcppA-hindcast_s2009-r5i1p1f1_gn_200911-201912.ncrsds_APmon_MPI-ESM1-2-LR_dcppA-hindcast_s2009-r6i1p1f1_gn_200911-201912.ncrsdt_APmon_MPI-ESM1-2-LR_dcppA-hindcast_s2009-r2i1p1f1_gn_200911-201912.ncrsdt_APmon_MPI-ESM1-2-LR_dcppA-hindcast_s2009-r3i1p1f1_gn_200911-201912.ncrsdt_APmon_MPI-ESM1-2-LR_dcppA-hindcast_s2009-r4i1p1f1_gn_200911-201912.ncrsdt_APmon_MPI-ESM1-2-LR_dcppA-hindcast_s2009-r5i1p1f1_gn_200911-201912.ncrsdt_APmon_MPI-ESM1-2-LR_dcppA-hindcast_s2009-r6i1p1f1_gn_200911-201912.ncrss_APmon_MPI-ESM1-2-LR_dcppA-hindcast_s2009-r2i1p1f1_gn_200911-201912.ncrss_APmon_MPI-ESM1-2-LR_dcppA-hindcast_s2009-r3i1p1f1_gn_200911-201912.ncrss_APmon_MPI-ESM1-2-LR_dcppA-hindcast_s2009-r4i1p1f1_gn_200911-201912.ncrss_APmon_MPI-ESM1-2-LR_dcppA-hindcast_s2009-r5i1p1f1_gn_200911-201912.ncrss_APmon_MPI-ESM1-2-LR_dcppA-hindcast_s2009-r6i1p1f1_gn_200911-201912.ncrsut_APmon_MPI-ESM1-2-LR_dcppA-hindcast_s2009-r2i1p1f1_gn_200911-201912.ncrsut_APmon_MPI-ESM1-2-LR_dcppA-hindcast_s2009-r3i1p1f1_gn_200911-201912.ncrsut_APmon_MPI-ESM1-2-LR_dcppA-hindcast_s2009-r4i1p1f1_gn_200911-201912.ncrsut_APmon_MPI-ESM1-2-LR_dcppA-hindcast_s2009-r5i1p1f1_gn_200911-201912.ncrsut_APmon_MPI-ESM1-2-LR_dcppA-hindcast_s2009-r6i1p1f1_gn_200911-201912.ncrsutcs_APmon_MPI-ESM1-2-LR_dcppA-hindcast_s2009-r2i1p1f1_gn_200911-201912.ncrsutcs_APmon_MPI-ESM1-2-LR_dcppA-hindcast_s2009-r3i1p1f1_gn_200911-201912.ncrsutcs_APmon_MPI-ESM1-2-LR_dcppA-hindcast_s2009-r4i1p1f1_gn_200911-201912.ncrsutcs_APmon_MPI-ESM1-2-LR_dcppA-hindcast_s2009-r5i1p1f1_gn_200911-201912.ncrsutcs_APmon_MPI-ESM1-2-LR_dcppA-hindcast_s2009-r6i1p1f1_gn_200911-201912.ncsfcWind_APmon_MPI-ESM1-2-LR_dcppA-hindcast_s2009-r2i1p1f1_gn_200911-201912.ncsfcWind_APmon_MPI-ESM1-2-LR_dcppA-hindcast_s2009-r3i1p1f1_gn_200911-201912.ncsfcWind_APmon_MPI-ESM1-2-LR_dcppA-hindcast_s2009-r4i1p1f1_gn_200911-201912.ncsfcWind_APmon_MPI-ESM1-2-LR_dcppA-hindcast_s2009-r5i1p1f1_gn_200911-201912.ncsfcWind_APmon_MPI-ESM1-2-LR_dcppA-hindcast_s2009-r6i1p1f1_gn_200911-201912.nctauu_APmon_MPI-ESM1-2-LR_dcppA-hindcast_s2009-r2i1p1f1_gn_200911-201912.nctauu_APmon_MPI-ESM1-2-LR_dcppA-hindcast_s2009-r3i1p1f1_gn_200911-201912.nctauu_APmon_MPI-ESM1-2-LR_dcppA-hindcast_s2009-r4i1p1f1_gn_200911-201912.nctauu_APmon_MPI-ESM1-2-LR_dcppA-hindcast_s2009-r5i1p1f1_gn_200911-201912.nctauu_APmon_MPI-ESM1-2-LR_dcppA-hindcast_s2009-r6i1p1f1_gn_200911-201912.nctauv_APmon_MPI-ESM1-2-LR_dcppA-hindcast_s2009-r2i1p1f1_gn_200911-201912.nctauv_APmon_MPI-ESM1-2-LR_dcppA-hindcast_s2009-r3i1p1f1_gn_200911-201912.nctauv_APmon_MPI-ESM1-2-LR_dcppA-hindcast_s2009-r4i1p1f1_gn_200911-201912.nctauv_APmon_MPI-ESM1-2-LR_dcppA-hindcast_s2009-r5i1p1f1_gn_200911-201912.nctauv_APmon_MPI-ESM1-2-LR_dcppA-hindcast_s2009-r6i1p1f1_gn_200911-201912.nctdps_APmon_MPI-ESM1-2-LR_dcppA-hindcast_s2009-r2i1p1f1_gn_200911-201912.nctdps_APmon_MPI-ESM1-2-LR_dcppA-hindcast_s2009-r3i1p1f1_gn_200911-201912.nctdps_APmon_MPI-ESM1-2-LR_dcppA-hindcast_s2009-r4i1p1f1_gn_200911-201912.nctdps_APmon_MPI-ESM1-2-LR_dcppA-hindcast_s2009-r5i1p1f1_gn_200911-201912.nctdps_APmon_MPI-ESM1-2-LR_dcppA-hindcast_s2009-r6i1p1f1_gn_200911-201912.ncts_APmon_MPI-ESM1-2-LR_dcppA-hindcast_s2009-r2i1p1f1_gn_200911-201912.ncts_APmon_MPI-ESM1-2-LR_dcppA-hindcast_s2009-r3i1p1f1_gn_200911-201912.ncts_APmon_MPI-ESM1-2-LR_dcppA-hindcast_s2009-r4i1p1f1_gn_200911-201912.ncts_APmon_MPI-ESM1-2-LR_dcppA-hindcast_s2009-r5i1p1f1_gn_200911-201912.ncts_APmon_MPI-ESM1-2-LR_dcppA-hindcast_s2009-r6i1p1f1_gn_200911-201912.ncwap_APmon_MPI-ESM1-2-LR_dcppA-hindcast_s2009-r8i1p1f1_gn_200911-201912.ncmrro_LPmon_MPI-ESM1-2-LR_dcppA-hindcast_s2009-r2i1p1f1_gn_200911-201912.ncmrro_LPmon_MPI-ESM1-2-LR_dcppA-hindcast_s2009-r3i1p1f1_gn_200911-201912.ncmrro_LPmon_MPI-ESM1-2-LR_dcppA-hindcast_s2009-r4i1p1f1_gn_200911-201912.ncmrro_LPmon_MPI-ESM1-2-LR_dcppA-hindcast_s2009-r5i1p1f1_gn_200911-201912.ncmrro_LPmon_MPI-ESM1-2-LR_dcppA-hindcast_s2009-r6i1p1f1_gn_200911-201912.ncsiconca_SImon_MPI-ESM1-2-LR_dcppA-hindcast_s2009-r2i1p1f1_gn_200911-201912.ncsiconca_SImon_MPI-ESM1-2-LR_dcppA-hindcast_s2009-r4i1p1f1_gn_200911-201912.ncsiconca_SImon_MPI-ESM1-2-LR_dcppA-hindcast_s2009-r5i1p1f1_gn_200911-201912.ncsiconca_SImon_MPI-ESM1-2-LR_dcppA-hindcast_s2009-r6i1p1f1_gn_200911-201912.nc
5d3ded6e07c3,DWD,s2010,dcpp-a,CMIP6 Plus,DKRZ,Partial,"pr_APday,pr_APmon,psl_APday,psl_APmon,rsds_APday,rsds_APmon,sfcWind_APday,sfcWind_APmon,tas_APday,tas_APmon,tasmax_APday,tasmin_APday,uas_APday,uas_APmon,vas_APday,vas_APmon,clt_APday,clt_APmon,prsn_APday,prsn_APmon,psl_APday,psl_APmon,rlut_APday,rlut_APmon,rsds_APday,rsds_APmon,ta_APmon,tas_APday,tas_APmon,ts_APmon,ua19_APmon,uas_APday,uas_APmon,va19_APmon,vas_APday,vas_APmon,zg_APmon,",Partial,"evspsbl_APmon,hus19_APmon,prsn_APday,prsn_APmon,rlds_APday,rlds_APmon,tasmax_APmon,tasmin_APmon,",hfls_APday_MPI-ESM1-2-LR_dcppA-hindcast_s2010-r2i1p1f1_gn_20101101-20201231.nchfls_APday_MPI-ESM1-2-LR_dcppA-hindcast_s2010-r3i1p1f1_gn_20101101-20201231.nchfls_APday_MPI-ESM1-2-LR_dcppA-hindcast_s2010-r4i1p1f1_gn_20101101-20201231.nchfls_APday_MPI-ESM1-2-LR_dcppA-hindcast_s2010-r5i1p1f1_gn_20101101-20201231.nchfls_APday_MPI-ESM1-2-LR_dcppA-hindcast_s2010-r6i1p1f1_gn_20101101-20201231.nchfss_APday_MPI-ESM1-2-LR_dcppA-hindcast_s2010-r2i1p1f1_gn_20101101-20201231.nchfss_APday_MPI-ESM1-2-LR_dcppA-hindcast_s2010-r3i1p1f1_gn_20101101-20201231.nchfss_APday_MPI-ESM1-2-LR_dcppA-hindcast_s2010-r4i1p1f1_gn_20101101-20201231.nchfss_APday_MPI-ESM1-2-LR_dcppA-hindcast_s2010-r5i1p1f1_gn_20101101-20201231.nchfss_APday_MPI-ESM1-2-LR_dcppA-hindcast_s2010-r6i1p1f1_gn_20101101-20201231.ncprc_APday_MPI-ESM1-2-LR_dcppA-hindcast_s2010-r2i1p1f1_gn_20101101-20201231.ncprc_APday_MPI-ESM1-2-LR_dcppA-hindcast_s2010-r3i1p1f1_gn_20101101-20201231.ncprc_APday_MPI-ESM1-2-LR_dcppA-hindcast_s2010-r4i1p1f1_gn_20101101-20201231.ncprc_APday_MPI-ESM1-2-LR_dcppA-hindcast_s2010-r5i1p1f1_gn_20101101-20201231.ncprc_APday_MPI-ESM1-2-LR_dcppA-hindcast_s2010-r6i1p1f1_gn_20101101-20201231.ncprsn_APday_MPI-ESM1-2-LR_dcppA-hindcast_s2010-r2i1p1f1_gn_20101101-20201231.ncprsn_APday_MPI-ESM1-2-LR_dcppA-hindcast_s2010-r3i1p1f1_gn_20101101-20201231.ncprsn_APday_MPI-ESM1-2-LR_dcppA-hindcast_s2010-r4i1p1f1_gn_20101101-20201231.ncprsn_APday_MPI-ESM1-2-LR_dcppA-hindcast_s2010-r5i1p1f1_gn_20101101-20201231.ncprsn_APday_MPI-ESM1-2-LR_dcppA-hindcast_s2010-r6i1p1f1_gn_20101101-20201231.ncrlds_APday_MPI-ESM1-2-LR_dcppA-hindcast_s2010-r2i1p1f1_gn_20101101-20201231.ncrlds_APday_MPI-ESM1-2-LR_dcppA-hindcast_s2010-r3i1p1f1_gn_20101101-20201231.ncrlds_APday_MPI-ESM1-2-LR_dcppA-hindcast_s2010-r4i1p1f1_gn_20101101-20201231.ncrlds_APday_MPI-ESM1-2-LR_dcppA-hindcast_s2010-r5i1p1f1_gn_20101101-20201231.ncrlds_APday_MPI-ESM1-2-LR_dcppA-hindcast_s2010-r6i1p1f1_gn_20101101-20201231.ncrls_APday_MPI-ESM1-2-LR_dcppA-hindcast_s2010-r2i1p1f1_gn_20101101-20201231.ncrls_APday_MPI-ESM1-2-LR_dcppA-hindcast_s2010-r3i1p1f1_gn_20101101-20201231.ncrls_APday_MPI-ESM1-2-LR_dcppA-hindcast_s2010-r4i1p1f1_gn_20101101-20201231.ncrls_APday_MPI-ESM1-2-LR_dcppA-hindcast_s2010-r5i1p1f1_gn_20101101-20201231.ncrls_APday_MPI-ESM1-2-LR_dcppA-hindcast_s2010-r6i1p1f1_gn_20101101-20201231.ncrlut_APday_MPI-ESM1-2-LR_dcppA-hindcast_s2010-r2i1p1f1_gn_20101101-20201231.ncrlut_APday_MPI-ESM1-2-LR_dcppA-hindcast_s2010-r3i1p1f1_gn_20101101-20201231.ncrlut_APday_MPI-ESM1-2-LR_dcppA-hindcast_s2010-r4i1p1f1_gn_20101101-20201231.ncrlut_APday_MPI-ESM1-2-LR_dcppA-hindcast_s2010-r5i1p1f1_gn_20101101-20201231.ncrlut_APday_MPI-ESM1-2-LR_dcppA-hindcast_s2010-r6i1p1f1_gn_20101101-20201231.ncrsds_APday_MPI-ESM1-2-LR_dcppA-hindcast_s2010-r2i1p1f1_gn_20101101-20201231.ncrsds_APday_MPI-ESM1-2-LR_dcppA-hindcast_s2010-r3i1p1f1_gn_20101101-20201231.ncrsds_APday_MPI-ESM1-2-LR_dcppA-hindcast_s2010-r4i1p1f1_gn_20101101-20201231.ncrsds_APday_MPI-ESM1-2-LR_dcppA-hindcast_s2010-r5i1p1f1_gn_20101101-20201231.ncrsds_APday_MPI-ESM1-2-LR_dcppA-hindcast_s2010-r6i1p1f1_gn_20101101-20201231.ncrsdt_APday_MPI-ESM1-2-LR_dcppA-hindcast_s2010-r2i1p1f1_gn_20101101-20201231.ncrsdt_APday_MPI-ESM1-2-LR_dcppA-hindcast_s2010-r3i1p1f1_gn_20101101-20201231.ncrsdt_APday_MPI-ESM1-2-LR_dcppA-hindcast_s2010-r4i1p1f1_gn_20101101-20201231.ncrsdt_APday_MPI-ESM1-2-LR_dcppA-hindcast_s2010-r5i1p1f1_gn_20101101-20201231.ncrsdt_APday_MPI-ESM1-2-LR_dcppA-hindcast_s2010-r6i1p1f1_gn_20101101-20201231.ncrsut_APday_MPI-ESM1-2-LR_dcppA-hindcast_s2010-r2i1p1f1_gn_20101101-20201231.ncrsut_APday_MPI-ESM1-2-LR_dcppA-hindcast_s2010-r3i1p1f1_gn_20101101-20201231.ncrsut_APday_MPI-ESM1-2-LR_dcppA-hindcast_s2010-r4i1p1f1_gn_20101101-20201231.ncrsut_APday_MPI-ESM1-2-LR_dcppA-hindcast_s2010-r5i1p1f1_gn_20101101-20201231.ncrsut_APday_MPI-ESM1-2-LR_dcppA-hindcast_s2010-r6i1p1f1_gn_20101101-20201231.ncsfcWind_APday_MPI-ESM1-2-LR_dcppA-hindcast_s2010-r2i1p1f1_gn_20101101-20201231.ncsfcWind_APday_MPI-ESM1-2-LR_dcppA-hindcast_s2010-r3i1p1f1_gn_20101101-20201231.ncsfcWind_APday_MPI-ESM1-2-LR_dcppA-hindcast_s2010-r4i1p1f1_gn_20101101-20201231.ncsfcWind_APday_MPI-ESM1-2-LR_dcppA-hindcast_s2010-r5i1p1f1_gn_20101101-20201231.ncsfcWind_APday_MPI-ESM1-2-LR_dcppA-hindcast_s2010-r6i1p1f1_gn_20101101-20201231.nctauu_APday_MPI-ESM1-2-LR_dcppA-hindcast_s2010-r2i1p1f1_gn_20101101-20201231.nctauu_APday_MPI-ESM1-2-LR_dcppA-hindcast_s2010-r3i1p1f1_gn_20101101-20201231.nctauu_APday_MPI-ESM1-2-LR_dcppA-hindcast_s2010-r4i1p1f1_gn_20101101-20201231.nctauu_APday_MPI-ESM1-2-LR_dcppA-hindcast_s2010-r5i1p1f1_gn_20101101-20201231.nctauu_APday_MPI-ESM1-2-LR_dcppA-hindcast_s2010-r6i1p1f1_gn_20101101-20201231.nctauv_APday_MPI-ESM1-2-LR_dcppA-hindcast_s2010-r2i1p1f1_gn_20101101-20201231.nctauv_APday_MPI-ESM1-2-LR_dcppA-hindcast_s2010-r3i1p1f1_gn_20101101-20201231.nctauv_APday_MPI-ESM1-2-LR_dcppA-hindcast_s2010-r4i1p1f1_gn_20101101-20201231.nctauv_APday_MPI-ESM1-2-LR_dcppA-hindcast_s2010-r5i1p1f1_gn_20101101-20201231.nctauv_APday_MPI-ESM1-2-LR_dcppA-hindcast_s2010-r6i1p1f1_gn_20101101-20201231.nctdps_APday_MPI-ESM1-2-LR_dcppA-hindcast_s2010-r2i1p1f1_gn_20101101-20201231.nctdps_APday_MPI-ESM1-2-LR_dcppA-hindcast_s2010-r3i1p1f1_gn_20101101-20201231.nctdps_APday_MPI-ESM1-2-LR_dcppA-hindcast_s2010-r4i1p1f1_gn_20101101-20201231.nctdps_APday_MPI-ESM1-2-LR_dcppA-hindcast_s2010-r5i1p1f1_gn_20101101-20201231.nctdps_APday_MPI-ESM1-2-LR_dcppA-hindcast_s2010-r6i1p1f1_gn_20101101-20201231.ncclt_APmon_MPI-ESM1-2-LR_dcppA-hindcast_s2010-r2i1p1f1_gn_201011-202012.ncclt_APmon_MPI-ESM1-2-LR_dcppA-hindcast_s2010-r3i1p1f1_gn_201011-202012.ncclt_APmon_MPI-ESM1-2-LR_dcppA-hindcast_s2010-r4i1p1f1_gn_201011-202012.ncclt_APmon_MPI-ESM1-2-LR_dcppA-hindcast_s2010-r5i1p1f1_gn_201011-202012.ncclt_APmon_MPI-ESM1-2-LR_dcppA-hindcast_s2010-r6i1p1f1_gn_201011-202012.ncevspsbl_APmon_MPI-ESM1-2-LR_dcppA-hindcast_s2010-r2i1p1f1_gn_201011-202012.ncevspsbl_APmon_MPI-ESM1-2-LR_dcppA-hindcast_s2010-r3i1p1f1_gn_201011-202012.ncevspsbl_APmon_MPI-ESM1-2-LR_dcppA-hindcast_s2010-r4i1p1f1_gn_201011-202012.ncevspsbl_APmon_MPI-ESM1-2-LR_dcppA-hindcast_s2010-r5i1p1f1_gn_201011-202012.ncevspsbl_APmon_MPI-ESM1-2-LR_dcppA-hindcast_s2010-r6i1p1f1_gn_201011-202012.nchfls_APmon_MPI-ESM1-2-LR_dcppA-hindcast_s2010-r2i1p1f1_gn_201011-202012.nchfls_APmon_MPI-ESM1-2-LR_dcppA-hindcast_s2010-r3i1p1f1_gn_201011-202012.nchfls_APmon_MPI-ESM1-2-LR_dcppA-hindcast_s2010-r4i1p1f1_gn_201011-202012.nchfls_APmon_MPI-ESM1-2-LR_dcppA-hindcast_s2010-r5i1p1f1_gn_201011-202012.nchfls_APmon_MPI-ESM1-2-LR_dcppA-hindcast_s2010-r6i1p1f1_gn_201011-202012.nchfss_APmon_MPI-ESM1-2-LR_dcppA-hindcast_s2010-r2i1p1f1_gn_201011-202012.nchfss_APmon_MPI-ESM1-2-LR_dcppA-hindcast_s2010-r3i1p1f1_gn_201011-202012.nchfss_APmon_MPI-ESM1-2-LR_dcppA-hindcast_s2010-r4i1p1f1_gn_201011-202012.nchfss_APmon_MPI-ESM1-2-LR_dcppA-hindcast_s2010-r5i1p1f1_gn_201011-202012.nchfss_APmon_MPI-ESM1-2-LR_dcppA-hindcast_s2010-r6i1p1f1_gn_201011-202012.ncprsn_APmon_MPI-ESM1-2-LR_dcppA-hindcast_s2010-r2i1p1f1_gn_201011-202012.ncprsn_APmon_MPI-ESM1-2-LR_dcppA-hindcast_s2010-r3i1p1f1_gn_201011-202012.ncprsn_APmon_MPI-ESM1-2-LR_dcppA-hindcast_s2010-r4i1p1f1_gn_201011-202012.ncprsn_APmon_MPI-ESM1-2-LR_dcppA-hindcast_s2010-r5i1p1f1_gn_201011-202012.ncprsn_APmon_MPI-ESM1-2-LR_dcppA-hindcast_s2010-r6i1p1f1_gn_201011-202012.ncrlds_APmon_MPI-ESM1-2-LR_dcppA-hindcast_s2010-r2i1p1f1_gn_201011-202012.ncrlds_APmon_MPI-ESM1-2-LR_dcppA-hindcast_s2010-r3i1p1f1_gn_201011-202012.ncrlds_APmon_MPI-ESM1-2-LR_dcppA-hindcast_s2010-r4i1p1f1_gn_201011-202012.ncrlds_APmon_MPI-ESM1-2-LR_dcppA-hindcast_s2010-r5i1p1f1_gn_201011-202012.ncrlds_APmon_MPI-ESM1-2-LR_dcppA-hindcast_s2010-r6i1p1f1_gn_201011-202012.ncrls_APmon_MPI-ESM1-2-LR_dcppA-hindcast_s2010-r2i1p1f1_gn_201011-202012.ncrls_APmon_MPI-ESM1-2-LR_dcppA-hindcast_s2010-r3i1p1f1_gn_201011-202012.ncrls_APmon_MPI-ESM1-2-LR_dcppA-hindcast_s2010-r4i1p1f1_gn_201011-202012.ncrls_APmon_MPI-ESM1-2-LR_dcppA-hindcast_s2010-r5i1p1f1_gn_201011-202012.ncrls_APmon_MPI-ESM1-2-LR_dcppA-hindcast_s2010-r6i1p1f1_gn_201011-202012.ncrlut_APmon_MPI-ESM1-2-LR_dcppA-hindcast_s2010-r2i1p1f1_gn_201011-202012.ncrlut_APmon_MPI-ESM1-2-LR_dcppA-hindcast_s2010-r3i1p1f1_gn_201011-202012.ncrlut_APmon_MPI-ESM1-2-LR_dcppA-hindcast_s2010-r4i1p1f1_gn_201011-202012.ncrlut_APmon_MPI-ESM1-2-LR_dcppA-hindcast_s2010-r5i1p1f1_gn_201011-202012.ncrlut_APmon_MPI-ESM1-2-LR_dcppA-hindcast_s2010-r6i1p1f1_gn_201011-202012.ncrlutcs_APmon_MPI-ESM1-2-LR_dcppA-hindcast_s2010-r2i1p1f1_gn_201011-202012.ncrlutcs_APmon_MPI-ESM1-2-LR_dcppA-hindcast_s2010-r3i1p1f1_gn_201011-202012.ncrlutcs_APmon_MPI-ESM1-2-LR_dcppA-hindcast_s2010-r4i1p1f1_gn_201011-202012.ncrlutcs_APmon_MPI-ESM1-2-LR_dcppA-hindcast_s2010-r5i1p1f1_gn_201011-202012.ncrlutcs_APmon_MPI-ESM1-2-LR_dcppA-hindcast_s2010-r6i1p1f1_gn_201011-202012.ncrsds_APmon_MPI-ESM1-2-LR_dcppA-hindcast_s2010-r2i1p1f1_gn_201011-202012.ncrsds_APmon_MPI-ESM1-2-LR_dcppA-hindcast_s2010-r3i1p1f1_gn_201011-202012.ncrsds_APmon_MPI-ESM1-2-LR_dcppA-hindcast_s2010-r4i1p1f1_gn_201011-202012.ncrsds_APmon_MPI-ESM1-2-LR_dcppA-hindcast_s2010-r5i1p1f1_gn_201011-202012.ncrsds_APmon_MPI-ESM1-2-LR_dcppA-hindcast_s2010-r6i1p1f1_gn_201011-202012.ncrsdt_APmon_MPI-ESM1-2-LR_dcppA-hindcast_s2010-r2i1p1f1_gn_201011-202012.ncrsdt_APmon_MPI-ESM1-2-LR_dcppA-hindcast_s2010-r3i1p1f1_gn_201011-202012.ncrsdt_APmon_MPI-ESM1-2-LR_dcppA-hindcast_s2010-r4i1p1f1_gn_201011-202012.ncrsdt_APmon_MPI-ESM1-2-LR_dcppA-hindcast_s2010-r5i1p1f1_gn_201011-202012.ncrsdt_APmon_MPI-ESM1-2-LR_dcppA-hindcast_s2010-r6i1p1f1_gn_201011-202012.ncrss_APmon_MPI-ESM1-2-LR_dcppA-hindcast_s2010-r2i1p1f1_gn_201011-202012.ncrss_APmon_MPI-ESM1-2-LR_dcppA-hindcast_s2010-r3i1p1f1_gn_201011-202012.ncrss_APmon_MPI-ESM1-2-LR_dcppA-hindcast_s2010-r4i1p1f1_gn_201011-202012.ncrss_APmon_MPI-ESM1-2-LR_dcppA-hindcast_s2010-r5i1p1f1_gn_201011-202012.ncrss_APmon_MPI-ESM1-2-LR_dcppA-hindcast_s2010-r6i1p1f1_gn_201011-202012.ncrsut_APmon_MPI-ESM1-2-LR_dcppA-hindcast_s2010-r2i1p1f1_gn_201011-202012.ncrsut_APmon_MPI-ESM1-2-LR_dcppA-hindcast_s2010-r3i1p1f1_gn_201011-202012.ncrsut_APmon_MPI-ESM1-2-LR_dcppA-hindcast_s2010-r4i1p1f1_gn_201011-202012.ncrsut_APmon_MPI-ESM1-2-LR_dcppA-hindcast_s2010-r5i1p1f1_gn_201011-202012.ncrsut_APmon_MPI-ESM1-2-LR_dcppA-hindcast_s2010-r6i1p1f1_gn_201011-202012.ncrsutcs_APmon_MPI-ESM1-2-LR_dcppA-hindcast_s2010-r2i1p1f1_gn_201011-202012.ncrsutcs_APmon_MPI-ESM1-2-LR_dcppA-hindcast_s2010-r3i1p1f1_gn_201011-202012.ncrsutcs_APmon_MPI-ESM1-2-LR_dcppA-hindcast_s2010-r4i1p1f1_gn_201011-202012.ncrsutcs_APmon_MPI-ESM1-2-LR_dcppA-hindcast_s2010-r6i1p1f1_gn_201011-202012.ncsfcWind_APmon_MPI-ESM1-2-LR_dcppA-hindcast_s2010-r2i1p1f1_gn_201011-202012.ncsfcWind_APmon_MPI-ESM1-2-LR_dcppA-hindcast_s2010-r3i1p1f1_gn_201011-202012.ncsfcWind_APmon_MPI-ESM1-2-LR_dcppA-hindcast_s2010-r4i1p1f1_gn_201011-202012.ncsfcWind_APmon_MPI-ESM1-2-LR_dcppA-hindcast_s2010-r5i1p1f1_gn_201011-202012.ncsfcWind_APmon_MPI-ESM1-2-LR_dcppA-hindcast_s2010-r6i1p1f1_gn_201011-202012.nctauu_APmon_MPI-ESM1-2-LR_dcppA-hindcast_s2010-r2i1p1f1_gn_201011-202012.nctauu_APmon_MPI-ESM1-2-LR_dcppA-hindcast_s2010-r3i1p1f1_gn_201011-202012.nctauu_APmon_MPI-ESM1-2-LR_dcppA-hindcast_s2010-r4i1p1f1_gn_201011-202012.nctauu_APmon_MPI-ESM1-2-LR_dcppA-hindcast_s2010-r5i1p1f1_gn_201011-202012.nctauu_APmon_MPI-ESM1-2-LR_dcppA-hindcast_s2010-r6i1p1f1_gn_201011-202012.nctauv_APmon_MPI-ESM1-2-LR_dcppA-hindcast_s2010-r2i1p1f1_gn_201011-202012.nctauv_APmon_MPI-ESM1-2-LR_dcppA-hindcast_s2010-r3i1p1f1_gn_201011-202012.nctauv_APmon_MPI-ESM1-2-LR_dcppA-hindcast_s2010-r4i1p1f1_gn_201011-202012.nctauv_APmon_MPI-ESM1-2-LR_dcppA-hindcast_s2010-r5i1p1f1_gn_201011-202012.nctauv_APmon_MPI-ESM1-2-LR_dcppA-hindcast_s2010-r6i1p1f1_gn_201011-202012.nctdps_APmon_MPI-ESM1-2-LR_dcppA-hindcast_s2010-r2i1p1f1_gn_201011-202012.nctdps_APmon_MPI-ESM1-2-LR_dcppA-hindcast_s2010-r3i1p1f1_gn_201011-202012.nctdps_APmon_MPI-ESM1-2-LR_dcppA-hindcast_s2010-r4i1p1f1_gn_201011-202012.nctdps_APmon_MPI-ESM1-2-LR_dcppA-hindcast_s2010-r5i1p1f1_gn_201011-202012.nctdps_APmon_MPI-ESM1-2-LR_dcppA-hindcast_s2010-r6i1p1f1_gn_201011-202012.ncts_APmon_MPI-ESM1-2-LR_dcppA-hindcast_s2010-r2i1p1f1_gn_201011-202012.ncts_APmon_MPI-ESM1-2-LR_dcppA-hindcast_s2010-r3i1p1f1_gn_201011-202012.ncts_APmon_MPI-ESM1-2-LR_dcppA-hindcast_s2010-r4i1p1f1_gn_201011-202012.ncts_APmon_MPI-ESM1-2-LR_dcppA-hindcast_s2010-r5i1p1f1_gn_201011-202012.ncts_APmon_MPI-ESM1-2-LR_dcppA-hindcast_s2010-r6i1p1f1_gn_201011-202012.ncmrro_LPmon_MPI-ESM1-2-LR_dcppA-hindcast_s2010-r2i1p1f1_gn_201011-202012.ncmrro_LPmon_MPI-ESM1-2-LR_dcppA-hindcast_s2010-r3i1p1f1_gn_201011-202012.ncmrro_LPmon_MPI-ESM1-2-LR_dcppA-hindcast_s2010-r4i1p1f1_gn_201011-202012.ncmrro_LPmon_MPI-ESM1-2-LR_dcppA-hindcast_s2010-r5i1p1f1_gn_201011-202012.ncmrro_LPmon_MPI-ESM1-2-LR_dcppA-hindcast_s2010-r6i1p1f1_gn_201011-202012.ncsiconca_SImon_MPI-ESM1-2-LR_dcppA-hindcast_s2010-r3i1p1f1_gn_201011-202012.ncsiconca_SImon_MPI-ESM1-2-LR_dcppA-hindcast_s2010-r4i1p1f1_gn_201011-202012.ncsiconca_SImon_MPI-ESM1-2-LR_dcppA-hindcast_s2010-r5i1p1f1_gn_201011-202012.ncsiconca_SImon_MPI-ESM1-2-LR_dcppA-hindcast_s2010-r6i1p1f1_gn_201011-202012.nc
a2738ccad4f3,DWD,s2011,dcpp-a,CMIP6 Plus,DKRZ,Partial,"pr_APday,pr_APmon,psl_APday,psl_APmon,rsds_APday,rsds_APmon,sfcWind_APday,sfcWind_APmon,tas_APday,tas_APmon,tasmax_APday,tasmin_APday,uas_APday,uas_APmon,vas_APday,vas_APmon,clt_APday,clt_APmon,prsn_APday,prsn_APmon,psl_APday,psl_APmon,rlut_APday,rlut_APmon,rsds_APday,rsds_APmon,ta_APmon,tas_APday,tas_APmon,ts_APmon,ua19_APmon,uas_APday,uas_APmon,va19_APmon,vas_APday,vas_APmon,zg_APmon,",Partial,"evspsbl_APmon,hus19_APmon,prsn_APday,prsn_APmon,rlds_APday,rlds_APmon,tasmax_APmon,tasmin_APmon,",hfls_APday_MPI-ESM1-2-LR_dcppA-hindcast_s2011-r2i1p1f1_gn_20111101-20211231.nchfls_APday_MPI-ESM1-2-LR_dcppA-hindcast_s2011-r3i1p1f1_gn_20111101-20211231.nchfls_APday_MPI-ESM1-2-LR_dcppA-hindcast_s2011-r4i1p1f1_gn_20111101-20211231.nchfls_APday_MPI-ESM1-2-LR_dcppA-hindcast_s2011-r5i1p1f1_gn_20111101-20211231.nchfls_APday_MPI-ESM1-2-LR_dcppA-hindcast_s2011-r6i1p1f1_gn_20111101-20211231.nchfss_APday_MPI-ESM1-2-LR_dcppA-hindcast_s2011-r2i1p1f1_gn_20111101-20211231.nchfss_APday_MPI-ESM1-2-LR_dcppA-hindcast_s2011-r3i1p1f1_gn_20111101-20211231.nchfss_APday_MPI-ESM1-2-LR_dcppA-hindcast_s2011-r4i1p1f1_gn_20111101-20211231.nchfss_APday_MPI-ESM1-2-LR_dcppA-hindcast_s2011-r5i1p1f1_gn_20111101-20211231.nchfss_APday_MPI-ESM1-2-LR_dcppA-hindcast_s2011-r6i1p1f1_gn_20111101-20211231.ncprc_APday_MPI-ESM1-2-LR_dcppA-hindcast_s2011-r2i1p1f1_gn_20111101-20211231.ncprc_APday_MPI-ESM1-2-LR_dcppA-hindcast_s2011-r3i1p1f1_gn_20111101-20211231.ncprc_APday_MPI-ESM1-2-LR_dcppA-hindcast_s2011-r4i1p1f1_gn_20111101-20211231.ncprc_APday_MPI-ESM1-2-LR_dcppA-hindcast_s2011-r5i1p1f1_gn_20111101-20211231.ncprc_APday_MPI-ESM1-2-LR_dcppA-hindcast_s2011-r6i1p1f1_gn_20111101-20211231.ncprsn_APday_MPI-ESM1-2-LR_dcppA-hindcast_s2011-r2i1p1f1_gn_20111101-20211231.ncprsn_APday_MPI-ESM1-2-LR_dcppA-hindcast_s2011-r3i1p1f1_gn_20111101-20211231.ncprsn_APday_MPI-ESM1-2-LR_dcppA-hindcast_s2011-r4i1p1f1_gn_20111101-20211231.ncprsn_APday_MPI-ESM1-2-LR_dcppA-hindcast_s2011-r5i1p1f1_gn_20111101-20211231.ncprsn_APday_MPI-ESM1-2-LR_dcppA-hindcast_s2011-r6i1p1f1_gn_20111101-20211231.ncrlds_APday_MPI-ESM1-2-LR_dcppA-hindcast_s2011-r2i1p1f1_gn_20111101-20211231.ncrlds_APday_MPI-ESM1-2-LR_dcppA-hindcast_s2011-r3i1p1f1_gn_20111101-20211231.ncrlds_APday_MPI-ESM1-2-LR_dcppA-hindcast_s2011-r4i1p1f1_gn_20111101-20211231.ncrlds_APday_MPI-ESM1-2-LR_dcppA-hindcast_s2011-r5i1p1f1_gn_20111101-20211231.ncrlds_APday_MPI-ESM1-2-LR_dcppA-hindcast_s2011-r6i1p1f1_gn_20111101-20211231.ncrls_APday_MPI-ESM1-2-LR_dcppA-hindcast_s2011-r2i1p1f1_gn_20111101-20211231.ncrls_APday_MPI-ESM1-2-LR_dcppA-hindcast_s2011-r3i1p1f1_gn_20111101-20211231.ncrls_APday_MPI-ESM1-2-LR_dcppA-hindcast_s2011-r4i1p1f1_gn_20111101-20211231.ncrls_APday_MPI-ESM1-2-LR_dcppA-hindcast_s2011-r5i1p1f1_gn_20111101-20211231.ncrls_APday_MPI-ESM1-2-LR_dcppA-hindcast_s2011-r6i1p1f1_gn_20111101-20211231.ncrlut_APday_MPI-ESM1-2-LR_dcppA-hindcast_s2011-r2i1p1f1_gn_20111101-20211231.ncrlut_APday_MPI-ESM1-2-LR_dcppA-hindcast_s2011-r3i1p1f1_gn_20111101-20211231.ncrlut_APday_MPI-ESM1-2-LR_dcppA-hindcast_s2011-r4i1p1f1_gn_20111101-20211231.ncrlut_APday_MPI-ESM1-2-LR_dcppA-hindcast_s2011-r5i1p1f1_gn_20111101-20211231.ncrlut_APday_MPI-ESM1-2-LR_dcppA-hindcast_s2011-r6i1p1f1_gn_20111101-20211231.ncrsds_APday_MPI-ESM1-2-LR_dcppA-hindcast_s2011-r2i1p1f1_gn_20111101-20211231.ncrsds_APday_MPI-ESM1-2-LR_dcppA-hindcast_s2011-r3i1p1f1_gn_20111101-20211231.ncrsds_APday_MPI-ESM1-2-LR_dcppA-hindcast_s2011-r4i1p1f1_gn_20111101-20211231.ncrsds_APday_MPI-ESM1-2-LR_dcppA-hindcast_s2011-r5i1p1f1_gn_20111101-20211231.ncrsds_APday_MPI-ESM1-2-LR_dcppA-hindcast_s2011-r6i1p1f1_gn_20111101-20211231.ncrsdt_APday_MPI-ESM1-2-LR_dcppA-hindcast_s2011-r2i1p1f1_gn_20111101-20211231.ncrsdt_APday_MPI-ESM1-2-LR_dcppA-hindcast_s2011-r3i1p1f1_gn_20111101-20211231.ncrsdt_APday_MPI-ESM1-2-LR_dcppA-hindcast_s2011-r4i1p1f1_gn_20111101-20211231.ncrsdt_APday_MPI-ESM1-2-LR_dcppA-hindcast_s2011-r5i1p1f1_gn_20111101-20211231.ncrsdt_APday_MPI-ESM1-2-LR_dcppA-hindcast_s2011-r6i1p1f1_gn_20111101-20211231.ncrsut_APday_MPI-ESM1-2-LR_dcppA-hindcast_s2011-r2i1p1f1_gn_20111101-20211231.ncrsut_APday_MPI-ESM1-2-LR_dcppA-hindcast_s2011-r3i1p1f1_gn_20111101-20211231.ncrsut_APday_MPI-ESM1-2-LR_dcppA-hindcast_s2011-r4i1p1f1_gn_20111101-20211231.ncrsut_APday_MPI-ESM1-2-LR_dcppA-hindcast_s2011-r5i1p1f1_gn_20111101-20211231.ncrsut_APday_MPI-ESM1-2-LR_dcppA-hindcast_s2011-r6i1p1f1_gn_20111101-20211231.ncsfcWind_APday_MPI-ESM1-2-LR_dcppA-hindcast_s2011-r2i1p1f1_gn_20111101-20211231.ncsfcWind_APday_MPI-ESM1-2-LR_dcppA-hindcast_s2011-r3i1p1f1_gn_20111101-20211231.ncsfcWind_APday_MPI-ESM1-2-LR_dcppA-hindcast_s2011-r4i1p1f1_gn_20111101-20211231.ncsfcWind_APday_MPI-ESM1-2-LR_dcppA-hindcast_s2011-r5i1p1f1_gn_20111101-20211231.ncsfcWind_APday_MPI-ESM1-2-LR_dcppA-hindcast_s2011-r6i1p1f1_gn_20111101-20211231.nctauu_APday_MPI-ESM1-2-LR_dcppA-hindcast_s2011-r2i1p1f1_gn_20111101-20211231.nctauu_APday_MPI-ESM1-2-LR_dcppA-hindcast_s2011-r3i1p1f1_gn_20111101-20211231.nctauu_APday_MPI-ESM1-2-LR_dcppA-hindcast_s2011-r4i1p1f1_gn_20111101-20211231.nctauu_APday_MPI-ESM1-2-LR_dcppA-hindcast_s2011-r5i1p1f1_gn_20111101-20211231.nctauu_APday_MPI-ESM1-2-LR_dcppA-hindcast_s2011-r6i1p1f1_gn_20111101-20211231.nctauv_APday_MPI-ESM1-2-LR_dcppA-hindcast_s2011-r2i1p1f1_gn_20111101-20211231.nctauv_APday_MPI-ESM1-2-LR_dcppA-hindcast_s2011-r3i1p1f1_gn_20111101-20211231.nctauv_APday_MPI-ESM1-2-LR_dcppA-hindcast_s2011-r4i1p1f1_gn_20111101-20211231.nctauv_APday_MPI-ESM1-2-LR_dcppA-hindcast_s2011-r5i1p1f1_gn_20111101-20211231.nctauv_APday_MPI-ESM1-2-LR_dcppA-hindcast_s2011-r6i1p1f1_gn_20111101-20211231.nctdps_APday_MPI-ESM1-2-LR_dcppA-hindcast_s2011-r2i1p1f1_gn_20111101-20211231.nctdps_APday_MPI-ESM1-2-LR_dcppA-hindcast_s2011-r3i1p1f1_gn_20111101-20211231.nctdps_APday_MPI-ESM1-2-LR_dcppA-hindcast_s2011-r4i1p1f1_gn_20111101-20211231.nctdps_APday_MPI-ESM1-2-LR_dcppA-hindcast_s2011-r5i1p1f1_gn_20111101-20211231.nctdps_APday_MPI-ESM1-2-LR_dcppA-hindcast_s2011-r6i1p1f1_gn_20111101-20211231.ncclt_APmon_MPI-ESM1-2-LR_dcppA-hindcast_s2011-r2i1p1f1_gn_201111-202112.ncclt_APmon_MPI-ESM1-2-LR_dcppA-hindcast_s2011-r3i1p1f1_gn_201111-202112.ncclt_APmon_MPI-ESM1-2-LR_dcppA-hindcast_s2011-r4i1p1f1_gn_201111-202112.ncclt_APmon_MPI-ESM1-2-LR_dcppA-hindcast_s2011-r5i1p1f1_gn_201111-202112.ncclt_APmon_MPI-ESM1-2-LR_dcppA-hindcast_s2011-r6i1p1f1_gn_201111-202112.ncevspsbl_APmon_MPI-ESM1-2-LR_dcppA-hindcast_s2011-r2i1p1f1_gn_201111-202112.ncevspsbl_APmon_MPI-ESM1-2-LR_dcppA-hindcast_s2011-r3i1p1f1_gn_201111-202112.ncevspsbl_APmon_MPI-ESM1-2-LR_dcppA-hindcast_s2011-r4i1p1f1_gn_201111-202112.ncevspsbl_APmon_MPI-ESM1-2-LR_dcppA-hindcast_s2011-r5i1p1f1_gn_201111-202112.ncevspsbl_APmon_MPI-ESM1-2-LR_dcppA-hindcast_s2011-r6i1p1f1_gn_201111-202112.nchfls_APmon_MPI-ESM1-2-LR_dcppA-hindcast_s2011-r2i1p1f1_gn_201111-202112.nchfls_APmon_MPI-ESM1-2-LR_dcppA-hindcast_s2011-r3i1p1f1_gn_201111-202112.nchfls_APmon_MPI-ESM1-2-LR_dcppA-hindcast_s2011-r4i1p1f1_gn_201111-202112.nchfls_APmon_MPI-ESM1-2-LR_dcppA-hindcast_s2011-r5i1p1f1_gn_201111-202112.nchfls_APmon_MPI-ESM1-2-LR_dcppA-hindcast_s2011-r6i1p1f1_gn_201111-202112.nchfss_APmon_MPI-ESM1-2-LR_dcppA-hindcast_s2011-r2i1p1f1_gn_201111-202112.nchfss_APmon_MPI-ESM1-2-LR_dcppA-hindcast_s2011-r3i1p1f1_gn_201111-202112.nchfss_APmon_MPI-ESM1-2-LR_dcppA-hindcast_s2011-r4i1p1f1_gn_201111-202112.nchfss_APmon_MPI-ESM1-2-LR_dcppA-hindcast_s2011-r5i1p1f1_gn_201111-202112.nchfss_APmon_MPI-ESM1-2-LR_dcppA-hindcast_s2011-r6i1p1f1_gn_201111-202112.ncprsn_APmon_MPI-ESM1-2-LR_dcppA-hindcast_s2011-r2i1p1f1_gn_201111-202112.ncprsn_APmon_MPI-ESM1-2-LR_dcppA-hindcast_s2011-r3i1p1f1_gn_201111-202112.ncprsn_APmon_MPI-ESM1-2-LR_dcppA-hindcast_s2011-r4i1p1f1_gn_201111-202112.ncprsn_APmon_MPI-ESM1-2-LR_dcppA-hindcast_s2011-r5i1p1f1_gn_201111-202112.ncprsn_APmon_MPI-ESM1-2-LR_dcppA-hindcast_s2011-r6i1p1f1_gn_201111-202112.ncrlds_APmon_MPI-ESM1-2-LR_dcppA-hindcast_s2011-r2i1p1f1_gn_201111-202112.ncrlds_APmon_MPI-ESM1-2-LR_dcppA-hindcast_s2011-r3i1p1f1_gn_201111-202112.ncrlds_APmon_MPI-ESM1-2-LR_dcppA-hindcast_s2011-r4i1p1f1_gn_201111-202112.ncrlds_APmon_MPI-ESM1-2-LR_dcppA-hindcast_s2011-r5i1p1f1_gn_201111-202112.ncrlds_APmon_MPI-ESM1-2-LR_dcppA-hindcast_s2011-r6i1p1f1_gn_201111-202112.ncrls_APmon_MPI-ESM1-2-LR_dcppA-hindcast_s2011-r2i1p1f1_gn_201111-202112.ncrls_APmon_MPI-ESM1-2-LR_dcppA-hindcast_s2011-r3i1p1f1_gn_201111-202112.ncrls_APmon_MPI-ESM1-2-LR_dcppA-hindcast_s2011-r4i1p1f1_gn_201111-202112.ncrls_APmon_MPI-ESM1-2-LR_dcppA-hindcast_s2011-r5i1p1f1_gn_201111-202112.ncrls_APmon_MPI-ESM1-2-LR_dcppA-hindcast_s2011-r6i1p1f1_gn_201111-202112.ncrlut_APmon_MPI-ESM1-2-LR_dcppA-hindcast_s2011-r2i1p1f1_gn_201111-202112.ncrlut_APmon_MPI-ESM1-2-LR_dcppA-hindcast_s2011-r3i1p1f1_gn_201111-202112.ncrlut_APmon_MPI-ESM1-2-LR_dcppA-hindcast_s2011-r4i1p1f1_gn_201111-202112.ncrlut_APmon_MPI-ESM1-2-LR_dcppA-hindcast_s2011-r5i1p1f1_gn_201111-202112.ncrlut_APmon_MPI-ESM1-2-LR_dcppA-hindcast_s2011-r6i1p1f1_gn_201111-202112.ncrlutcs_APmon_MPI-ESM1-2-LR_dcppA-hindcast_s2011-r2i1p1f1_gn_201111-202112.ncrlutcs_APmon_MPI-ESM1-2-LR_dcppA-hindcast_s2011-r3i1p1f1_gn_201111-202112.ncrlutcs_APmon_MPI-ESM1-2-LR_dcppA-hindcast_s2011-r4i1p1f1_gn_201111-202112.ncrlutcs_APmon_MPI-ESM1-2-LR_dcppA-hindcast_s2011-r5i1p1f1_gn_201111-202112.ncrlutcs_APmon_MPI-ESM1-2-LR_dcppA-hindcast_s2011-r6i1p1f1_gn_201111-202112.ncrsds_APmon_MPI-ESM1-2-LR_dcppA-hindcast_s2011-r2i1p1f1_gn_201111-202112.ncrsds_APmon_MPI-ESM1-2-LR_dcppA-hindcast_s2011-r3i1p1f1_gn_201111-202112.ncrsds_APmon_MPI-ESM1-2-LR_dcppA-hindcast_s2011-r4i1p1f1_gn_201111-202112.ncrsds_APmon_MPI-ESM1-2-LR_dcppA-hindcast_s2011-r5i1p1f1_gn_201111-202112.ncrsds_APmon_MPI-ESM1-2-LR_dcppA-hindcast_s2011-r6i1p1f1_gn_201111-202112.ncrsdt_APmon_MPI-ESM1-2-LR_dcppA-hindcast_s2011-r2i1p1f1_gn_201111-202112.ncrsdt_APmon_MPI-ESM1-2-LR_dcppA-hindcast_s2011-r3i1p1f1_gn_201111-202112.ncrsdt_APmon_MPI-ESM1-2-LR_dcppA-hindcast_s2011-r4i1p1f1_gn_201111-202112.ncrsdt_APmon_MPI-ESM1-2-LR_dcppA-hindcast_s2011-r5i1p1f1_gn_201111-202112.ncrsdt_APmon_MPI-ESM1-2-LR_dcppA-hindcast_s2011-r6i1p1f1_gn_201111-202112.ncrss_APmon_MPI-ESM1-2-LR_dcppA-hindcast_s2011-r2i1p1f1_gn_201111-202112.ncrss_APmon_MPI-ESM1-2-LR_dcppA-hindcast_s2011-r3i1p1f1_gn_201111-202112.ncrss_APmon_MPI-ESM1-2-LR_dcppA-hindcast_s2011-r4i1p1f1_gn_201111-202112.ncrss_APmon_MPI-ESM1-2-LR_dcppA-hindcast_s2011-r5i1p1f1_gn_201111-202112.ncrss_APmon_MPI-ESM1-2-LR_dcppA-hindcast_s2011-r6i1p1f1_gn_201111-202112.ncrsut_APmon_MPI-ESM1-2-LR_dcppA-hindcast_s2011-r2i1p1f1_gn_201111-202112.ncrsut_APmon_MPI-ESM1-2-LR_dcppA-hindcast_s2011-r3i1p1f1_gn_201111-202112.ncrsut_APmon_MPI-ESM1-2-LR_dcppA-hindcast_s2011-r4i1p1f1_gn_201111-202112.ncrsut_APmon_MPI-ESM1-2-LR_dcppA-hindcast_s2011-r5i1p1f1_gn_201111-202112.ncrsut_APmon_MPI-ESM1-2-LR_dcppA-hindcast_s2011-r6i1p1f1_gn_201111-202112.ncrsutcs_APmon_MPI-ESM1-2-LR_dcppA-hindcast_s2011-r2i1p1f1_gn_201111-202112.ncrsutcs_APmon_MPI-ESM1-2-LR_dcppA-hindcast_s2011-r3i1p1f1_gn_201111-202112.ncrsutcs_APmon_MPI-ESM1-2-LR_dcppA-hindcast_s2011-r4i1p1f1_gn_201111-202112.ncrsutcs_APmon_MPI-ESM1-2-LR_dcppA-hindcast_s2011-r5i1p1f1_gn_201111-202112.ncrsutcs_APmon_MPI-ESM1-2-LR_dcppA-hindcast_s2011-r6i1p1f1_gn_201111-202112.ncsfcWind_APmon_MPI-ESM1-2-LR_dcppA-hindcast_s2011-r2i1p1f1_gn_201111-202112.ncsfcWind_APmon_MPI-ESM1-2-LR_dcppA-hindcast_s2011-r3i1p1f1_gn_201111-202112.ncsfcWind_APmon_MPI-ESM1-2-LR_dcppA-hindcast_s2011-r4i1p1f1_gn_201111-202112.ncsfcWind_APmon_MPI-ESM1-2-LR_dcppA-hindcast_s2011-r5i1p1f1_gn_201111-202112.ncsfcWind_APmon_MPI-ESM1-2-LR_dcppA-hindcast_s2011-r6i1p1f1_gn_201111-202112.nctauu_APmon_MPI-ESM1-2-LR_dcppA-hindcast_s2011-r2i1p1f1_gn_201111-202112.nctauu_APmon_MPI-ESM1-2-LR_dcppA-hindcast_s2011-r3i1p1f1_gn_201111-202112.nctauu_APmon_MPI-ESM1-2-LR_dcppA-hindcast_s2011-r4i1p1f1_gn_201111-202112.nctauu_APmon_MPI-ESM1-2-LR_dcppA-hindcast_s2011-r5i1p1f1_gn_201111-202112.nctauu_APmon_MPI-ESM1-2-LR_dcppA-hindcast_s2011-r6i1p1f1_gn_201111-202112.nctauv_APmon_MPI-ESM1-2-LR_dcppA-hindcast_s2011-r2i1p1f1_gn_201111-202112.nctauv_APmon_MPI-ESM1-2-LR_dcppA-hindcast_s2011-r3i1p1f1_gn_201111-202112.nctauv_APmon_MPI-ESM1-2-LR_dcppA-hindcast_s2011-r4i1p1f1_gn_201111-202112.nctauv_APmon_MPI-ESM1-2-LR_dcppA-hindcast_s2011-r5i1p1f1_gn_201111-202112.nctauv_APmon_MPI-ESM1-2-LR_dcppA-hindcast_s2011-r6i1p1f1_gn_201111-202112.nctdps_APmon_MPI-ESM1-2-LR_dcppA-hindcast_s2011-r2i1p1f1_gn_201111-202112.nctdps_APmon_MPI-ESM1-2-LR_dcppA-hindcast_s2011-r3i1p1f1_gn_201111-202112.nctdps_APmon_MPI-ESM1-2-LR_dcppA-hindcast_s2011-r4i1p1f1_gn_201111-202112.nctdps_APmon_MPI-ESM1-2-LR_dcppA-hindcast_s2011-r5i1p1f1_gn_201111-202112.nctdps_APmon_MPI-ESM1-2-LR_dcppA-hindcast_s2011-r6i1p1f1_gn_201111-202112.ncts_APmon_MPI-ESM1-2-LR_dcppA-hindcast_s2011-r2i1p1f1_gn_201111-202112.ncts_APmon_MPI-ESM1-2-LR_dcppA-hindcast_s2011-r3i1p1f1_gn_201111-202112.ncts_APmon_MPI-ESM1-2-LR_dcppA-hindcast_s2011-r4i1p1f1_gn_201111-202112.ncts_APmon_MPI-ESM1-2-LR_dcppA-hindcast_s2011-r5i1p1f1_gn_201111-202112.ncts_APmon_MPI-ESM1-2-LR_dcppA-hindcast_s2011-r6i1p1f1_gn_201111-202112.ncmrro_LPmon_MPI-ESM1-2-LR_dcppA-hindcast_s2011-r2i1p1f1_gn_201111-202112.ncmrro_LPmon_MPI-ESM1-2-LR_dcppA-hindcast_s2011-r3i1p1f1_gn_201111-202112.ncmrro_LPmon_MPI-ESM1-2-LR_dcppA-hindcast_s2011-r4i1p1f1_gn_201111-202112.ncmrro_LPmon_MPI-ESM1-2-LR_dcppA-hindcast_s2011-r5i1p1f1_gn_201111-202112.ncmrro_LPmon_MPI-ESM1-2-LR_dcppA-hindcast_s2011-r6i1p1f1_gn_201111-202112.ncsiconca_SImon_MPI-ESM1-2-LR_dcppA-hindcast_s2011-r2i1p1f1_gn_201111-202112.ncsiconca_SImon_MPI-ESM1-2-LR_dcppA-hindcast_s2011-r3i1p1f1_gn_201111-202112.ncsiconca_SImon_MPI-ESM1-2-LR_dcppA-hindcast_s2011-r4i1p1f1_gn_201111-202112.ncsiconca_SImon_MPI-ESM1-2-LR_dcppA-hindcast_s2011-r5i1p1f1_gn_201111-202112.ncsiconca_SImon_MPI-ESM1-2-LR_dcppA-hindcast_s2011-r6i1p1f1_gn_201111-202112.nc
e833366e13d5,DWD,s2012,dcpp-a,CMIP6 Plus,DKRZ,Partial,"pr_APday,pr_APmon,psl_APday,psl_APmon,rsds_APday,rsds_APmon,sfcWind_APday,sfcWind_APmon,tas_APday,tas_APmon,tasmax_APday,tasmin_APday,uas_APday,uas_APmon,vas_APday,vas_APmon,clt_APday,clt_APmon,prsn_APday,prsn_APmon,psl_APday,psl_APmon,rlut_APday,rlut_APmon,rsds_APday,rsds_APmon,ta_APmon,tas_APday,tas_APmon,ts_APmon,ua19_APmon,uas_APday,uas_APmon,va19_APmon,vas_APday,vas_APmon,zg_APmon,",Partial,"evspsbl_APmon,hus19_APmon,prsn_APday,prsn_APmon,rlds_APday,rlds_APmon,tasmax_APmon,tasmin_APmon,",hfls_APday_MPI-ESM1-2-LR_dcppA-hindcast_s2012-r2i1p1f1_gn_20121101-20221231.nchfls_APday_MPI-ESM1-2-LR_dcppA-hindcast_s2012-r3i1p1f1_gn_20121101-20221231.nchfls_APday_MPI-ESM1-2-LR_dcppA-hindcast_s2012-r4i1p1f1_gn_20121101-20221231.nchfls_APday_MPI-ESM1-2-LR_dcppA-hindcast_s2012-r5i1p1f1_gn_20121101-20221231.nchfls_APday_MPI-ESM1-2-LR_dcppA-hindcast_s2012-r6i1p1f1_gn_20121101-20221231.nchfss_APday_MPI-ESM1-2-LR_dcppA-hindcast_s2012-r2i1p1f1_gn_20121101-20221231.nchfss_APday_MPI-ESM1-2-LR_dcppA-hindcast_s2012-r3i1p1f1_gn_20121101-20221231.nchfss_APday_MPI-ESM1-2-LR_dcppA-hindcast_s2012-r4i1p1f1_gn_20121101-20221231.nchfss_APday_MPI-ESM1-2-LR_dcppA-hindcast_s2012-r5i1p1f1_gn_20121101-20221231.nchfss_APday_MPI-ESM1-2-LR_dcppA-hindcast_s2012-r6i1p1f1_gn_20121101-20221231.ncprc_APday_MPI-ESM1-2-LR_dcppA-hindcast_s2012-r2i1p1f1_gn_20121101-20221231.ncprc_APday_MPI-ESM1-2-LR_dcppA-hindcast_s2012-r3i1p1f1_gn_20121101-20221231.ncprc_APday_MPI-ESM1-2-LR_dcppA-hindcast_s2012-r4i1p1f1_gn_20121101-20221231.ncprc_APday_MPI-ESM1-2-LR_dcppA-hindcast_s2012-r5i1p1f1_gn_20121101-20221231.ncprc_APday_MPI-ESM1-2-LR_dcppA-hindcast_s2012-r6i1p1f1_gn_20121101-20221231.ncprsn_APday_MPI-ESM1-2-LR_dcppA-hindcast_s2012-r2i1p1f1_gn_20121101-20221231.ncprsn_APday_MPI-ESM1-2-LR_dcppA-hindcast_s2012-r3i1p1f1_gn_20121101-20221231.ncprsn_APday_MPI-ESM1-2-LR_dcppA-hindcast_s2012-r4i1p1f1_gn_20121101-20221231.ncprsn_APday_MPI-ESM1-2-LR_dcppA-hindcast_s2012-r5i1p1f1_gn_20121101-20221231.ncprsn_APday_MPI-ESM1-2-LR_dcppA-hindcast_s2012-r6i1p1f1_gn_20121101-20221231.ncrlds_APday_MPI-ESM1-2-LR_dcppA-hindcast_s2012-r2i1p1f1_gn_20121101-20221231.ncrlds_APday_MPI-ESM1-2-LR_dcppA-hindcast_s2012-r3i1p1f1_gn_20121101-20221231.ncrlds_APday_MPI-ESM1-2-LR_dcppA-hindcast_s2012-r4i1p1f1_gn_20121101-20221231.ncrlds_APday_MPI-ESM1-2-LR_dcppA-hindcast_s2012-r5i1p1f1_gn_20121101-20221231.ncrlds_APday_MPI-ESM1-2-LR_dcppA-hindcast_s2012-r6i1p1f1_gn_20121101-20221231.ncrls_APday_MPI-ESM1-2-LR_dcppA-hindcast_s2012-r2i1p1f1_gn_20121101-20221231.ncrls_APday_MPI-ESM1-2-LR_dcppA-hindcast_s2012-r3i1p1f1_gn_20121101-20221231.ncrls_APday_MPI-ESM1-2-LR_dcppA-hindcast_s2012-r4i1p1f1_gn_20121101-20221231.ncrls_APday_MPI-ESM1-2-LR_dcppA-hindcast_s2012-r5i1p1f1_gn_20121101-20221231.ncrls_APday_MPI-ESM1-2-LR_dcppA-hindcast_s2012-r6i1p1f1_gn_20121101-20221231.ncrlut_APday_MPI-ESM1-2-LR_dcppA-hindcast_s2012-r2i1p1f1_gn_20121101-20221231.ncrlut_APday_MPI-ESM1-2-LR_dcppA-hindcast_s2012-r3i1p1f1_gn_20121101-20221231.ncrlut_APday_MPI-ESM1-2-LR_dcppA-hindcast_s2012-r4i1p1f1_gn_20121101-20221231.ncrlut_APday_MPI-ESM1-2-LR_dcppA-hindcast_s2012-r5i1p1f1_gn_20121101-20221231.ncrlut_APday_MPI-ESM1-2-LR_dcppA-hindcast_s2012-r6i1p1f1_gn_20121101-20221231.ncrsds_APday_MPI-ESM1-2-LR_dcppA-hindcast_s2012-r2i1p1f1_gn_20121101-20221231.ncrsds_APday_MPI-ESM1-2-LR_dcppA-hindcast_s2012-r3i1p1f1_gn_20121101-20221231.ncrsds_APday_MPI-ESM1-2-LR_dcppA-hindcast_s2012-r4i1p1f1_gn_20121101-20221231.ncrsds_APday_MPI-ESM1-2-LR_dcppA-hindcast_s2012-r5i1p1f1_gn_20121101-20221231.ncrsds_APday_MPI-ESM1-2-LR_dcppA-hindcast_s2012-r6i1p1f1_gn_20121101-20221231.ncrsdt_APday_MPI-ESM1-2-LR_dcppA-hindcast_s2012-r2i1p1f1_gn_20121101-20221231.ncrsdt_APday_MPI-ESM1-2-LR_dcppA-hindcast_s2012-r3i1p1f1_gn_20121101-20221231.ncrsdt_APday_MPI-ESM1-2-LR_dcppA-hindcast_s2012-r4i1p1f1_gn_20121101-20221231.ncrsdt_APday_MPI-ESM1-2-LR_dcppA-hindcast_s2012-r5i1p1f1_gn_20121101-20221231.ncrsdt_APday_MPI-ESM1-2-LR_dcppA-hindcast_s2012-r6i1p1f1_gn_20121101-20221231.ncrsut_APday_MPI-ESM1-2-LR_dcppA-hindcast_s2012-r2i1p1f1_gn_20121101-20221231.ncrsut_APday_MPI-ESM1-2-LR_dcppA-hindcast_s2012-r3i1p1f1_gn_20121101-20221231.ncrsut_APday_MPI-ESM1-2-LR_dcppA-hindcast_s2012-r4i1p1f1_gn_20121101-20221231.ncrsut_APday_MPI-ESM1-2-LR_dcppA-hindcast_s2012-r5i1p1f1_gn_20121101-20221231.ncrsut_APday_MPI-ESM1-2-LR_dcppA-hindcast_s2012-r6i1p1f1_gn_20121101-20221231.ncsfcWind_APday_MPI-ESM1-2-LR_dcppA-hindcast_s2012-r2i1p1f1_gn_20121101-20221231.ncsfcWind_APday_MPI-ESM1-2-LR_dcppA-hindcast_s2012-r3i1p1f1_gn_20121101-20221231.ncsfcWind_APday_MPI-ESM1-2-LR_dcppA-hindcast_s2012-r4i1p1f1_gn_20121101-20221231.ncsfcWind_APday_MPI-ESM1-2-LR_dcppA-hindcast_s2012-r5i1p1f1_gn_20121101-20221231.ncsfcWind_APday_MPI-ESM1-2-LR_dcppA-hindcast_s2012-r6i1p1f1_gn_20121101-20221231.nctauu_APday_MPI-ESM1-2-LR_dcppA-hindcast_s2012-r2i1p1f1_gn_20121101-20221231.nctauu_APday_MPI-ESM1-2-LR_dcppA-hindcast_s2012-r3i1p1f1_gn_20121101-20221231.nctauu_APday_MPI-ESM1-2-LR_dcppA-hindcast_s2012-r4i1p1f1_gn_20121101-20221231.nctauu_APday_MPI-ESM1-2-LR_dcppA-hindcast_s2012-r5i1p1f1_gn_20121101-20221231.nctauu_APday_MPI-ESM1-2-LR_dcppA-hindcast_s2012-r6i1p1f1_gn_20121101-20221231.nctauv_APday_MPI-ESM1-2-LR_dcppA-hindcast_s2012-r2i1p1f1_gn_20121101-20221231.nctauv_APday_MPI-ESM1-2-LR_dcppA-hindcast_s2012-r3i1p1f1_gn_20121101-20221231.nctauv_APday_MPI-ESM1-2-LR_dcppA-hindcast_s2012-r4i1p1f1_gn_20121101-20221231.nctauv_APday_MPI-ESM1-2-LR_dcppA-hindcast_s2012-r5i1p1f1_gn_20121101-20221231.nctauv_APday_MPI-ESM1-2-LR_dcppA-hindcast_s2012-r6i1p1f1_gn_20121101-20221231.nctdps_APday_MPI-ESM1-2-LR_dcppA-hindcast_s2012-r2i1p1f1_gn_20121101-20221231.nctdps_APday_MPI-ESM1-2-LR_dcppA-hindcast_s2012-r3i1p1f1_gn_20121101-20221231.nctdps_APday_MPI-ESM1-2-LR_dcppA-hindcast_s2012-r4i1p1f1_gn_20121101-20221231.nctdps_APday_MPI-ESM1-2-LR_dcppA-hindcast_s2012-r5i1p1f1_gn_20121101-20221231.nctdps_APday_MPI-ESM1-2-LR_dcppA-hindcast_s2012-r6i1p1f1_gn_20121101-20221231.ncclt_APmon_MPI-ESM1-2-LR_dcppA-hindcast_s2012-r2i1p1f1_gn_201211-202212.ncclt_APmon_MPI-ESM1-2-LR_dcppA-hindcast_s2012-r3i1p1f1_gn_201211-202212.ncclt_APmon_MPI-ESM1-2-LR_dcppA-hindcast_s2012-r4i1p1f1_gn_201211-202212.ncclt_APmon_MPI-ESM1-2-LR_dcppA-hindcast_s2012-r5i1p1f1_gn_201211-202212.ncclt_APmon_MPI-ESM1-2-LR_dcppA-hindcast_s2012-r6i1p1f1_gn_201211-202212.ncevspsbl_APmon_MPI-ESM1-2-LR_dcppA-hindcast_s2012-r2i1p1f1_gn_201211-202212.ncevspsbl_APmon_MPI-ESM1-2-LR_dcppA-hindcast_s2012-r3i1p1f1_gn_201211-202212.ncevspsbl_APmon_MPI-ESM1-2-LR_dcppA-hindcast_s2012-r4i1p1f1_gn_201211-202212.ncevspsbl_APmon_MPI-ESM1-2-LR_dcppA-hindcast_s2012-r5i1p1f1_gn_201211-202212.ncevspsbl_APmon_MPI-ESM1-2-LR_dcppA-hindcast_s2012-r6i1p1f1_gn_201211-202212.nchfls_APmon_MPI-ESM1-2-LR_dcppA-hindcast_s2012-r2i1p1f1_gn_201211-202212.nchfls_APmon_MPI-ESM1-2-LR_dcppA-hindcast_s2012-r3i1p1f1_gn_201211-202212.nchfls_APmon_MPI-ESM1-2-LR_dcppA-hindcast_s2012-r4i1p1f1_gn_201211-202212.nchfls_APmon_MPI-ESM1-2-LR_dcppA-hindcast_s2012-r5i1p1f1_gn_201211-202212.nchfls_APmon_MPI-ESM1-2-LR_dcppA-hindcast_s2012-r6i1p1f1_gn_201211-202212.nchfss_APmon_MPI-ESM1-2-LR_dcppA-hindcast_s2012-r2i1p1f1_gn_201211-202212.nchfss_APmon_MPI-ESM1-2-LR_dcppA-hindcast_s2012-r3i1p1f1_gn_201211-202212.nchfss_APmon_MPI-ESM1-2-LR_dcppA-hindcast_s2012-r4i1p1f1_gn_201211-202212.nchfss_APmon_MPI-ESM1-2-LR_dcppA-hindcast_s2012-r5i1p1f1_gn_201211-202212.nchfss_APmon_MPI-ESM1-2-LR_dcppA-hindcast_s2012-r6i1p1f1_gn_201211-202212.ncprsn_APmon_MPI-ESM1-2-LR_dcppA-hindcast_s2012-r2i1p1f1_gn_201211-202212.ncprsn_APmon_MPI-ESM1-2-LR_dcppA-hindcast_s2012-r3i1p1f1_gn_201211-202212.ncprsn_APmon_MPI-ESM1-2-LR_dcppA-hindcast_s2012-r4i1p1f1_gn_201211-202212.ncprsn_APmon_MPI-ESM1-2-LR_dcppA-hindcast_s2012-r5i1p1f1_gn_201211-202212.ncprsn_APmon_MPI-ESM1-2-LR_dcppA-hindcast_s2012-r6i1p1f1_gn_201211-202212.ncrlds_APmon_MPI-ESM1-2-LR_dcppA-hindcast_s2012-r2i1p1f1_gn_201211-202212.ncrlds_APmon_MPI-ESM1-2-LR_dcppA-hindcast_s2012-r3i1p1f1_gn_201211-202212.ncrlds_APmon_MPI-ESM1-2-LR_dcppA-hindcast_s2012-r4i1p1f1_gn_201211-202212.ncrlds_APmon_MPI-ESM1-2-LR_dcppA-hindcast_s2012-r5i1p1f1_gn_201211-202212.ncrlds_APmon_MPI-ESM1-2-LR_dcppA-hindcast_s2012-r6i1p1f1_gn_201211-202212.ncrls_APmon_MPI-ESM1-2-LR_dcppA-hindcast_s2012-r2i1p1f1_gn_201211-202212.ncrls_APmon_MPI-ESM1-2-LR_dcppA-hindcast_s2012-r3i1p1f1_gn_201211-202212.ncrls_APmon_MPI-ESM1-2-LR_dcppA-hindcast_s2012-r4i1p1f1_gn_201211-202212.ncrls_APmon_MPI-ESM1-2-LR_dcppA-hindcast_s2012-r5i1p1f1_gn_201211-202212.ncrls_APmon_MPI-ESM1-2-LR_dcppA-hindcast_s2012-r6i1p1f1_gn_201211-202212.ncrlut_APmon_MPI-ESM1-2-LR_dcppA-hindcast_s2012-r2i1p1f1_gn_201211-202212.ncrlut_APmon_MPI-ESM1-2-LR_dcppA-hindcast_s2012-r3i1p1f1_gn_201211-202212.ncrlut_APmon_MPI-ESM1-2-LR_dcppA-hindcast_s2012-r4i1p1f1_gn_201211-202212.ncrlut_APmon_MPI-ESM1-2-LR_dcppA-hindcast_s2012-r5i1p1f1_gn_201211-202212.ncrlut_APmon_MPI-ESM1-2-LR_dcppA-hindcast_s2012-r6i1p1f1_gn_201211-202212.ncrlutcs_APmon_MPI-ESM1-2-LR_dcppA-hindcast_s2012-r2i1p1f1_gn_201211-202212.ncrlutcs_APmon_MPI-ESM1-2-LR_dcppA-hindcast_s2012-r3i1p1f1_gn_201211-202212.ncrlutcs_APmon_MPI-ESM1-2-LR_dcppA-hindcast_s2012-r4i1p1f1_gn_201211-202212.ncrlutcs_APmon_MPI-ESM1-2-LR_dcppA-hindcast_s2012-r5i1p1f1_gn_201211-202212.ncrlutcs_APmon_MPI-ESM1-2-LR_dcppA-hindcast_s2012-r6i1p1f1_gn_201211-202212.ncrsds_APmon_MPI-ESM1-2-LR_dcppA-hindcast_s2012-r2i1p1f1_gn_201211-202212.ncrsds_APmon_MPI-ESM1-2-LR_dcppA-hindcast_s2012-r3i1p1f1_gn_201211-202212.ncrsds_APmon_MPI-ESM1-2-LR_dcppA-hindcast_s2012-r4i1p1f1_gn_201211-202212.ncrsds_APmon_MPI-ESM1-2-LR_dcppA-hindcast_s2012-r5i1p1f1_gn_201211-202212.ncrsds_APmon_MPI-ESM1-2-LR_dcppA-hindcast_s2012-r6i1p1f1_gn_201211-202212.ncrsdt_APmon_MPI-ESM1-2-LR_dcppA-hindcast_s2012-r2i1p1f1_gn_201211-202212.ncrsdt_APmon_MPI-ESM1-2-LR_dcppA-hindcast_s2012-r3i1p1f1_gn_201211-202212.ncrsdt_APmon_MPI-ESM1-2-LR_dcppA-hindcast_s2012-r4i1p1f1_gn_201211-202212.ncrsdt_APmon_MPI-ESM1-2-LR_dcppA-hindcast_s2012-r5i1p1f1_gn_201211-202212.ncrsdt_APmon_MPI-ESM1-2-LR_dcppA-hindcast_s2012-r6i1p1f1_gn_201211-202212.ncrss_APmon_MPI-ESM1-2-LR_dcppA-hindcast_s2012-r2i1p1f1_gn_201211-202212.ncrss_APmon_MPI-ESM1-2-LR_dcppA-hindcast_s2012-r3i1p1f1_gn_201211-202212.ncrss_APmon_MPI-ESM1-2-LR_dcppA-hindcast_s2012-r4i1p1f1_gn_201211-202212.ncrss_APmon_MPI-ESM1-2-LR_dcppA-hindcast_s2012-r5i1p1f1_gn_201211-202212.ncrss_APmon_MPI-ESM1-2-LR_dcppA-hindcast_s2012-r6i1p1f1_gn_201211-202212.ncrsut_APmon_MPI-ESM1-2-LR_dcppA-hindcast_s2012-r2i1p1f1_gn_201211-202212.ncrsut_APmon_MPI-ESM1-2-LR_dcppA-hindcast_s2012-r3i1p1f1_gn_201211-202212.ncrsut_APmon_MPI-ESM1-2-LR_dcppA-hindcast_s2012-r4i1p1f1_gn_201211-202212.ncrsut_APmon_MPI-ESM1-2-LR_dcppA-hindcast_s2012-r5i1p1f1_gn_201211-202212.ncrsut_APmon_MPI-ESM1-2-LR_dcppA-hindcast_s2012-r6i1p1f1_gn_201211-202212.ncrsutcs_APmon_MPI-ESM1-2-LR_dcppA-hindcast_s2012-r2i1p1f1_gn_201211-202212.ncrsutcs_APmon_MPI-ESM1-2-LR_dcppA-hindcast_s2012-r3i1p1f1_gn_201211-202212.ncrsutcs_APmon_MPI-ESM1-2-LR_dcppA-hindcast_s2012-r4i1p1f1_gn_201211-202212.ncrsutcs_APmon_MPI-ESM1-2-LR_dcppA-hindcast_s2012-r5i1p1f1_gn_201211-202212.ncrsutcs_APmon_MPI-ESM1-2-LR_dcppA-hindcast_s2012-r6i1p1f1_gn_201211-202212.ncsfcWind_APmon_MPI-ESM1-2-LR_dcppA-hindcast_s2012-r2i1p1f1_gn_201211-202212.ncsfcWind_APmon_MPI-ESM1-2-LR_dcppA-hindcast_s2012-r3i1p1f1_gn_201211-202212.ncsfcWind_APmon_MPI-ESM1-2-LR_dcppA-hindcast_s2012-r4i1p1f1_gn_201211-202212.ncsfcWind_APmon_MPI-ESM1-2-LR_dcppA-hindcast_s2012-r5i1p1f1_gn_201211-202212.ncsfcWind_APmon_MPI-ESM1-2-LR_dcppA-hindcast_s2012-r6i1p1f1_gn_201211-202212.nctauu_APmon_MPI-ESM1-2-LR_dcppA-hindcast_s2012-r2i1p1f1_gn_201211-202212.nctauu_APmon_MPI-ESM1-2-LR_dcppA-hindcast_s2012-r3i1p1f1_gn_201211-202212.nctauu_APmon_MPI-ESM1-2-LR_dcppA-hindcast_s2012-r4i1p1f1_gn_201211-202212.nctauu_APmon_MPI-ESM1-2-LR_dcppA-hindcast_s2012-r5i1p1f1_gn_201211-202212.nctauu_APmon_MPI-ESM1-2-LR_dcppA-hindcast_s2012-r6i1p1f1_gn_201211-202212.nctauv_APmon_MPI-ESM1-2-LR_dcppA-hindcast_s2012-r2i1p1f1_gn_201211-202212.nctauv_APmon_MPI-ESM1-2-LR_dcppA-hindcast_s2012-r3i1p1f1_gn_201211-202212.nctauv_APmon_MPI-ESM1-2-LR_dcppA-hindcast_s2012-r4i1p1f1_gn_201211-202212.nctauv_APmon_MPI-ESM1-2-LR_dcppA-hindcast_s2012-r5i1p1f1_gn_201211-202212.nctauv_APmon_MPI-ESM1-2-LR_dcppA-hindcast_s2012-r6i1p1f1_gn_201211-202212.nctdps_APmon_MPI-ESM1-2-LR_dcppA-hindcast_s2012-r2i1p1f1_gn_201211-202212.nctdps_APmon_MPI-ESM1-2-LR_dcppA-hindcast_s2012-r3i1p1f1_gn_201211-202212.nctdps_APmon_MPI-ESM1-2-LR_dcppA-hindcast_s2012-r4i1p1f1_gn_201211-202212.nctdps_APmon_MPI-ESM1-2-LR_dcppA-hindcast_s2012-r5i1p1f1_gn_201211-202212.nctdps_APmon_MPI-ESM1-2-LR_dcppA-hindcast_s2012-r6i1p1f1_gn_201211-202212.ncts_APmon_MPI-ESM1-2-LR_dcppA-hindcast_s2012-r2i1p1f1_gn_201211-202212.ncts_APmon_MPI-ESM1-2-LR_dcppA-hindcast_s2012-r3i1p1f1_gn_201211-202212.ncts_APmon_MPI-ESM1-2-LR_dcppA-hindcast_s2012-r4i1p1f1_gn_201211-202212.ncts_APmon_MPI-ESM1-2-LR_dcppA-hindcast_s2012-r5i1p1f1_gn_201211-202212.ncts_APmon_MPI-ESM1-2-LR_dcppA-hindcast_s2012-r6i1p1f1_gn_201211-202212.ncmrro_LPmon_MPI-ESM1-2-LR_dcppA-hindcast_s2012-r2i1p1f1_gn_201211-202212.ncmrro_LPmon_MPI-ESM1-2-LR_dcppA-hindcast_s2012-r3i1p1f1_gn_201211-202212.ncmrro_LPmon_MPI-ESM1-2-LR_dcppA-hindcast_s2012-r4i1p1f1_gn_201211-202212.ncmrro_LPmon_MPI-ESM1-2-LR_dcppA-hindcast_s2012-r5i1p1f1_gn_201211-202212.ncmrro_LPmon_MPI-ESM1-2-LR_dcppA-hindcast_s2012-r6i1p1f1_gn_201211-202212.ncsiconca_SImon_MPI-ESM1-2-LR_dcppA-hindcast_s2012-r2i1p1f1_gn_201211-202212.ncsiconca_SImon_MPI-ESM1-2-LR_dcppA-hindcast_s2012-r3i1p1f1_gn_201211-202212.ncsiconca_SImon_MPI-ESM1-2-LR_dcppA-hindcast_s2012-r4i1p1f1_gn_201211-202212.ncsiconca_SImon_MPI-ESM1-2-LR_dcppA-hindcast_s2012-r5i1p1f1_gn_201211-202212.ncsiconca_SImon_MPI-ESM1-2-LR_dcppA-hindcast_s2012-r6i1p1f1_gn_201211-202212.nc
11e095c09237,DWD,s2013,dcpp-a,CMIP6 Plus,DKRZ,Partial,"pr_APday,pr_APmon,psl_APday,psl_APmon,rsds_APday,rsds_APmon,sfcWind_APday,sfcWind_APmon,tas_APday,tas_APmon,tasmax_APday,tasmin_APday,uas_APday,uas_APmon,vas_APday,vas_APmon,clt_APday,clt_APmon,prsn_APday,prsn_APmon,psl_APday,psl_APmon,rlut_APday,rlut_APmon,rsds_APday,rsds_APmon,ta_APmon,tas_APday,tas_APmon,ts_APmon,ua19_APmon,uas_APday,uas_APmon,va19_APmon,vas_APday,vas_APmon,zg_APmon,",Partial,"evspsbl_APmon,hus19_APmon,prsn_APday,prsn_APmon,rlds_APday,rlds_APmon,tasmax_APmon,tasmin_APmon,",hfls_APday_MPI-ESM1-2-LR_dcppA-hindcast_s2013-r2i1p1f1_gn_20131101-20231231.nchfls_APday_MPI-ESM1-2-LR_dcppA-hindcast_s2013-r3i1p1f1_gn_20131101-20231231.nchfls_APday_MPI-ESM1-2-LR_dcppA-hindcast_s2013-r4i1p1f1_gn_20131101-20231231.nchfls_APday_MPI-ESM1-2-LR_dcppA-hindcast_s2013-r5i1p1f1_gn_20131101-20231231.nchfls_APday_MPI-ESM1-2-LR_dcppA-hindcast_s2013-r6i1p1f1_gn_20131101-20231231.nchfss_APday_MPI-ESM1-2-LR_dcppA-hindcast_s2013-r2i1p1f1_gn_20131101-20231231.nchfss_APday_MPI-ESM1-2-LR_dcppA-hindcast_s2013-r3i1p1f1_gn_20131101-20231231.nchfss_APday_MPI-ESM1-2-LR_dcppA-hindcast_s2013-r4i1p1f1_gn_20131101-20231231.nchfss_APday_MPI-ESM1-2-LR_dcppA-hindcast_s2013-r5i1p1f1_gn_20131101-20231231.nchfss_APday_MPI-ESM1-2-LR_dcppA-hindcast_s2013-r6i1p1f1_gn_20131101-20231231.ncprc_APday_MPI-ESM1-2-LR_dcppA-hindcast_s2013-r2i1p1f1_gn_20131101-20231231.ncprc_APday_MPI-ESM1-2-LR_dcppA-hindcast_s2013-r3i1p1f1_gn_20131101-20231231.ncprc_APday_MPI-ESM1-2-LR_dcppA-hindcast_s2013-r4i1p1f1_gn_20131101-20231231.ncprc_APday_MPI-ESM1-2-LR_dcppA-hindcast_s2013-r5i1p1f1_gn_20131101-20231231.ncprc_APday_MPI-ESM1-2-LR_dcppA-hindcast_s2013-r6i1p1f1_gn_20131101-20231231.ncprsn_APday_MPI-ESM1-2-LR_dcppA-hindcast_s2013-r2i1p1f1_gn_20131101-20231231.ncprsn_APday_MPI-ESM1-2-LR_dcppA-hindcast_s2013-r3i1p1f1_gn_20131101-20231231.ncprsn_APday_MPI-ESM1-2-LR_dcppA-hindcast_s2013-r4i1p1f1_gn_20131101-20231231.ncprsn_APday_MPI-ESM1-2-LR_dcppA-hindcast_s2013-r5i1p1f1_gn_20131101-20231231.ncprsn_APday_MPI-ESM1-2-LR_dcppA-hindcast_s2013-r6i1p1f1_gn_20131101-20231231.ncrlds_APday_MPI-ESM1-2-LR_dcppA-hindcast_s2013-r2i1p1f1_gn_20131101-20231231.ncrlds_APday_MPI-ESM1-2-LR_dcppA-hindcast_s2013-r3i1p1f1_gn_20131101-20231231.ncrlds_APday_MPI-ESM1-2-LR_dcppA-hindcast_s2013-r4i1p1f1_gn_20131101-20231231.ncrlds_APday_MPI-ESM1-2-LR_dcppA-hindcast_s2013-r5i1p1f1_gn_20131101-20231231.ncrlds_APday_MPI-ESM1-2-LR_dcppA-hindcast_s2013-r6i1p1f1_gn_20131101-20231231.ncrls_APday_MPI-ESM1-2-LR_dcppA-hindcast_s2013-r2i1p1f1_gn_20131101-20231231.ncrls_APday_MPI-ESM1-2-LR_dcppA-hindcast_s2013-r3i1p1f1_gn_20131101-20231231.ncrls_APday_MPI-ESM1-2-LR_dcppA-hindcast_s2013-r4i1p1f1_gn_20131101-20231231.ncrls_APday_MPI-ESM1-2-LR_dcppA-hindcast_s2013-r5i1p1f1_gn_20131101-20231231.ncrls_APday_MPI-ESM1-2-LR_dcppA-hindcast_s2013-r6i1p1f1_gn_20131101-20231231.ncrlut_APday_MPI-ESM1-2-LR_dcppA-hindcast_s2013-r2i1p1f1_gn_20131101-20231231.ncrlut_APday_MPI-ESM1-2-LR_dcppA-hindcast_s2013-r3i1p1f1_gn_20131101-20231231.ncrlut_APday_MPI-ESM1-2-LR_dcppA-hindcast_s2013-r4i1p1f1_gn_20131101-20231231.ncrlut_APday_MPI-ESM1-2-LR_dcppA-hindcast_s2013-r5i1p1f1_gn_20131101-20231231.ncrlut_APday_MPI-ESM1-2-LR_dcppA-hindcast_s2013-r6i1p1f1_gn_20131101-20231231.ncrsds_APday_MPI-ESM1-2-LR_dcppA-hindcast_s2013-r2i1p1f1_gn_20131101-20231231.ncrsds_APday_MPI-ESM1-2-LR_dcppA-hindcast_s2013-r3i1p1f1_gn_20131101-20231231.ncrsds_APday_MPI-ESM1-2-LR_dcppA-hindcast_s2013-r4i1p1f1_gn_20131101-20231231.ncrsds_APday_MPI-ESM1-2-LR_dcppA-hindcast_s2013-r5i1p1f1_gn_20131101-20231231.ncrsds_APday_MPI-ESM1-2-LR_dcppA-hindcast_s2013-r6i1p1f1_gn_20131101-20231231.ncrsdt_APday_MPI-ESM1-2-LR_dcppA-hindcast_s2013-r2i1p1f1_gn_20131101-20231231.ncrsdt_APday_MPI-ESM1-2-LR_dcppA-hindcast_s2013-r3i1p1f1_gn_20131101-20231231.ncrsdt_APday_MPI-ESM1-2-LR_dcppA-hindcast_s2013-r4i1p1f1_gn_20131101-20231231.ncrsdt_APday_MPI-ESM1-2-LR_dcppA-hindcast_s2013-r5i1p1f1_gn_20131101-20231231.ncrsdt_APday_MPI-ESM1-2-LR_dcppA-hindcast_s2013-r6i1p1f1_gn_20131101-20231231.ncrsut_APday_MPI-ESM1-2-LR_dcppA-hindcast_s2013-r2i1p1f1_gn_20131101-20231231.ncrsut_APday_MPI-ESM1-2-LR_dcppA-hindcast_s2013-r3i1p1f1_gn_20131101-20231231.ncrsut_APday_MPI-ESM1-2-LR_dcppA-hindcast_s2013-r4i1p1f1_gn_20131101-20231231.ncrsut_APday_MPI-ESM1-2-LR_dcppA-hindcast_s2013-r5i1p1f1_gn_20131101-20231231.ncrsut_APday_MPI-ESM1-2-LR_dcppA-hindcast_s2013-r6i1p1f1_gn_20131101-20231231.ncsfcWind_APday_MPI-ESM1-2-LR_dcppA-hindcast_s2013-r2i1p1f1_gn_20131101-20231231.ncsfcWind_APday_MPI-ESM1-2-LR_dcppA-hindcast_s2013-r3i1p1f1_gn_20131101-20231231.ncsfcWind_APday_MPI-ESM1-2-LR_dcppA-hindcast_s2013-r4i1p1f1_gn_20131101-20231231.ncsfcWind_APday_MPI-ESM1-2-LR_dcppA-hindcast_s2013-r5i1p1f1_gn_20131101-20231231.ncsfcWind_APday_MPI-ESM1-2-LR_dcppA-hindcast_s2013-r6i1p1f1_gn_20131101-20231231.nctauu_APday_MPI-ESM1-2-LR_dcppA-hindcast_s2013-r2i1p1f1_gn_20131101-20231231.nctauu_APday_MPI-ESM1-2-LR_dcppA-hindcast_s2013-r3i1p1f1_gn_20131101-20231231.nctauu_APday_MPI-ESM1-2-LR_dcppA-hindcast_s2013-r4i1p1f1_gn_20131101-20231231.nctauu_APday_MPI-ESM1-2-LR_dcppA-hindcast_s2013-r5i1p1f1_gn_20131101-20231231.nctauu_APday_MPI-ESM1-2-LR_dcppA-hindcast_s2013-r6i1p1f1_gn_20131101-20231231.nctauv_APday_MPI-ESM1-2-LR_dcppA-hindcast_s2013-r2i1p1f1_gn_20131101-20231231.nctauv_APday_MPI-ESM1-2-LR_dcppA-hindcast_s2013-r3i1p1f1_gn_20131101-20231231.nctauv_APday_MPI-ESM1-2-LR_dcppA-hindcast_s2013-r4i1p1f1_gn_20131101-20231231.nctauv_APday_MPI-ESM1-2-LR_dcppA-hindcast_s2013-r5i1p1f1_gn_20131101-20231231.nctauv_APday_MPI-ESM1-2-LR_dcppA-hindcast_s2013-r6i1p1f1_gn_20131101-20231231.nctdps_APday_MPI-ESM1-2-LR_dcppA-hindcast_s2013-r2i1p1f1_gn_20131101-20231231.nctdps_APday_MPI-ESM1-2-LR_dcppA-hindcast_s2013-r3i1p1f1_gn_20131101-20231231.nctdps_APday_MPI-ESM1-2-LR_dcppA-hindcast_s2013-r4i1p1f1_gn_20131101-20231231.nctdps_APday_MPI-ESM1-2-LR_dcppA-hindcast_s2013-r5i1p1f1_gn_20131101-20231231.nctdps_APday_MPI-ESM1-2-LR_dcppA-hindcast_s2013-r6i1p1f1_gn_20131101-20231231.ncclt_APmon_MPI-ESM1-2-LR_dcppA-hindcast_s2013-r2i1p1f1_gn_201311-202312.ncclt_APmon_MPI-ESM1-2-LR_dcppA-hindcast_s2013-r3i1p1f1_gn_201311-202312.ncclt_APmon_MPI-ESM1-2-LR_dcppA-hindcast_s2013-r4i1p1f1_gn_201311-202312.ncclt_APmon_MPI-ESM1-2-LR_dcppA-hindcast_s2013-r5i1p1f1_gn_201311-202312.ncclt_APmon_MPI-ESM1-2-LR_dcppA-hindcast_s2013-r6i1p1f1_gn_201311-202312.ncevspsbl_APmon_MPI-ESM1-2-LR_dcppA-hindcast_s2013-r2i1p1f1_gn_201311-202312.ncevspsbl_APmon_MPI-ESM1-2-LR_dcppA-hindcast_s2013-r3i1p1f1_gn_201311-202312.ncevspsbl_APmon_MPI-ESM1-2-LR_dcppA-hindcast_s2013-r4i1p1f1_gn_201311-202312.ncevspsbl_APmon_MPI-ESM1-2-LR_dcppA-hindcast_s2013-r5i1p1f1_gn_201311-202312.ncevspsbl_APmon_MPI-ESM1-2-LR_dcppA-hindcast_s2013-r6i1p1f1_gn_201311-202312.nchfls_APmon_MPI-ESM1-2-LR_dcppA-hindcast_s2013-r2i1p1f1_gn_201311-202312.nchfls_APmon_MPI-ESM1-2-LR_dcppA-hindcast_s2013-r3i1p1f1_gn_201311-202312.nchfls_APmon_MPI-ESM1-2-LR_dcppA-hindcast_s2013-r4i1p1f1_gn_201311-202312.nchfls_APmon_MPI-ESM1-2-LR_dcppA-hindcast_s2013-r5i1p1f1_gn_201311-202312.nchfls_APmon_MPI-ESM1-2-LR_dcppA-hindcast_s2013-r6i1p1f1_gn_201311-202312.nchfss_APmon_MPI-ESM1-2-LR_dcppA-hindcast_s2013-r2i1p1f1_gn_201311-202312.nchfss_APmon_MPI-ESM1-2-LR_dcppA-hindcast_s2013-r3i1p1f1_gn_201311-202312.nchfss_APmon_MPI-ESM1-2-LR_dcppA-hindcast_s2013-r4i1p1f1_gn_201311-202312.nchfss_APmon_MPI-ESM1-2-LR_dcppA-hindcast_s2013-r5i1p1f1_gn_201311-202312.nchfss_APmon_MPI-ESM1-2-LR_dcppA-hindcast_s2013-r6i1p1f1_gn_201311-202312.ncprsn_APmon_MPI-ESM1-2-LR_dcppA-hindcast_s2013-r2i1p1f1_gn_201311-202312.ncprsn_APmon_MPI-ESM1-2-LR_dcppA-hindcast_s2013-r3i1p1f1_gn_201311-202312.ncprsn_APmon_MPI-ESM1-2-LR_dcppA-hindcast_s2013-r4i1p1f1_gn_201311-202312.ncprsn_APmon_MPI-ESM1-2-LR_dcppA-hindcast_s2013-r5i1p1f1_gn_201311-202312.ncprsn_APmon_MPI-ESM1-2-LR_dcppA-hindcast_s2013-r6i1p1f1_gn_201311-202312.ncrlds_APmon_MPI-ESM1-2-LR_dcppA-hindcast_s2013-r2i1p1f1_gn_201311-202312.ncrlds_APmon_MPI-ESM1-2-LR_dcppA-hindcast_s2013-r3i1p1f1_gn_201311-202312.ncrlds_APmon_MPI-ESM1-2-LR_dcppA-hindcast_s2013-r4i1p1f1_gn_201311-202312.ncrlds_APmon_MPI-ESM1-2-LR_dcppA-hindcast_s2013-r5i1p1f1_gn_201311-202312.ncrlds_APmon_MPI-ESM1-2-LR_dcppA-hindcast_s2013-r6i1p1f1_gn_201311-202312.ncrls_APmon_MPI-ESM1-2-LR_dcppA-hindcast_s2013-r2i1p1f1_gn_201311-202312.ncrls_APmon_MPI-ESM1-2-LR_dcppA-hindcast_s2013-r3i1p1f1_gn_201311-202312.ncrls_APmon_MPI-ESM1-2-LR_dcppA-hindcast_s2013-r4i1p1f1_gn_201311-202312.ncrls_APmon_MPI-ESM1-2-LR_dcppA-hindcast_s2013-r5i1p1f1_gn_201311-202312.ncrls_APmon_MPI-ESM1-2-LR_dcppA-hindcast_s2013-r6i1p1f1_gn_201311-202312.ncrlut_APmon_MPI-ESM1-2-LR_dcppA-hindcast_s2013-r2i1p1f1_gn_201311-202312.ncrlut_APmon_MPI-ESM1-2-LR_dcppA-hindcast_s2013-r3i1p1f1_gn_201311-202312.ncrlut_APmon_MPI-ESM1-2-LR_dcppA-hindcast_s2013-r4i1p1f1_gn_201311-202312.ncrlut_APmon_MPI-ESM1-2-LR_dcppA-hindcast_s2013-r5i1p1f1_gn_201311-202312.ncrlut_APmon_MPI-ESM1-2-LR_dcppA-hindcast_s2013-r6i1p1f1_gn_201311-202312.ncrlutcs_APmon_MPI-ESM1-2-LR_dcppA-hindcast_s2013-r2i1p1f1_gn_201311-202312.ncrlutcs_APmon_MPI-ESM1-2-LR_dcppA-hindcast_s2013-r3i1p1f1_gn_201311-202312.ncrlutcs_APmon_MPI-ESM1-2-LR_dcppA-hindcast_s2013-r4i1p1f1_gn_201311-202312.ncrlutcs_APmon_MPI-ESM1-2-LR_dcppA-hindcast_s2013-r5i1p1f1_gn_201311-202312.ncrlutcs_APmon_MPI-ESM1-2-LR_dcppA-hindcast_s2013-r6i1p1f1_gn_201311-202312.ncrsds_APmon_MPI-ESM1-2-LR_dcppA-hindcast_s2013-r2i1p1f1_gn_201311-202312.ncrsds_APmon_MPI-ESM1-2-LR_dcppA-hindcast_s2013-r3i1p1f1_gn_201311-202312.ncrsds_APmon_MPI-ESM1-2-LR_dcppA-hindcast_s2013-r4i1p1f1_gn_201311-202312.ncrsds_APmon_MPI-ESM1-2-LR_dcppA-hindcast_s2013-r5i1p1f1_gn_201311-202312.ncrsds_APmon_MPI-ESM1-2-LR_dcppA-hindcast_s2013-r6i1p1f1_gn_201311-202312.ncrsdt_APmon_MPI-ESM1-2-LR_dcppA-hindcast_s2013-r2i1p1f1_gn_201311-202312.ncrsdt_APmon_MPI-ESM1-2-LR_dcppA-hindcast_s2013-r3i1p1f1_gn_201311-202312.ncrsdt_APmon_MPI-ESM1-2-LR_dcppA-hindcast_s2013-r4i1p1f1_gn_201311-202312.ncrsdt_APmon_MPI-ESM1-2-LR_dcppA-hindcast_s2013-r5i1p1f1_gn_201311-202312.ncrsdt_APmon_MPI-ESM1-2-LR_dcppA-hindcast_s2013-r6i1p1f1_gn_201311-202312.ncrss_APmon_MPI-ESM1-2-LR_dcppA-hindcast_s2013-r2i1p1f1_gn_201311-202312.ncrss_APmon_MPI-ESM1-2-LR_dcppA-hindcast_s2013-r3i1p1f1_gn_201311-202312.ncrss_APmon_MPI-ESM1-2-LR_dcppA-hindcast_s2013-r4i1p1f1_gn_201311-202312.ncrss_APmon_MPI-ESM1-2-LR_dcppA-hindcast_s2013-r5i1p1f1_gn_201311-202312.ncrss_APmon_MPI-ESM1-2-LR_dcppA-hindcast_s2013-r6i1p1f1_gn_201311-202312.ncrsut_APmon_MPI-ESM1-2-LR_dcppA-hindcast_s2013-r2i1p1f1_gn_201311-202312.ncrsut_APmon_MPI-ESM1-2-LR_dcppA-hindcast_s2013-r3i1p1f1_gn_201311-202312.ncrsut_APmon_MPI-ESM1-2-LR_dcppA-hindcast_s2013-r4i1p1f1_gn_201311-202312.ncrsut_APmon_MPI-ESM1-2-LR_dcppA-hindcast_s2013-r5i1p1f1_gn_201311-202312.ncrsut_APmon_MPI-ESM1-2-LR_dcppA-hindcast_s2013-r6i1p1f1_gn_201311-202312.ncrsutcs_APmon_MPI-ESM1-2-LR_dcppA-hindcast_s2013-r2i1p1f1_gn_201311-202312.ncrsutcs_APmon_MPI-ESM1-2-LR_dcppA-hindcast_s2013-r3i1p1f1_gn_201311-202312.ncrsutcs_APmon_MPI-ESM1-2-LR_dcppA-hindcast_s2013-r4i1p1f1_gn_201311-202312.ncrsutcs_APmon_MPI-ESM1-2-LR_dcppA-hindcast_s2013-r5i1p1f1_gn_201311-202312.ncrsutcs_APmon_MPI-ESM1-2-LR_dcppA-hindcast_s2013-r6i1p1f1_gn_201311-202312.ncsfcWind_APmon_MPI-ESM1-2-LR_dcppA-hindcast_s2013-r2i1p1f1_gn_201311-202312.ncsfcWind_APmon_MPI-ESM1-2-LR_dcppA-hindcast_s2013-r3i1p1f1_gn_201311-202312.ncsfcWind_APmon_MPI-ESM1-2-LR_dcppA-hindcast_s2013-r4i1p1f1_gn_201311-202312.ncsfcWind_APmon_MPI-ESM1-2-LR_dcppA-hindcast_s2013-r5i1p1f1_gn_201311-202312.ncsfcWind_APmon_MPI-ESM1-2-LR_dcppA-hindcast_s2013-r6i1p1f1_gn_201311-202312.nctauu_APmon_MPI-ESM1-2-LR_dcppA-hindcast_s2013-r2i1p1f1_gn_201311-202312.nctauu_APmon_MPI-ESM1-2-LR_dcppA-hindcast_s2013-r3i1p1f1_gn_201311-202312.nctauu_APmon_MPI-ESM1-2-LR_dcppA-hindcast_s2013-r4i1p1f1_gn_201311-202312.nctauu_APmon_MPI-ESM1-2-LR_dcppA-hindcast_s2013-r5i1p1f1_gn_201311-202312.nctauu_APmon_MPI-ESM1-2-LR_dcppA-hindcast_s2013-r6i1p1f1_gn_201311-202312.nctauv_APmon_MPI-ESM1-2-LR_dcppA-hindcast_s2013-r2i1p1f1_gn_201311-202312.nctauv_APmon_MPI-ESM1-2-LR_dcppA-hindcast_s2013-r3i1p1f1_gn_201311-202312.nctauv_APmon_MPI-ESM1-2-LR_dcppA-hindcast_s2013-r4i1p1f1_gn_201311-202312.nctauv_APmon_MPI-ESM1-2-LR_dcppA-hindcast_s2013-r5i1p1f1_gn_201311-202312.nctauv_APmon_MPI-ESM1-2-LR_dcppA-hindcast_s2013-r6i1p1f1_gn_201311-202312.nctdps_APmon_MPI-ESM1-2-LR_dcppA-hindcast_s2013-r2i1p1f1_gn_201311-202312.nctdps_APmon_MPI-ESM1-2-LR_dcppA-hindcast_s2013-r3i1p1f1_gn_201311-202312.nctdps_APmon_MPI-ESM1-2-LR_dcppA-hindcast_s2013-r4i1p1f1_gn_201311-202312.nctdps_APmon_MPI-ESM1-2-LR_dcppA-hindcast_s2013-r5i1p1f1_gn_201311-202312.nctdps_APmon_MPI-ESM1-2-LR_dcppA-hindcast_s2013-r6i1p1f1_gn_201311-202312.ncts_APmon_MPI-ESM1-2-LR_dcppA-hindcast_s2013-r2i1p1f1_gn_201311-202312.ncts_APmon_MPI-ESM1-2-LR_dcppA-hindcast_s2013-r3i1p1f1_gn_201311-202312.ncts_APmon_MPI-ESM1-2-LR_dcppA-hindcast_s2013-r4i1p1f1_gn_201311-202312.ncts_APmon_MPI-ESM1-2-LR_dcppA-hindcast_s2013-r5i1p1f1_gn_201311-202312.ncts_APmon_MPI-ESM1-2-LR_dcppA-hindcast_s2013-r6i1p1f1_gn_201311-202312.ncmrro_LPmon_MPI-ESM1-2-LR_dcppA-hindcast_s2013-r2i1p1f1_gn_201311-202312.ncmrro_LPmon_MPI-ESM1-2-LR_dcppA-hindcast_s2013-r3i1p1f1_gn_201311-202312.ncmrro_LPmon_MPI-ESM1-2-LR_dcppA-hindcast_s2013-r4i1p1f1_gn_201311-202312.ncmrro_LPmon_MPI-ESM1-2-LR_dcppA-hindcast_s2013-r5i1p1f1_gn_201311-202312.ncmrro_LPmon_MPI-ESM1-2-LR_dcppA-hindcast_s2013-r6i1p1f1_gn_201311-202312.ncsiconca_SImon_MPI-ESM1-2-LR_dcppA-hindcast_s2013-r2i1p1f1_gn_201311-202312.ncsiconca_SImon_MPI-ESM1-2-LR_dcppA-hindcast_s2013-r3i1p1f1_gn_201311-202312.ncsiconca_SImon_MPI-ESM1-2-LR_dcppA-hindcast_s2013-r4i1p1f1_gn_201311-202312.ncsiconca_SImon_MPI-ESM1-2-LR_dcppA-hindcast_s2013-r5i1p1f1_gn_201311-202312.nc
426b42eaa755,DWD,s2014,dcpp-a,CMIP6 Plus,DKRZ,Partial,"pr_APday,pr_APmon,psl_APday,psl_APmon,rsds_APday,rsds_APmon,sfcWind_APday,sfcWind_APmon,tas_APday,tas_APmon,tasmax_APday,tasmin_APday,uas_APday,uas_APmon,vas_APday,vas_APmon,clt_APday,clt_APmon,prsn_APday,prsn_APmon,psl_APday,psl_APmon,rlut_APday,rlut_APmon,rsds_APday,rsds_APmon,ta_APmon,tas_APday,tas_APmon,ts_APmon,ua19_APmon,uas_APday,uas_APmon,va19_APmon,vas_APday,vas_APmon,zg_APmon,",Partial,"evspsbl_APmon,hus19_APmon,prsn_APday,prsn_APmon,rlds_APday,rlds_APmon,tasmax_APmon,tasmin_APmon,",hfls_APday_MPI-ESM1-2-LR_dcppA-hindcast_s2014-r2i1p1f1_gn_20141101-20241231.nchfls_APday_MPI-ESM1-2-LR_dcppA-hindcast_s2014-r3i1p1f1_gn_20141101-20241231.nchfls_APday_MPI-ESM1-2-LR_dcppA-hindcast_s2014-r4i1p1f1_gn_20141101-20241231.nchfls_APday_MPI-ESM1-2-LR_dcppA-hindcast_s2014-r5i1p1f1_gn_20141101-20241231.nchfls_APday_MPI-ESM1-2-LR_dcppA-hindcast_s2014-r6i1p1f1_gn_20141101-20241231.nchfss_APday_MPI-ESM1-2-LR_dcppA-hindcast_s2014-r2i1p1f1_gn_20141101-20241231.nchfss_APday_MPI-ESM1-2-LR_dcppA-hindcast_s2014-r3i1p1f1_gn_20141101-20241231.nchfss_APday_MPI-ESM1-2-LR_dcppA-hindcast_s2014-r4i1p1f1_gn_20141101-20241231.nchfss_APday_MPI-ESM1-2-LR_dcppA-hindcast_s2014-r5i1p1f1_gn_20141101-20241231.nchfss_APday_MPI-ESM1-2-LR_dcppA-hindcast_s2014-r6i1p1f1_gn_20141101-20241231.ncprc_APday_MPI-ESM1-2-LR_dcppA-hindcast_s2014-r2i1p1f1_gn_20141101-20241231.ncprc_APday_MPI-ESM1-2-LR_dcppA-hindcast_s2014-r3i1p1f1_gn_20141101-20241231.ncprc_APday_MPI-ESM1-2-LR_dcppA-hindcast_s2014-r4i1p1f1_gn_20141101-20241231.ncprc_APday_MPI-ESM1-2-LR_dcppA-hindcast_s2014-r5i1p1f1_gn_20141101-20241231.ncprc_APday_MPI-ESM1-2-LR_dcppA-hindcast_s2014-r6i1p1f1_gn_20141101-20241231.ncprsn_APday_MPI-ESM1-2-LR_dcppA-hindcast_s2014-r2i1p1f1_gn_20141101-20241231.ncprsn_APday_MPI-ESM1-2-LR_dcppA-hindcast_s2014-r3i1p1f1_gn_20141101-20241231.ncprsn_APday_MPI-ESM1-2-LR_dcppA-hindcast_s2014-r4i1p1f1_gn_20141101-20241231.ncprsn_APday_MPI-ESM1-2-LR_dcppA-hindcast_s2014-r5i1p1f1_gn_20141101-20241231.ncprsn_APday_MPI-ESM1-2-LR_dcppA-hindcast_s2014-r6i1p1f1_gn_20141101-20241231.ncrlds_APday_MPI-ESM1-2-LR_dcppA-hindcast_s2014-r2i1p1f1_gn_20141101-20241231.ncrlds_APday_MPI-ESM1-2-LR_dcppA-hindcast_s2014-r3i1p1f1_gn_20141101-20241231.ncrlds_APday_MPI-ESM1-2-LR_dcppA-hindcast_s2014-r4i1p1f1_gn_20141101-20241231.ncrlds_APday_MPI-ESM1-2-LR_dcppA-hindcast_s2014-r5i1p1f1_gn_20141101-20241231.ncrlds_APday_MPI-ESM1-2-LR_dcppA-hindcast_s2014-r6i1p1f1_gn_20141101-20241231.ncrls_APday_MPI-ESM1-2-LR_dcppA-hindcast_s2014-r2i1p1f1_gn_20141101-20241231.ncrls_APday_MPI-ESM1-2-LR_dcppA-hindcast_s2014-r3i1p1f1_gn_20141101-20241231.ncrls_APday_MPI-ESM1-2-LR_dcppA-hindcast_s2014-r4i1p1f1_gn_20141101-20241231.ncrls_APday_MPI-ESM1-2-LR_dcppA-hindcast_s2014-r5i1p1f1_gn_20141101-20241231.ncrls_APday_MPI-ESM1-2-LR_dcppA-hindcast_s2014-r6i1p1f1_gn_20141101-20241231.ncrlut_APday_MPI-ESM1-2-LR_dcppA-hindcast_s2014-r2i1p1f1_gn_20141101-20241231.ncrlut_APday_MPI-ESM1-2-LR_dcppA-hindcast_s2014-r3i1p1f1_gn_20141101-20241231.ncrlut_APday_MPI-ESM1-2-LR_dcppA-hindcast_s2014-r4i1p1f1_gn_20141101-20241231.ncrlut_APday_MPI-ESM1-2-LR_dcppA-hindcast_s2014-r5i1p1f1_gn_20141101-20241231.ncrlut_APday_MPI-ESM1-2-LR_dcppA-hindcast_s2014-r6i1p1f1_gn_20141101-20241231.ncrsds_APday_MPI-ESM1-2-LR_dcppA-hindcast_s2014-r2i1p1f1_gn_20141101-20241231.ncrsds_APday_MPI-ESM1-2-LR_dcppA-hindcast_s2014-r3i1p1f1_gn_20141101-20241231.ncrsds_APday_MPI-ESM1-2-LR_dcppA-hindcast_s2014-r4i1p1f1_gn_20141101-20241231.ncrsds_APday_MPI-ESM1-2-LR_dcppA-hindcast_s2014-r5i1p1f1_gn_20141101-20241231.ncrsds_APday_MPI-ESM1-2-LR_dcppA-hindcast_s2014-r6i1p1f1_gn_20141101-20241231.ncrsdt_APday_MPI-ESM1-2-LR_dcppA-hindcast_s2014-r2i1p1f1_gn_20141101-20241231.ncrsdt_APday_MPI-ESM1-2-LR_dcppA-hindcast_s2014-r3i1p1f1_gn_20141101-20241231.ncrsdt_APday_MPI-ESM1-2-LR_dcppA-hindcast_s2014-r4i1p1f1_gn_20141101-20241231.ncrsdt_APday_MPI-ESM1-2-LR_dcppA-hindcast_s2014-r5i1p1f1_gn_20141101-20241231.ncrsdt_APday_MPI-ESM1-2-LR_dcppA-hindcast_s2014-r6i1p1f1_gn_20141101-20241231.ncrsut_APday_MPI-ESM1-2-LR_dcppA-hindcast_s2014-r2i1p1f1_gn_20141101-20241231.ncrsut_APday_MPI-ESM1-2-LR_dcppA-hindcast_s2014-r3i1p1f1_gn_20141101-20241231.ncrsut_APday_MPI-ESM1-2-LR_dcppA-hindcast_s2014-r4i1p1f1_gn_20141101-20241231.ncrsut_APday_MPI-ESM1-2-LR_dcppA-hindcast_s2014-r5i1p1f1_gn_20141101-20241231.ncrsut_APday_MPI-ESM1-2-LR_dcppA-hindcast_s2014-r6i1p1f1_gn_20141101-20241231.ncsfcWind_APday_MPI-ESM1-2-LR_dcppA-hindcast_s2014-r2i1p1f1_gn_20141101-20241231.ncsfcWind_APday_MPI-ESM1-2-LR_dcppA-hindcast_s2014-r3i1p1f1_gn_20141101-20241231.ncsfcWind_APday_MPI-ESM1-2-LR_dcppA-hindcast_s2014-r4i1p1f1_gn_20141101-20241231.ncsfcWind_APday_MPI-ESM1-2-LR_dcppA-hindcast_s2014-r5i1p1f1_gn_20141101-20241231.ncsfcWind_APday_MPI-ESM1-2-LR_dcppA-hindcast_s2014-r6i1p1f1_gn_20141101-20241231.nctauu_APday_MPI-ESM1-2-LR_dcppA-hindcast_s2014-r2i1p1f1_gn_20141101-20241231.nctauu_APday_MPI-ESM1-2-LR_dcppA-hindcast_s2014-r3i1p1f1_gn_20141101-20241231.nctauu_APday_MPI-ESM1-2-LR_dcppA-hindcast_s2014-r4i1p1f1_gn_20141101-20241231.nctauu_APday_MPI-ESM1-2-LR_dcppA-hindcast_s2014-r5i1p1f1_gn_20141101-20241231.nctauu_APday_MPI-ESM1-2-LR_dcppA-hindcast_s2014-r6i1p1f1_gn_20141101-20241231.nctauv_APday_MPI-ESM1-2-LR_dcppA-hindcast_s2014-r2i1p1f1_gn_20141101-20241231.nctauv_APday_MPI-ESM1-2-LR_dcppA-hindcast_s2014-r3i1p1f1_gn_20141101-20241231.nctauv_APday_MPI-ESM1-2-LR_dcppA-hindcast_s2014-r4i1p1f1_gn_20141101-20241231.nctauv_APday_MPI-ESM1-2-LR_dcppA-hindcast_s2014-r5i1p1f1_gn_20141101-20241231.nctauv_APday_MPI-ESM1-2-LR_dcppA-hindcast_s2014-r6i1p1f1_gn_20141101-20241231.nctdps_APday_MPI-ESM1-2-LR_dcppA-hindcast_s2014-r2i1p1f1_gn_20141101-20241231.nctdps_APday_MPI-ESM1-2-LR_dcppA-hindcast_s2014-r3i1p1f1_gn_20141101-20241231.nctdps_APday_MPI-ESM1-2-LR_dcppA-hindcast_s2014-r4i1p1f1_gn_20141101-20241231.nctdps_APday_MPI-ESM1-2-LR_dcppA-hindcast_s2014-r5i1p1f1_gn_20141101-20241231.nctdps_APday_MPI-ESM1-2-LR_dcppA-hindcast_s2014-r6i1p1f1_gn_20141101-20241231.ncclt_APmon_MPI-ESM1-2-LR_dcppA-hindcast_s2014-r2i1p1f1_gn_201411-202412.ncclt_APmon_MPI-ESM1-2-LR_dcppA-hindcast_s2014-r3i1p1f1_gn_201411-202412.ncclt_APmon_MPI-ESM1-2-LR_dcppA-hindcast_s2014-r4i1p1f1_gn_201411-202412.ncclt_APmon_MPI-ESM1-2-LR_dcppA-hindcast_s2014-r5i1p1f1_gn_201411-202412.ncclt_APmon_MPI-ESM1-2-LR_dcppA-hindcast_s2014-r6i1p1f1_gn_201411-202412.ncevspsbl_APmon_MPI-ESM1-2-LR_dcppA-hindcast_s2014-r2i1p1f1_gn_201411-202412.ncevspsbl_APmon_MPI-ESM1-2-LR_dcppA-hindcast_s2014-r3i1p1f1_gn_201411-202412.ncevspsbl_APmon_MPI-ESM1-2-LR_dcppA-hindcast_s2014-r4i1p1f1_gn_201411-202412.ncevspsbl_APmon_MPI-ESM1-2-LR_dcppA-hindcast_s2014-r5i1p1f1_gn_201411-202412.ncevspsbl_APmon_MPI-ESM1-2-LR_dcppA-hindcast_s2014-r6i1p1f1_gn_201411-202412.nchfls_APmon_MPI-ESM1-2-LR_dcppA-hindcast_s2014-r2i1p1f1_gn_201411-202412.nchfls_APmon_MPI-ESM1-2-LR_dcppA-hindcast_s2014-r3i1p1f1_gn_201411-202412.nchfls_APmon_MPI-ESM1-2-LR_dcppA-hindcast_s2014-r4i1p1f1_gn_201411-202412.nchfls_APmon_MPI-ESM1-2-LR_dcppA-hindcast_s2014-r5i1p1f1_gn_201411-202412.nchfls_APmon_MPI-ESM1-2-LR_dcppA-hindcast_s2014-r6i1p1f1_gn_201411-202412.nchfss_APmon_MPI-ESM1-2-LR_dcppA-hindcast_s2014-r2i1p1f1_gn_201411-202412.nchfss_APmon_MPI-ESM1-2-LR_dcppA-hindcast_s2014-r3i1p1f1_gn_201411-202412.nchfss_APmon_MPI-ESM1-2-LR_dcppA-hindcast_s2014-r4i1p1f1_gn_201411-202412.nchfss_APmon_MPI-ESM1-2-LR_dcppA-hindcast_s2014-r5i1p1f1_gn_201411-202412.ncprsn_APmon_MPI-ESM1-2-LR_dcppA-hindcast_s2014-r2i1p1f1_gn_201411-202412.ncprsn_APmon_MPI-ESM1-2-LR_dcppA-hindcast_s2014-r3i1p1f1_gn_201411-202412.ncprsn_APmon_MPI-ESM1-2-LR_dcppA-hindcast_s2014-r4i1p1f1_gn_201411-202412.ncprsn_APmon_MPI-ESM1-2-LR_dcppA-hindcast_s2014-r5i1p1f1_gn_201411-202412.ncprsn_APmon_MPI-ESM1-2-LR_dcppA-hindcast_s2014-r6i1p1f1_gn_201411-202412.ncrlds_APmon_MPI-ESM1-2-LR_dcppA-hindcast_s2014-r2i1p1f1_gn_201411-202412.ncrlds_APmon_MPI-ESM1-2-LR_dcppA-hindcast_s2014-r3i1p1f1_gn_201411-202412.ncrlds_APmon_MPI-ESM1-2-LR_dcppA-hindcast_s2014-r4i1p1f1_gn_201411-202412.ncrlds_APmon_MPI-ESM1-2-LR_dcppA-hindcast_s2014-r5i1p1f1_gn_201411-202412.ncrlds_APmon_MPI-ESM1-2-LR_dcppA-hindcast_s2014-r6i1p1f1_gn_201411-202412.ncrls_APmon_MPI-ESM1-2-LR_dcppA-hindcast_s2014-r2i1p1f1_gn_201411-202412.ncrls_APmon_MPI-ESM1-2-LR_dcppA-hindcast_s2014-r3i1p1f1_gn_201411-202412.ncrls_APmon_MPI-ESM1-2-LR_dcppA-hindcast_s2014-r4i1p1f1_gn_201411-202412.ncrls_APmon_MPI-ESM1-2-LR_dcppA-hindcast_s2014-r5i1p1f1_gn_201411-202412.ncrls_APmon_MPI-ESM1-2-LR_dcppA-hindcast_s2014-r6i1p1f1_gn_201411-202412.ncrlut_APmon_MPI-ESM1-2-LR_dcppA-hindcast_s2014-r2i1p1f1_gn_201411-202412.ncrlut_APmon_MPI-ESM1-2-LR_dcppA-hindcast_s2014-r3i1p1f1_gn_201411-202412.ncrlut_APmon_MPI-ESM1-2-LR_dcppA-hindcast_s2014-r4i1p1f1_gn_201411-202412.ncrlut_APmon_MPI-ESM1-2-LR_dcppA-hindcast_s2014-r5i1p1f1_gn_201411-202412.ncrlut_APmon_MPI-ESM1-2-LR_dcppA-hindcast_s2014-r6i1p1f1_gn_201411-202412.ncrlutcs_APmon_MPI-ESM1-2-LR_dcppA-hindcast_s2014-r2i1p1f1_gn_201411-202412.ncrlutcs_APmon_MPI-ESM1-2-LR_dcppA-hindcast_s2014-r3i1p1f1_gn_201411-202412.ncrlutcs_APmon_MPI-ESM1-2-LR_dcppA-hindcast_s2014-r4i1p1f1_gn_201411-202412.ncrlutcs_APmon_MPI-ESM1-2-LR_dcppA-hindcast_s2014-r5i1p1f1_gn_201411-202412.ncrlutcs_APmon_MPI-ESM1-2-LR_dcppA-hindcast_s2014-r6i1p1f1_gn_201411-202412.ncrsds_APmon_MPI-ESM1-2-LR_dcppA-hindcast_s2014-r2i1p1f1_gn_201411-202412.ncrsds_APmon_MPI-ESM1-2-LR_dcppA-hindcast_s2014-r3i1p1f1_gn_201411-202412.ncrsds_APmon_MPI-ESM1-2-LR_dcppA-hindcast_s2014-r4i1p1f1_gn_201411-202412.ncrsds_APmon_MPI-ESM1-2-LR_dcppA-hindcast_s2014-r5i1p1f1_gn_201411-202412.ncrsds_APmon_MPI-ESM1-2-LR_dcppA-hindcast_s2014-r6i1p1f1_gn_201411-202412.ncrsdt_APmon_MPI-ESM1-2-LR_dcppA-hindcast_s2014-r2i1p1f1_gn_201411-202412.ncrsdt_APmon_MPI-ESM1-2-LR_dcppA-hindcast_s2014-r3i1p1f1_gn_201411-202412.ncrsdt_APmon_MPI-ESM1-2-LR_dcppA-hindcast_s2014-r4i1p1f1_gn_201411-202412.ncrsdt_APmon_MPI-ESM1-2-LR_dcppA-hindcast_s2014-r5i1p1f1_gn_201411-202412.ncrsdt_APmon_MPI-ESM1-2-LR_dcppA-hindcast_s2014-r6i1p1f1_gn_201411-202412.ncrss_APmon_MPI-ESM1-2-LR_dcppA-hindcast_s2014-r2i1p1f1_gn_201411-202412.ncrss_APmon_MPI-ESM1-2-LR_dcppA-hindcast_s2014-r3i1p1f1_gn_201411-202412.ncrss_APmon_MPI-ESM1-2-LR_dcppA-hindcast_s2014-r4i1p1f1_gn_201411-202412.ncrss_APmon_MPI-ESM1-2-LR_dcppA-hindcast_s2014-r5i1p1f1_gn_201411-202412.ncrss_APmon_MPI-ESM1-2-LR_dcppA-hindcast_s2014-r6i1p1f1_gn_201411-202412.ncrsut_APmon_MPI-ESM1-2-LR_dcppA-hindcast_s2014-r2i1p1f1_gn_201411-202412.ncrsut_APmon_MPI-ESM1-2-LR_dcppA-hindcast_s2014-r3i1p1f1_gn_201411-202412.ncrsut_APmon_MPI-ESM1-2-LR_dcppA-hindcast_s2014-r5i1p1f1_gn_201411-202412.ncrsut_APmon_MPI-ESM1-2-LR_dcppA-hindcast_s2014-r6i1p1f1_gn_201411-202412.ncrsutcs_APmon_MPI-ESM1-2-LR_dcppA-hindcast_s2014-r2i1p1f1_gn_201411-202412.ncrsutcs_APmon_MPI-ESM1-2-LR_dcppA-hindcast_s2014-r3i1p1f1_gn_201411-202412.ncrsutcs_APmon_MPI-ESM1-2-LR_dcppA-hindcast_s2014-r4i1p1f1_gn_201411-202412.ncrsutcs_APmon_MPI-ESM1-2-LR_dcppA-hindcast_s2014-r5i1p1f1_gn_201411-202412.ncrsutcs_APmon_MPI-ESM1-2-LR_dcppA-hindcast_s2014-r6i1p1f1_gn_201411-202412.ncsfcWind_APmon_MPI-ESM1-2-LR_dcppA-hindcast_s2014-r2i1p1f1_gn_201411-202412.ncsfcWind_APmon_MPI-ESM1-2-LR_dcppA-hindcast_s2014-r3i1p1f1_gn_201411-202412.ncsfcWind_APmon_MPI-ESM1-2-LR_dcppA-hindcast_s2014-r4i1p1f1_gn_201411-202412.ncsfcWind_APmon_MPI-ESM1-2-LR_dcppA-hindcast_s2014-r5i1p1f1_gn_201411-202412.ncsfcWind_APmon_MPI-ESM1-2-LR_dcppA-hindcast_s2014-r6i1p1f1_gn_201411-202412.nctauu_APmon_MPI-ESM1-2-LR_dcppA-hindcast_s2014-r2i1p1f1_gn_201411-202412.nctauu_APmon_MPI-ESM1-2-LR_dcppA-hindcast_s2014-r3i1p1f1_gn_201411-202412.nctauu_APmon_MPI-ESM1-2-LR_dcppA-hindcast_s2014-r4i1p1f1_gn_201411-202412.nctauu_APmon_MPI-ESM1-2-LR_dcppA-hindcast_s2014-r5i1p1f1_gn_201411-202412.nctauu_APmon_MPI-ESM1-2-LR_dcppA-hindcast_s2014-r6i1p1f1_gn_201411-202412.nctauv_APmon_MPI-ESM1-2-LR_dcppA-hindcast_s2014-r2i1p1f1_gn_201411-202412.nctauv_APmon_MPI-ESM1-2-LR_dcppA-hindcast_s2014-r3i1p1f1_gn_201411-202412.nctauv_APmon_MPI-ESM1-2-LR_dcppA-hindcast_s2014-r4i1p1f1_gn_201411-202412.nctauv_APmon_MPI-ESM1-2-LR_dcppA-hindcast_s2014-r5i1p1f1_gn_201411-202412.nctauv_APmon_MPI-ESM1-2-LR_dcppA-hindcast_s2014-r6i1p1f1_gn_201411-202412.nctdps_APmon_MPI-ESM1-2-LR_dcppA-hindcast_s2014-r2i1p1f1_gn_201411-202412.nctdps_APmon_MPI-ESM1-2-LR_dcppA-hindcast_s2014-r3i1p1f1_gn_201411-202412.nctdps_APmon_MPI-ESM1-2-LR_dcppA-hindcast_s2014-r4i1p1f1_gn_201411-202412.nctdps_APmon_MPI-ESM1-2-LR_dcppA-hindcast_s2014-r5i1p1f1_gn_201411-202412.nctdps_APmon_MPI-ESM1-2-LR_dcppA-hindcast_s2014-r6i1p1f1_gn_201411-202412.ncts_APmon_MPI-ESM1-2-LR_dcppA-hindcast_s2014-r2i1p1f1_gn_201411-202412.ncts_APmon_MPI-ESM1-2-LR_dcppA-hindcast_s2014-r3i1p1f1_gn_201411-202412.ncts_APmon_MPI-ESM1-2-LR_dcppA-hindcast_s2014-r4i1p1f1_gn_201411-202412.ncts_APmon_MPI-ESM1-2-LR_dcppA-hindcast_s2014-r5i1p1f1_gn_201411-202412.ncts_APmon_MPI-ESM1-2-LR_dcppA-hindcast_s2014-r6i1p1f1_gn_201411-202412.ncmrro_LPmon_MPI-ESM1-2-LR_dcppA-hindcast_s2014-r2i1p1f1_gn_201411-202412.ncmrro_LPmon_MPI-ESM1-2-LR_dcppA-hindcast_s2014-r3i1p1f1_gn_201411-202412.ncmrro_LPmon_MPI-ESM1-2-LR_dcppA-hindcast_s2014-r4i1p1f1_gn_201411-202412.ncmrro_LPmon_MPI-ESM1-2-LR_dcppA-hindcast_s2014-r5i1p1f1_gn_201411-202412.ncmrro_LPmon_MPI-ESM1-2-LR_dcppA-hindcast_s2014-r6i1p1f1_gn_201411-202412.ncsiconca_SImon_MPI-ESM1-2-LR_dcppA-hindcast_s2014-r3i1p1f1_gn_201411-202412.ncsiconca_SImon_MPI-ESM1-2-LR_dcppA-hindcast_s2014-r4i1p1f1_gn_201411-202412.ncsiconca_SImon_MPI-ESM1-2-LR_dcppA-hindcast_s2014-r6i1p1f1_gn_201411-202412.nc
c0a473d041d1,DWD,s2015,dcpp-a,CMIP6 Plus,DKRZ,Partial,"pr_APday,pr_APmon,psl_APday,psl_APmon,rsds_APday,rsds_APmon,sfcWind_APday,sfcWind_APmon,tas_APday,tas_APmon,tasmax_APday,tasmin_APday,uas_APday,uas_APmon,vas_APday,vas_APmon,clt_APday,clt_APmon,prsn_APday,prsn_APmon,psl_APday,psl_APmon,rlut_APday,rlut_APmon,rsds_APday,rsds_APmon,ta_APmon,tas_APday,tas_APmon,ts_APmon,ua19_APmon,uas_APday,uas_APmon,va19_APmon,vas_APday,vas_APmon,zg_APmon,",Partial,"evspsbl_APmon,hus19_APmon,prsn_APday,prsn_APmon,rlds_APday,rlds_APmon,tasmax_APmon,tasmin_APmon,",hfls_APday_MPI-ESM1-2-LR_dcppA-hindcast_s2015-r2i1p1f1_gn_20151101-20251231.nchfls_APday_MPI-ESM1-2-LR_dcppA-hindcast_s2015-r3i1p1f1_gn_20151101-20251231.nchfls_APday_MPI-ESM1-2-LR_dcppA-hindcast_s2015-r4i1p1f1_gn_20151101-20251231.nchfls_APday_MPI-ESM1-2-LR_dcppA-hindcast_s2015-r5i1p1f1_gn_20151101-20251231.nchfls_APday_MPI-ESM1-2-LR_dcppA-hindcast_s2015-r6i1p1f1_gn_20151101-20251231.nchfss_APday_MPI-ESM1-2-LR_dcppA-hindcast_s2015-r2i1p1f1_gn_20151101-20251231.nchfss_APday_MPI-ESM1-2-LR_dcppA-hindcast_s2015-r3i1p1f1_gn_20151101-20251231.nchfss_APday_MPI-ESM1-2-LR_dcppA-hindcast_s2015-r4i1p1f1_gn_20151101-20251231.nchfss_APday_MPI-ESM1-2-LR_dcppA-hindcast_s2015-r5i1p1f1_gn_20151101-20251231.nchfss_APday_MPI-ESM1-2-LR_dcppA-hindcast_s2015-r6i1p1f1_gn_20151101-20251231.ncprc_APday_MPI-ESM1-2-LR_dcppA-hindcast_s2015-r2i1p1f1_gn_20151101-20251231.ncprc_APday_MPI-ESM1-2-LR_dcppA-hindcast_s2015-r3i1p1f1_gn_20151101-20251231.ncprc_APday_MPI-ESM1-2-LR_dcppA-hindcast_s2015-r4i1p1f1_gn_20151101-20251231.ncprc_APday_MPI-ESM1-2-LR_dcppA-hindcast_s2015-r5i1p1f1_gn_20151101-20251231.ncprc_APday_MPI-ESM1-2-LR_dcppA-hindcast_s2015-r6i1p1f1_gn_20151101-20251231.ncprsn_APday_MPI-ESM1-2-LR_dcppA-hindcast_s2015-r2i1p1f1_gn_20151101-20251231.ncprsn_APday_MPI-ESM1-2-LR_dcppA-hindcast_s2015-r3i1p1f1_gn_20151101-20251231.ncprsn_APday_MPI-ESM1-2-LR_dcppA-hindcast_s2015-r4i1p1f1_gn_20151101-20251231.ncprsn_APday_MPI-ESM1-2-LR_dcppA-hindcast_s2015-r5i1p1f1_gn_20151101-20251231.ncprsn_APday_MPI-ESM1-2-LR_dcppA-hindcast_s2015-r6i1p1f1_gn_20151101-20251231.ncrlds_APday_MPI-ESM1-2-LR_dcppA-hindcast_s2015-r2i1p1f1_gn_20151101-20251231.ncrlds_APday_MPI-ESM1-2-LR_dcppA-hindcast_s2015-r3i1p1f1_gn_20151101-20251231.ncrlds_APday_MPI-ESM1-2-LR_dcppA-hindcast_s2015-r4i1p1f1_gn_20151101-20251231.ncrlds_APday_MPI-ESM1-2-LR_dcppA-hindcast_s2015-r5i1p1f1_gn_20151101-20251231.ncrlds_APday_MPI-ESM1-2-LR_dcppA-hindcast_s2015-r6i1p1f1_gn_20151101-20251231.ncrls_APday_MPI-ESM1-2-LR_dcppA-hindcast_s2015-r2i1p1f1_gn_20151101-20251231.ncrls_APday_MPI-ESM1-2-LR_dcppA-hindcast_s2015-r3i1p1f1_gn_20151101-20251231.ncrls_APday_MPI-ESM1-2-LR_dcppA-hindcast_s2015-r4i1p1f1_gn_20151101-20251231.ncrls_APday_MPI-ESM1-2-LR_dcppA-hindcast_s2015-r5i1p1f1_gn_20151101-20251231.ncrls_APday_MPI-ESM1-2-LR_dcppA-hindcast_s2015-r6i1p1f1_gn_20151101-20251231.ncrlut_APday_MPI-ESM1-2-LR_dcppA-hindcast_s2015-r2i1p1f1_gn_20151101-20251231.ncrlut_APday_MPI-ESM1-2-LR_dcppA-hindcast_s2015-r3i1p1f1_gn_20151101-20251231.ncrlut_APday_MPI-ESM1-2-LR_dcppA-hindcast_s2015-r4i1p1f1_gn_20151101-20251231.ncrlut_APday_MPI-ESM1-2-LR_dcppA-hindcast_s2015-r5i1p1f1_gn_20151101-20251231.ncrlut_APday_MPI-ESM1-2-LR_dcppA-hindcast_s2015-r6i1p1f1_gn_20151101-20251231.ncrsds_APday_MPI-ESM1-2-LR_dcppA-hindcast_s2015-r2i1p1f1_gn_20151101-20251231.ncrsds_APday_MPI-ESM1-2-LR_dcppA-hindcast_s2015-r3i1p1f1_gn_20151101-20251231.ncrsds_APday_MPI-ESM1-2-LR_dcppA-hindcast_s2015-r4i1p1f1_gn_20151101-20251231.ncrsds_APday_MPI-ESM1-2-LR_dcppA-hindcast_s2015-r5i1p1f1_gn_20151101-20251231.ncrsds_APday_MPI-ESM1-2-LR_dcppA-hindcast_s2015-r6i1p1f1_gn_20151101-20251231.ncrsdt_APday_MPI-ESM1-2-LR_dcppA-hindcast_s2015-r2i1p1f1_gn_20151101-20251231.ncrsdt_APday_MPI-ESM1-2-LR_dcppA-hindcast_s2015-r3i1p1f1_gn_20151101-20251231.ncrsdt_APday_MPI-ESM1-2-LR_dcppA-hindcast_s2015-r4i1p1f1_gn_20151101-20251231.ncrsdt_APday_MPI-ESM1-2-LR_dcppA-hindcast_s2015-r5i1p1f1_gn_20151101-20251231.ncrsdt_APday_MPI-ESM1-2-LR_dcppA-hindcast_s2015-r6i1p1f1_gn_20151101-20251231.ncrsut_APday_MPI-ESM1-2-LR_dcppA-hindcast_s2015-r2i1p1f1_gn_20151101-20251231.ncrsut_APday_MPI-ESM1-2-LR_dcppA-hindcast_s2015-r3i1p1f1_gn_20151101-20251231.ncrsut_APday_MPI-ESM1-2-LR_dcppA-hindcast_s2015-r4i1p1f1_gn_20151101-20251231.ncrsut_APday_MPI-ESM1-2-LR_dcppA-hindcast_s2015-r5i1p1f1_gn_20151101-20251231.ncrsut_APday_MPI-ESM1-2-LR_dcppA-hindcast_s2015-r6i1p1f1_gn_20151101-20251231.ncsfcWind_APday_MPI-ESM1-2-LR_dcppA-hindcast_s2015-r2i1p1f1_gn_20151101-20251231.ncsfcWind_APday_MPI-ESM1-2-LR_dcppA-hindcast_s2015-r3i1p1f1_gn_20151101-20251231.ncsfcWind_APday_MPI-ESM1-2-LR_dcppA-hindcast_s2015-r4i1p1f1_gn_20151101-20251231.ncsfcWind_APday_MPI-ESM1-2-LR_dcppA-hindcast_s2015-r5i1p1f1_gn_20151101-20251231.ncsfcWind_APday_MPI-ESM1-2-LR_dcppA-hindcast_s2015-r6i1p1f1_gn_20151101-20251231.nctauu_APday_MPI-ESM1-2-LR_dcppA-hindcast_s2015-r2i1p1f1_gn_20151101-20251231.nctauu_APday_MPI-ESM1-2-LR_dcppA-hindcast_s2015-r3i1p1f1_gn_20151101-20251231.nctauu_APday_MPI-ESM1-2-LR_dcppA-hindcast_s2015-r4i1p1f1_gn_20151101-20251231.nctauu_APday_MPI-ESM1-2-LR_dcppA-hindcast_s2015-r5i1p1f1_gn_20151101-20251231.nctauu_APday_MPI-ESM1-2-LR_dcppA-hindcast_s2015-r6i1p1f1_gn_20151101-20251231.nctauv_APday_MPI-ESM1-2-LR_dcppA-hindcast_s2015-r2i1p1f1_gn_20151101-20251231.nctauv_APday_MPI-ESM1-2-LR_dcppA-hindcast_s2015-r3i1p1f1_gn_20151101-20251231.nctauv_APday_MPI-ESM1-2-LR_dcppA-hindcast_s2015-r4i1p1f1_gn_20151101-20251231.nctauv_APday_MPI-ESM1-2-LR_dcppA-hindcast_s2015-r5i1p1f1_gn_20151101-20251231.nctauv_APday_MPI-ESM1-2-LR_dcppA-hindcast_s2015-r6i1p1f1_gn_20151101-20251231.nctdps_APday_MPI-ESM1-2-LR_dcppA-hindcast_s2015-r2i1p1f1_gn_20151101-20251231.nctdps_APday_MPI-ESM1-2-LR_dcppA-hindcast_s2015-r3i1p1f1_gn_20151101-20251231.nctdps_APday_MPI-ESM1-2-LR_dcppA-hindcast_s2015-r4i1p1f1_gn_20151101-20251231.nctdps_APday_MPI-ESM1-2-LR_dcppA-hindcast_s2015-r5i1p1f1_gn_20151101-20251231.nctdps_APday_MPI-ESM1-2-LR_dcppA-hindcast_s2015-r6i1p1f1_gn_20151101-20251231.ncclt_APmon_MPI-ESM1-2-LR_dcppA-hindcast_s2015-r2i1p1f1_gn_201511-202512.ncclt_APmon_MPI-ESM1-2-LR_dcppA-hindcast_s2015-r3i1p1f1_gn_201511-202512.ncclt_APmon_MPI-ESM1-2-LR_dcppA-hindcast_s2015-r4i1p1f1_gn_201511-202512.ncclt_APmon_MPI-ESM1-2-LR_dcppA-hindcast_s2015-r5i1p1f1_gn_201511-202512.ncclt_APmon_MPI-ESM1-2-LR_dcppA-hindcast_s2015-r6i1p1f1_gn_201511-202512.ncevspsbl_APmon_MPI-ESM1-2-LR_dcppA-hindcast_s2015-r2i1p1f1_gn_201511-202512.ncevspsbl_APmon_MPI-ESM1-2-LR_dcppA-hindcast_s2015-r3i1p1f1_gn_201511-202512.ncevspsbl_APmon_MPI-ESM1-2-LR_dcppA-hindcast_s2015-r4i1p1f1_gn_201511-202512.ncevspsbl_APmon_MPI-ESM1-2-LR_dcppA-hindcast_s2015-r5i1p1f1_gn_201511-202512.ncevspsbl_APmon_MPI-ESM1-2-LR_dcppA-hindcast_s2015-r6i1p1f1_gn_201511-202512.nchfls_APmon_MPI-ESM1-2-LR_dcppA-hindcast_s2015-r2i1p1f1_gn_201511-202512.nchfls_APmon_MPI-ESM1-2-LR_dcppA-hindcast_s2015-r3i1p1f1_gn_201511-202512.nchfls_APmon_MPI-ESM1-2-LR_dcppA-hindcast_s2015-r4i1p1f1_gn_201511-202512.nchfls_APmon_MPI-ESM1-2-LR_dcppA-hindcast_s2015-r5i1p1f1_gn_201511-202512.nchfls_APmon_MPI-ESM1-2-LR_dcppA-hindcast_s2015-r6i1p1f1_gn_201511-202512.nchfss_APmon_MPI-ESM1-2-LR_dcppA-hindcast_s2015-r2i1p1f1_gn_201511-202512.nchfss_APmon_MPI-ESM1-2-LR_dcppA-hindcast_s2015-r3i1p1f1_gn_201511-202512.nchfss_APmon_MPI-ESM1-2-LR_dcppA-hindcast_s2015-r4i1p1f1_gn_201511-202512.nchfss_APmon_MPI-ESM1-2-LR_dcppA-hindcast_s2015-r5i1p1f1_gn_201511-202512.nchfss_APmon_MPI-ESM1-2-LR_dcppA-hindcast_s2015-r6i1p1f1_gn_201511-202512.ncprsn_APmon_MPI-ESM1-2-LR_dcppA-hindcast_s2015-r2i1p1f1_gn_201511-202512.ncprsn_APmon_MPI-ESM1-2-LR_dcppA-hindcast_s2015-r3i1p1f1_gn_201511-202512.ncprsn_APmon_MPI-ESM1-2-LR_dcppA-hindcast_s2015-r4i1p1f1_gn_201511-202512.ncprsn_APmon_MPI-ESM1-2-LR_dcppA-hindcast_s2015-r5i1p1f1_gn_201511-202512.ncprsn_APmon_MPI-ESM1-2-LR_dcppA-hindcast_s2015-r6i1p1f1_gn_201511-202512.ncrlds_APmon_MPI-ESM1-2-LR_dcppA-hindcast_s2015-r2i1p1f1_gn_201511-202512.ncrlds_APmon_MPI-ESM1-2-LR_dcppA-hindcast_s2015-r3i1p1f1_gn_201511-202512.ncrlds_APmon_MPI-ESM1-2-LR_dcppA-hindcast_s2015-r4i1p1f1_gn_201511-202512.ncrlds_APmon_MPI-ESM1-2-LR_dcppA-hindcast_s2015-r5i1p1f1_gn_201511-202512.ncrlds_APmon_MPI-ESM1-2-LR_dcppA-hindcast_s2015-r6i1p1f1_gn_201511-202512.ncrls_APmon_MPI-ESM1-2-LR_dcppA-hindcast_s2015-r2i1p1f1_gn_201511-202512.ncrls_APmon_MPI-ESM1-2-LR_dcppA-hindcast_s2015-r3i1p1f1_gn_201511-202512.ncrls_APmon_MPI-ESM1-2-LR_dcppA-hindcast_s2015-r4i1p1f1_gn_201511-202512.ncrls_APmon_MPI-ESM1-2-LR_dcppA-hindcast_s2015-r5i1p1f1_gn_201511-202512.ncrls_APmon_MPI-ESM1-2-LR_dcppA-hindcast_s2015-r6i1p1f1_gn_201511-202512.ncrlut_APmon_MPI-ESM1-2-LR_dcppA-hindcast_s2015-r2i1p1f1_gn_201511-202512.ncrlut_APmon_MPI-ESM1-2-LR_dcppA-hindcast_s2015-r3i1p1f1_gn_201511-202512.ncrlut_APmon_MPI-ESM1-2-LR_dcppA-hindcast_s2015-r4i1p1f1_gn_201511-202512.ncrlut_APmon_MPI-ESM1-2-LR_dcppA-hindcast_s2015-r5i1p1f1_gn_201511-202512.ncrlut_APmon_MPI-ESM1-2-LR_dcppA-hindcast_s2015-r6i1p1f1_gn_201511-202512.ncrlutcs_APmon_MPI-ESM1-2-LR_dcppA-hindcast_s2015-r2i1p1f1_gn_201511-202512.ncrlutcs_APmon_MPI-ESM1-2-LR_dcppA-hindcast_s2015-r3i1p1f1_gn_201511-202512.ncrlutcs_APmon_MPI-ESM1-2-LR_dcppA-hindcast_s2015-r4i1p1f1_gn_201511-202512.ncrlutcs_APmon_MPI-ESM1-2-LR_dcppA-hindcast_s2015-r5i1p1f1_gn_201511-202512.ncrlutcs_APmon_MPI-ESM1-2-LR_dcppA-hindcast_s2015-r6i1p1f1_gn_201511-202512.ncrsds_APmon_MPI-ESM1-2-LR_dcppA-hindcast_s2015-r2i1p1f1_gn_201511-202512.ncrsds_APmon_MPI-ESM1-2-LR_dcppA-hindcast_s2015-r3i1p1f1_gn_201511-202512.ncrsds_APmon_MPI-ESM1-2-LR_dcppA-hindcast_s2015-r4i1p1f1_gn_201511-202512.ncrsds_APmon_MPI-ESM1-2-LR_dcppA-hindcast_s2015-r5i1p1f1_gn_201511-202512.ncrsds_APmon_MPI-ESM1-2-LR_dcppA-hindcast_s2015-r6i1p1f1_gn_201511-202512.ncrsdt_APmon_MPI-ESM1-2-LR_dcppA-hindcast_s2015-r2i1p1f1_gn_201511-202512.ncrsdt_APmon_MPI-ESM1-2-LR_dcppA-hindcast_s2015-r3i1p1f1_gn_201511-202512.ncrsdt_APmon_MPI-ESM1-2-LR_dcppA-hindcast_s2015-r4i1p1f1_gn_201511-202512.ncrsdt_APmon_MPI-ESM1-2-LR_dcppA-hindcast_s2015-r5i1p1f1_gn_201511-202512.ncrsdt_APmon_MPI-ESM1-2-LR_dcppA-hindcast_s2015-r6i1p1f1_gn_201511-202512.ncrss_APmon_MPI-ESM1-2-LR_dcppA-hindcast_s2015-r2i1p1f1_gn_201511-202512.ncrss_APmon_MPI-ESM1-2-LR_dcppA-hindcast_s2015-r3i1p1f1_gn_201511-202512.ncrss_APmon_MPI-ESM1-2-LR_dcppA-hindcast_s2015-r4i1p1f1_gn_201511-202512.ncrss_APmon_MPI-ESM1-2-LR_dcppA-hindcast_s2015-r5i1p1f1_gn_201511-202512.ncrss_APmon_MPI-ESM1-2-LR_dcppA-hindcast_s2015-r6i1p1f1_gn_201511-202512.ncrsut_APmon_MPI-ESM1-2-LR_dcppA-hindcast_s2015-r2i1p1f1_gn_201511-202512.ncrsut_APmon_MPI-ESM1-2-LR_dcppA-hindcast_s2015-r3i1p1f1_gn_201511-202512.ncrsut_APmon_MPI-ESM1-2-LR_dcppA-hindcast_s2015-r4i1p1f1_gn_201511-202512.ncrsut_APmon_MPI-ESM1-2-LR_dcppA-hindcast_s2015-r5i1p1f1_gn_201511-202512.ncrsut_APmon_MPI-ESM1-2-LR_dcppA-hindcast_s2015-r6i1p1f1_gn_201511-202512.ncrsutcs_APmon_MPI-ESM1-2-LR_dcppA-hindcast_s2015-r2i1p1f1_gn_201511-202512.ncrsutcs_APmon_MPI-ESM1-2-LR_dcppA-hindcast_s2015-r3i1p1f1_gn_201511-202512.ncrsutcs_APmon_MPI-ESM1-2-LR_dcppA-hindcast_s2015-r4i1p1f1_gn_201511-202512.ncrsutcs_APmon_MPI-ESM1-2-LR_dcppA-hindcast_s2015-r5i1p1f1_gn_201511-202512.ncrsutcs_APmon_MPI-ESM1-2-LR_dcppA-hindcast_s2015-r6i1p1f1_gn_201511-202512.ncsfcWind_APmon_MPI-ESM1-2-LR_dcppA-hindcast_s2015-r2i1p1f1_gn_201511-202512.ncsfcWind_APmon_MPI-ESM1-2-LR_dcppA-hindcast_s2015-r3i1p1f1_gn_201511-202512.ncsfcWind_APmon_MPI-ESM1-2-LR_dcppA-hindcast_s2015-r4i1p1f1_gn_201511-202512.ncsfcWind_APmon_MPI-ESM1-2-LR_dcppA-hindcast_s2015-r5i1p1f1_gn_201511-202512.ncsfcWind_APmon_MPI-ESM1-2-LR_dcppA-hindcast_s2015-r6i1p1f1_gn_201511-202512.nctauu_APmon_MPI-ESM1-2-LR_dcppA-hindcast_s2015-r2i1p1f1_gn_201511-202512.nctauu_APmon_MPI-ESM1-2-LR_dcppA-hindcast_s2015-r3i1p1f1_gn_201511-202512.nctauu_APmon_MPI-ESM1-2-LR_dcppA-hindcast_s2015-r4i1p1f1_gn_201511-202512.nctauu_APmon_MPI-ESM1-2-LR_dcppA-hindcast_s2015-r5i1p1f1_gn_201511-202512.nctauu_APmon_MPI-ESM1-2-LR_dcppA-hindcast_s2015-r6i1p1f1_gn_201511-202512.nctauv_APmon_MPI-ESM1-2-LR_dcppA-hindcast_s2015-r2i1p1f1_gn_201511-202512.nctauv_APmon_MPI-ESM1-2-LR_dcppA-hindcast_s2015-r3i1p1f1_gn_201511-202512.nctauv_APmon_MPI-ESM1-2-LR_dcppA-hindcast_s2015-r4i1p1f1_gn_201511-202512.nctauv_APmon_MPI-ESM1-2-LR_dcppA-hindcast_s2015-r5i1p1f1_gn_201511-202512.nctauv_APmon_MPI-ESM1-2-LR_dcppA-hindcast_s2015-r6i1p1f1_gn_201511-202512.nctdps_APmon_MPI-ESM1-2-LR_dcppA-hindcast_s2015-r2i1p1f1_gn_201511-202512.nctdps_APmon_MPI-ESM1-2-LR_dcppA-hindcast_s2015-r3i1p1f1_gn_201511-202512.nctdps_APmon_MPI-ESM1-2-LR_dcppA-hindcast_s2015-r4i1p1f1_gn_201511-202512.nctdps_APmon_MPI-ESM1-2-LR_dcppA-hindcast_s2015-r5i1p1f1_gn_201511-202512.nctdps_APmon_MPI-ESM1-2-LR_dcppA-hindcast_s2015-r6i1p1f1_gn_201511-202512.ncts_APmon_MPI-ESM1-2-LR_dcppA-hindcast_s2015-r2i1p1f1_gn_201511-202512.ncts_APmon_MPI-ESM1-2-LR_dcppA-hindcast_s2015-r3i1p1f1_gn_201511-202512.ncts_APmon_MPI-ESM1-2-LR_dcppA-hindcast_s2015-r4i1p1f1_gn_201511-202512.ncts_APmon_MPI-ESM1-2-LR_dcppA-hindcast_s2015-r5i1p1f1_gn_201511-202512.ncts_APmon_MPI-ESM1-2-LR_dcppA-hindcast_s2015-r6i1p1f1_gn_201511-202512.ncmrro_LPmon_MPI-ESM1-2-LR_dcppA-hindcast_s2015-r2i1p1f1_gn_201511-202512.ncmrro_LPmon_MPI-ESM1-2-LR_dcppA-hindcast_s2015-r3i1p1f1_gn_201511-202512.ncmrro_LPmon_MPI-ESM1-2-LR_dcppA-hindcast_s2015-r4i1p1f1_gn_201511-202512.ncmrro_LPmon_MPI-ESM1-2-LR_dcppA-hindcast_s2015-r5i1p1f1_gn_201511-202512.ncmrro_LPmon_MPI-ESM1-2-LR_dcppA-hindcast_s2015-r6i1p1f1_gn_201511-202512.ncsiconca_SImon_MPI-ESM1-2-LR_dcppA-hindcast_s2015-r2i1p1f1_gn_201511-202512.ncsiconca_SImon_MPI-ESM1-2-LR_dcppA-hindcast_s2015-r4i1p1f1_gn_201511-202512.ncsiconca_SImon_MPI-ESM1-2-LR_dcppA-hindcast_s2015-r5i1p1f1_gn_201511-202512.ncsiconca_SImon_MPI-ESM1-2-LR_dcppA-hindcast_s2015-r6i1p1f1_gn_201511-202512.nc
08104b79f03d,DWD,s2016,dcpp-a,CMIP6 Plus,DKRZ,Partial,"pr_APday,pr_APmon,psl_APday,psl_APmon,rsds_APday,rsds_APmon,sfcWind_APday,sfcWind_APmon,tas_APday,tas_APmon,tasmax_APday,tasmin_APday,uas_APday,uas_APmon,vas_APday,vas_APmon,clt_APday,clt_APmon,prsn_APday,prsn_APmon,psl_APday,psl_APmon,rlut_APday,rlut_APmon,rsds_APday,rsds_APmon,ta_APmon,tas_APday,tas_APmon,ts_APmon,ua19_APmon,uas_APday,uas_APmon,va19_APmon,vas_APday,vas_APmon,zg_APmon,",Partial,"evspsbl_APmon,hus19_APmon,prsn_APday,prsn_APmon,rlds_APday,rlds_APmon,tasmax_APmon,tasmin_APmon,",hfls_APday_MPI-ESM1-2-LR_dcppA-hindcast_s2016-r2i1p1f1_gn_20161101-20261231.nchfls_APday_MPI-ESM1-2-LR_dcppA-hindcast_s2016-r3i1p1f1_gn_20161101-20261231.nchfls_APday_MPI-ESM1-2-LR_dcppA-hindcast_s2016-r4i1p1f1_gn_20161101-20261231.nchfls_APday_MPI-ESM1-2-LR_dcppA-hindcast_s2016-r5i1p1f1_gn_20161101-20261231.nchfls_APday_MPI-ESM1-2-LR_dcppA-hindcast_s2016-r6i1p1f1_gn_20161101-20261231.nchfss_APday_MPI-ESM1-2-LR_dcppA-hindcast_s2016-r2i1p1f1_gn_20161101-20261231.nchfss_APday_MPI-ESM1-2-LR_dcppA-hindcast_s2016-r3i1p1f1_gn_20161101-20261231.nchfss_APday_MPI-ESM1-2-LR_dcppA-hindcast_s2016-r4i1p1f1_gn_20161101-20261231.nchfss_APday_MPI-ESM1-2-LR_dcppA-hindcast_s2016-r5i1p1f1_gn_20161101-20261231.nchfss_APday_MPI-ESM1-2-LR_dcppA-hindcast_s2016-r6i1p1f1_gn_20161101-20261231.ncprc_APday_MPI-ESM1-2-LR_dcppA-hindcast_s2016-r2i1p1f1_gn_20161101-20261231.ncprc_APday_MPI-ESM1-2-LR_dcppA-hindcast_s2016-r3i1p1f1_gn_20161101-20261231.ncprc_APday_MPI-ESM1-2-LR_dcppA-hindcast_s2016-r4i1p1f1_gn_20161101-20261231.ncprc_APday_MPI-ESM1-2-LR_dcppA-hindcast_s2016-r5i1p1f1_gn_20161101-20261231.ncprc_APday_MPI-ESM1-2-LR_dcppA-hindcast_s2016-r6i1p1f1_gn_20161101-20261231.ncprsn_APday_MPI-ESM1-2-LR_dcppA-hindcast_s2016-r2i1p1f1_gn_20161101-20261231.ncprsn_APday_MPI-ESM1-2-LR_dcppA-hindcast_s2016-r3i1p1f1_gn_20161101-20261231.ncprsn_APday_MPI-ESM1-2-LR_dcppA-hindcast_s2016-r4i1p1f1_gn_20161101-20261231.ncprsn_APday_MPI-ESM1-2-LR_dcppA-hindcast_s2016-r5i1p1f1_gn_20161101-20261231.ncprsn_APday_MPI-ESM1-2-LR_dcppA-hindcast_s2016-r6i1p1f1_gn_20161101-20261231.ncrlds_APday_MPI-ESM1-2-LR_dcppA-hindcast_s2016-r2i1p1f1_gn_20161101-20261231.ncrlds_APday_MPI-ESM1-2-LR_dcppA-hindcast_s2016-r3i1p1f1_gn_20161101-20261231.ncrlds_APday_MPI-ESM1-2-LR_dcppA-hindcast_s2016-r4i1p1f1_gn_20161101-20261231.ncrlds_APday_MPI-ESM1-2-LR_dcppA-hindcast_s2016-r5i1p1f1_gn_20161101-20261231.ncrlds_APday_MPI-ESM1-2-LR_dcppA-hindcast_s2016-r6i1p1f1_gn_20161101-20261231.ncrls_APday_MPI-ESM1-2-LR_dcppA-hindcast_s2016-r2i1p1f1_gn_20161101-20261231.ncrls_APday_MPI-ESM1-2-LR_dcppA-hindcast_s2016-r3i1p1f1_gn_20161101-20261231.ncrls_APday_MPI-ESM1-2-LR_dcppA-hindcast_s2016-r4i1p1f1_gn_20161101-20261231.ncrls_APday_MPI-ESM1-2-LR_dcppA-hindcast_s2016-r5i1p1f1_gn_20161101-20261231.ncrls_APday_MPI-ESM1-2-LR_dcppA-hindcast_s2016-r6i1p1f1_gn_20161101-20261231.ncrlut_APday_MPI-ESM1-2-LR_dcppA-hindcast_s2016-r2i1p1f1_gn_20161101-20261231.ncrlut_APday_MPI-ESM1-2-LR_dcppA-hindcast_s2016-r3i1p1f1_gn_20161101-20261231.ncrlut_APday_MPI-ESM1-2-LR_dcppA-hindcast_s2016-r4i1p1f1_gn_20161101-20261231.ncrlut_APday_MPI-ESM1-2-LR_dcppA-hindcast_s2016-r5i1p1f1_gn_20161101-20261231.ncrlut_APday_MPI-ESM1-2-LR_dcppA-hindcast_s2016-r6i1p1f1_gn_20161101-20261231.ncrsds_APday_MPI-ESM1-2-LR_dcppA-hindcast_s2016-r2i1p1f1_gn_20161101-20261231.ncrsds_APday_MPI-ESM1-2-LR_dcppA-hindcast_s2016-r3i1p1f1_gn_20161101-20261231.ncrsds_APday_MPI-ESM1-2-LR_dcppA-hindcast_s2016-r4i1p1f1_gn_20161101-20261231.ncrsds_APday_MPI-ESM1-2-LR_dcppA-hindcast_s2016-r5i1p1f1_gn_20161101-20261231.ncrsds_APday_MPI-ESM1-2-LR_dcppA-hindcast_s2016-r6i1p1f1_gn_20161101-20261231.ncrsdt_APday_MPI-ESM1-2-LR_dcppA-hindcast_s2016-r2i1p1f1_gn_20161101-20261231.ncrsdt_APday_MPI-ESM1-2-LR_dcppA-hindcast_s2016-r3i1p1f1_gn_20161101-20261231.ncrsdt_APday_MPI-ESM1-2-LR_dcppA-hindcast_s2016-r4i1p1f1_gn_20161101-20261231.ncrsdt_APday_MPI-ESM1-2-LR_dcppA-hindcast_s2016-r5i1p1f1_gn_20161101-20261231.ncrsdt_APday_MPI-ESM1-2-LR_dcppA-hindcast_s2016-r6i1p1f1_gn_20161101-20261231.ncrsut_APday_MPI-ESM1-2-LR_dcppA-hindcast_s2016-r2i1p1f1_gn_20161101-20261231.ncrsut_APday_MPI-ESM1-2-LR_dcppA-hindcast_s2016-r3i1p1f1_gn_20161101-20261231.ncrsut_APday_MPI-ESM1-2-LR_dcppA-hindcast_s2016-r4i1p1f1_gn_20161101-20261231.ncrsut_APday_MPI-ESM1-2-LR_dcppA-hindcast_s2016-r5i1p1f1_gn_20161101-20261231.ncrsut_APday_MPI-ESM1-2-LR_dcppA-hindcast_s2016-r6i1p1f1_gn_20161101-20261231.ncsfcWind_APday_MPI-ESM1-2-LR_dcppA-hindcast_s2016-r2i1p1f1_gn_20161101-20261231.ncsfcWind_APday_MPI-ESM1-2-LR_dcppA-hindcast_s2016-r3i1p1f1_gn_20161101-20261231.ncsfcWind_APday_MPI-ESM1-2-LR_dcppA-hindcast_s2016-r4i1p1f1_gn_20161101-20261231.ncsfcWind_APday_MPI-ESM1-2-LR_dcppA-hindcast_s2016-r5i1p1f1_gn_20161101-20261231.ncsfcWind_APday_MPI-ESM1-2-LR_dcppA-hindcast_s2016-r6i1p1f1_gn_20161101-20261231.nctauu_APday_MPI-ESM1-2-LR_dcppA-hindcast_s2016-r2i1p1f1_gn_20161101-20261231.nctauu_APday_MPI-ESM1-2-LR_dcppA-hindcast_s2016-r3i1p1f1_gn_20161101-20261231.nctauu_APday_MPI-ESM1-2-LR_dcppA-hindcast_s2016-r4i1p1f1_gn_20161101-20261231.nctauu_APday_MPI-ESM1-2-LR_dcppA-hindcast_s2016-r5i1p1f1_gn_20161101-20261231.nctauu_APday_MPI-ESM1-2-LR_dcppA-hindcast_s2016-r6i1p1f1_gn_20161101-20261231.nctauv_APday_MPI-ESM1-2-LR_dcppA-hindcast_s2016-r2i1p1f1_gn_20161101-20261231.nctauv_APday_MPI-ESM1-2-LR_dcppA-hindcast_s2016-r3i1p1f1_gn_20161101-20261231.nctauv_APday_MPI-ESM1-2-LR_dcppA-hindcast_s2016-r4i1p1f1_gn_20161101-20261231.nctauv_APday_MPI-ESM1-2-LR_dcppA-hindcast_s2016-r5i1p1f1_gn_20161101-20261231.nctauv_APday_MPI-ESM1-2-LR_dcppA-hindcast_s2016-r6i1p1f1_gn_20161101-20261231.nctdps_APday_MPI-ESM1-2-LR_dcppA-hindcast_s2016-r2i1p1f1_gn_20161101-20261231.nctdps_APday_MPI-ESM1-2-LR_dcppA-hindcast_s2016-r3i1p1f1_gn_20161101-20261231.nctdps_APday_MPI-ESM1-2-LR_dcppA-hindcast_s2016-r4i1p1f1_gn_20161101-20261231.nctdps_APday_MPI-ESM1-2-LR_dcppA-hindcast_s2016-r5i1p1f1_gn_20161101-20261231.nctdps_APday_MPI-ESM1-2-LR_dcppA-hindcast_s2016-r6i1p1f1_gn_20161101-20261231.ncclt_APmon_MPI-ESM1-2-LR_dcppA-hindcast_s2016-r2i1p1f1_gn_201611-202612.ncclt_APmon_MPI-ESM1-2-LR_dcppA-hindcast_s2016-r3i1p1f1_gn_201611-202612.ncclt_APmon_MPI-ESM1-2-LR_dcppA-hindcast_s2016-r4i1p1f1_gn_201611-202612.ncclt_APmon_MPI-ESM1-2-LR_dcppA-hindcast_s2016-r5i1p1f1_gn_201611-202612.ncclt_APmon_MPI-ESM1-2-LR_dcppA-hindcast_s2016-r6i1p1f1_gn_201611-202612.ncevspsbl_APmon_MPI-ESM1-2-LR_dcppA-hindcast_s2016-r2i1p1f1_gn_201611-202612.ncevspsbl_APmon_MPI-ESM1-2-LR_dcppA-hindcast_s2016-r3i1p1f1_gn_201611-202612.ncevspsbl_APmon_MPI-ESM1-2-LR_dcppA-hindcast_s2016-r4i1p1f1_gn_201611-202612.ncevspsbl_APmon_MPI-ESM1-2-LR_dcppA-hindcast_s2016-r5i1p1f1_gn_201611-202612.ncevspsbl_APmon_MPI-ESM1-2-LR_dcppA-hindcast_s2016-r6i1p1f1_gn_201611-202612.nchfls_APmon_MPI-ESM1-2-LR_dcppA-hindcast_s2016-r2i1p1f1_gn_201611-202612.nchfls_APmon_MPI-ESM1-2-LR_dcppA-hindcast_s2016-r3i1p1f1_gn_201611-202612.nchfls_APmon_MPI-ESM1-2-LR_dcppA-hindcast_s2016-r4i1p1f1_gn_201611-202612.nchfls_APmon_MPI-ESM1-2-LR_dcppA-hindcast_s2016-r5i1p1f1_gn_201611-202612.nchfls_APmon_MPI-ESM1-2-LR_dcppA-hindcast_s2016-r6i1p1f1_gn_201611-202612.nchfss_APmon_MPI-ESM1-2-LR_dcppA-hindcast_s2016-r2i1p1f1_gn_201611-202612.nchfss_APmon_MPI-ESM1-2-LR_dcppA-hindcast_s2016-r3i1p1f1_gn_201611-202612.nchfss_APmon_MPI-ESM1-2-LR_dcppA-hindcast_s2016-r4i1p1f1_gn_201611-202612.nchfss_APmon_MPI-ESM1-2-LR_dcppA-hindcast_s2016-r5i1p1f1_gn_201611-202612.nchfss_APmon_MPI-ESM1-2-LR_dcppA-hindcast_s2016-r6i1p1f1_gn_201611-202612.ncprsn_APmon_MPI-ESM1-2-LR_dcppA-hindcast_s2016-r2i1p1f1_gn_201611-202612.ncprsn_APmon_MPI-ESM1-2-LR_dcppA-hindcast_s2016-r3i1p1f1_gn_201611-202612.ncprsn_APmon_MPI-ESM1-2-LR_dcppA-hindcast_s2016-r4i1p1f1_gn_201611-202612.ncprsn_APmon_MPI-ESM1-2-LR_dcppA-hindcast_s2016-r5i1p1f1_gn_201611-202612.ncprsn_APmon_MPI-ESM1-2-LR_dcppA-hindcast_s2016-r6i1p1f1_gn_201611-202612.ncrlds_APmon_MPI-ESM1-2-LR_dcppA-hindcast_s2016-r2i1p1f1_gn_201611-202612.ncrlds_APmon_MPI-ESM1-2-LR_dcppA-hindcast_s2016-r3i1p1f1_gn_201611-202612.ncrlds_APmon_MPI-ESM1-2-LR_dcppA-hindcast_s2016-r4i1p1f1_gn_201611-202612.ncrlds_APmon_MPI-ESM1-2-LR_dcppA-hindcast_s2016-r5i1p1f1_gn_201611-202612.ncrlds_APmon_MPI-ESM1-2-LR_dcppA-hindcast_s2016-r6i1p1f1_gn_201611-202612.ncrls_APmon_MPI-ESM1-2-LR_dcppA-hindcast_s2016-r2i1p1f1_gn_201611-202612.ncrls_APmon_MPI-ESM1-2-LR_dcppA-hindcast_s2016-r3i1p1f1_gn_201611-202612.ncrls_APmon_MPI-ESM1-2-LR_dcppA-hindcast_s2016-r4i1p1f1_gn_201611-202612.ncrls_APmon_MPI-ESM1-2-LR_dcppA-hindcast_s2016-r5i1p1f1_gn_201611-202612.ncrls_APmon_MPI-ESM1-2-LR_dcppA-hindcast_s2016-r6i1p1f1_gn_201611-202612.ncrlut_APmon_MPI-ESM1-2-LR_dcppA-hindcast_s2016-r2i1p1f1_gn_201611-202612.ncrlut_APmon_MPI-ESM1-2-LR_dcppA-hindcast_s2016-r3i1p1f1_gn_201611-202612.ncrlut_APmon_MPI-ESM1-2-LR_dcppA-hindcast_s2016-r4i1p1f1_gn_201611-202612.ncrlut_APmon_MPI-ESM1-2-LR_dcppA-hindcast_s2016-r5i1p1f1_gn_201611-202612.ncrlut_APmon_MPI-ESM1-2-LR_dcppA-hindcast_s2016-r6i1p1f1_gn_201611-202612.ncrlutcs_APmon_MPI-ESM1-2-LR_dcppA-hindcast_s2016-r2i1p1f1_gn_201611-202612.ncrlutcs_APmon_MPI-ESM1-2-LR_dcppA-hindcast_s2016-r3i1p1f1_gn_201611-202612.ncrlutcs_APmon_MPI-ESM1-2-LR_dcppA-hindcast_s2016-r4i1p1f1_gn_201611-202612.ncrlutcs_APmon_MPI-ESM1-2-LR_dcppA-hindcast_s2016-r5i1p1f1_gn_201611-202612.ncrlutcs_APmon_MPI-ESM1-2-LR_dcppA-hindcast_s2016-r6i1p1f1_gn_201611-202612.ncrsds_APmon_MPI-ESM1-2-LR_dcppA-hindcast_s2016-r2i1p1f1_gn_201611-202612.ncrsds_APmon_MPI-ESM1-2-LR_dcppA-hindcast_s2016-r3i1p1f1_gn_201611-202612.ncrsds_APmon_MPI-ESM1-2-LR_dcppA-hindcast_s2016-r4i1p1f1_gn_201611-202612.ncrsds_APmon_MPI-ESM1-2-LR_dcppA-hindcast_s2016-r5i1p1f1_gn_201611-202612.ncrsds_APmon_MPI-ESM1-2-LR_dcppA-hindcast_s2016-r6i1p1f1_gn_201611-202612.ncrsdt_APmon_MPI-ESM1-2-LR_dcppA-hindcast_s2016-r2i1p1f1_gn_201611-202612.ncrsdt_APmon_MPI-ESM1-2-LR_dcppA-hindcast_s2016-r3i1p1f1_gn_201611-202612.ncrsdt_APmon_MPI-ESM1-2-LR_dcppA-hindcast_s2016-r4i1p1f1_gn_201611-202612.ncrsdt_APmon_MPI-ESM1-2-LR_dcppA-hindcast_s2016-r5i1p1f1_gn_201611-202612.ncrsdt_APmon_MPI-ESM1-2-LR_dcppA-hindcast_s2016-r6i1p1f1_gn_201611-202612.ncrss_APmon_MPI-ESM1-2-LR_dcppA-hindcast_s2016-r2i1p1f1_gn_201611-202612.ncrss_APmon_MPI-ESM1-2-LR_dcppA-hindcast_s2016-r3i1p1f1_gn_201611-202612.ncrss_APmon_MPI-ESM1-2-LR_dcppA-hindcast_s2016-r4i1p1f1_gn_201611-202612.ncrss_APmon_MPI-ESM1-2-LR_dcppA-hindcast_s2016-r5i1p1f1_gn_201611-202612.ncrss_APmon_MPI-ESM1-2-LR_dcppA-hindcast_s2016-r6i1p1f1_gn_201611-202612.ncrsut_APmon_MPI-ESM1-2-LR_dcppA-hindcast_s2016-r2i1p1f1_gn_201611-202612.ncrsut_APmon_MPI-ESM1-2-LR_dcppA-hindcast_s2016-r3i1p1f1_gn_201611-202612.ncrsut_APmon_MPI-ESM1-2-LR_dcppA-hindcast_s2016-r4i1p1f1_gn_201611-202612.ncrsut_APmon_MPI-ESM1-2-LR_dcppA-hindcast_s2016-r5i1p1f1_gn_201611-202612.ncrsut_APmon_MPI-ESM1-2-LR_dcppA-hindcast_s2016-r6i1p1f1_gn_201611-202612.ncrsutcs_APmon_MPI-ESM1-2-LR_dcppA-hindcast_s2016-r2i1p1f1_gn_201611-202612.ncrsutcs_APmon_MPI-ESM1-2-LR_dcppA-hindcast_s2016-r3i1p1f1_gn_201611-202612.ncrsutcs_APmon_MPI-ESM1-2-LR_dcppA-hindcast_s2016-r4i1p1f1_gn_201611-202612.ncrsutcs_APmon_MPI-ESM1-2-LR_dcppA-hindcast_s2016-r5i1p1f1_gn_201611-202612.ncrsutcs_APmon_MPI-ESM1-2-LR_dcppA-hindcast_s2016-r6i1p1f1_gn_201611-202612.ncsfcWind_APmon_MPI-ESM1-2-LR_dcppA-hindcast_s2016-r2i1p1f1_gn_201611-202612.ncsfcWind_APmon_MPI-ESM1-2-LR_dcppA-hindcast_s2016-r3i1p1f1_gn_201611-202612.ncsfcWind_APmon_MPI-ESM1-2-LR_dcppA-hindcast_s2016-r4i1p1f1_gn_201611-202612.ncsfcWind_APmon_MPI-ESM1-2-LR_dcppA-hindcast_s2016-r5i1p1f1_gn_201611-202612.ncsfcWind_APmon_MPI-ESM1-2-LR_dcppA-hindcast_s2016-r6i1p1f1_gn_201611-202612.nctauu_APmon_MPI-ESM1-2-LR_dcppA-hindcast_s2016-r2i1p1f1_gn_201611-202612.nctauu_APmon_MPI-ESM1-2-LR_dcppA-hindcast_s2016-r3i1p1f1_gn_201611-202612.nctauu_APmon_MPI-ESM1-2-LR_dcppA-hindcast_s2016-r4i1p1f1_gn_201611-202612.nctauu_APmon_MPI-ESM1-2-LR_dcppA-hindcast_s2016-r5i1p1f1_gn_201611-202612.nctauu_APmon_MPI-ESM1-2-LR_dcppA-hindcast_s2016-r6i1p1f1_gn_201611-202612.nctauv_APmon_MPI-ESM1-2-LR_dcppA-hindcast_s2016-r2i1p1f1_gn_201611-202612.nctauv_APmon_MPI-ESM1-2-LR_dcppA-hindcast_s2016-r3i1p1f1_gn_201611-202612.nctauv_APmon_MPI-ESM1-2-LR_dcppA-hindcast_s2016-r4i1p1f1_gn_201611-202612.nctauv_APmon_MPI-ESM1-2-LR_dcppA-hindcast_s2016-r5i1p1f1_gn_201611-202612.nctauv_APmon_MPI-ESM1-2-LR_dcppA-hindcast_s2016-r6i1p1f1_gn_201611-202612.nctdps_APmon_MPI-ESM1-2-LR_dcppA-hindcast_s2016-r2i1p1f1_gn_201611-202612.nctdps_APmon_MPI-ESM1-2-LR_dcppA-hindcast_s2016-r3i1p1f1_gn_201611-202612.nctdps_APmon_MPI-ESM1-2-LR_dcppA-hindcast_s2016-r4i1p1f1_gn_201611-202612.nctdps_APmon_MPI-ESM1-2-LR_dcppA-hindcast_s2016-r5i1p1f1_gn_201611-202612.nctdps_APmon_MPI-ESM1-2-LR_dcppA-hindcast_s2016-r6i1p1f1_gn_201611-202612.ncts_APmon_MPI-ESM1-2-LR_dcppA-hindcast_s2016-r2i1p1f1_gn_201611-202612.ncts_APmon_MPI-ESM1-2-LR_dcppA-hindcast_s2016-r3i1p1f1_gn_201611-202612.ncts_APmon_MPI-ESM1-2-LR_dcppA-hindcast_s2016-r4i1p1f1_gn_201611-202612.ncts_APmon_MPI-ESM1-2-LR_dcppA-hindcast_s2016-r5i1p1f1_gn_201611-202612.ncts_APmon_MPI-ESM1-2-LR_dcppA-hindcast_s2016-r6i1p1f1_gn_201611-202612.ncmrro_LPmon_MPI-ESM1-2-LR_dcppA-hindcast_s2016-r2i1p1f1_gn_201611-202612.ncmrro_LPmon_MPI-ESM1-2-LR_dcppA-hindcast_s2016-r3i1p1f1_gn_201611-202612.ncmrro_LPmon_MPI-ESM1-2-LR_dcppA-hindcast_s2016-r4i1p1f1_gn_201611-202612.ncmrro_LPmon_MPI-ESM1-2-LR_dcppA-hindcast_s2016-r5i1p1f1_gn_201611-202612.ncmrro_LPmon_MPI-ESM1-2-LR_dcppA-hindcast_s2016-r6i1p1f1_gn_201611-202612.ncsiconca_SImon_MPI-ESM1-2-LR_dcppA-hindcast_s2016-r3i1p1f1_gn_201611-202612.ncsiconca_SImon_MPI-ESM1-2-LR_dcppA-hindcast_s2016-r4i1p1f1_gn_201611-202612.ncsiconca_SImon_MPI-ESM1-2-LR_dcppA-hindcast_s2016-r5i1p1f1_gn_201611-202612.ncsiconca_SImon_MPI-ESM1-2-LR_dcppA-hindcast_s2016-r6i1p1f1_gn_201611-202612.nc
23d64272fe89,DWD,s2017,dcpp-a,CMIP6 Plus,DKRZ,Partial,"pr_APday,pr_APmon,psl_APday,psl_APmon,rsds_APday,rsds_APmon,sfcWind_APday,sfcWind_APmon,tas_APday,tas_APmon,tasmax_APday,tasmin_APday,uas_APday,uas_APmon,vas_APday,vas_APmon,clt_APday,clt_APmon,prsn_APday,prsn_APmon,psl_APday,psl_APmon,rlut_APday,rlut_APmon,rsds_APday,rsds_APmon,ta_APmon,tas_APday,tas_APmon,ts_APmon,ua19_APmon,uas_APday,uas_APmon,va19_APmon,vas_APday,vas_APmon,zg_APmon,",Partial,"evspsbl_APmon,hus19_APmon,prsn_APday,prsn_APmon,rlds_APday,rlds_APmon,tasmax_APmon,tasmin_APmon,",hfls_APday_MPI-ESM1-2-LR_dcppA-hindcast_s2017-r2i1p1f1_gn_20171101-20271231.nchfls_APday_MPI-ESM1-2-LR_dcppA-hindcast_s2017-r3i1p1f1_gn_20171101-20271231.nchfls_APday_MPI-ESM1-2-LR_dcppA-hindcast_s2017-r4i1p1f1_gn_20171101-20271231.nchfls_APday_MPI-ESM1-2-LR_dcppA-hindcast_s2017-r5i1p1f1_gn_20171101-20271231.nchfls_APday_MPI-ESM1-2-LR_dcppA-hindcast_s2017-r6i1p1f1_gn_20171101-20271231.nchfss_APday_MPI-ESM1-2-LR_dcppA-hindcast_s2017-r2i1p1f1_gn_20171101-20271231.nchfss_APday_MPI-ESM1-2-LR_dcppA-hindcast_s2017-r3i1p1f1_gn_20171101-20271231.nchfss_APday_MPI-ESM1-2-LR_dcppA-hindcast_s2017-r4i1p1f1_gn_20171101-20271231.nchfss_APday_MPI-ESM1-2-LR_dcppA-hindcast_s2017-r5i1p1f1_gn_20171101-20271231.nchfss_APday_MPI-ESM1-2-LR_dcppA-hindcast_s2017-r6i1p1f1_gn_20171101-20271231.ncprc_APday_MPI-ESM1-2-LR_dcppA-hindcast_s2017-r2i1p1f1_gn_20171101-20271231.ncprc_APday_MPI-ESM1-2-LR_dcppA-hindcast_s2017-r3i1p1f1_gn_20171101-20271231.ncprc_APday_MPI-ESM1-2-LR_dcppA-hindcast_s2017-r4i1p1f1_gn_20171101-20271231.ncprc_APday_MPI-ESM1-2-LR_dcppA-hindcast_s2017-r5i1p1f1_gn_20171101-20271231.ncprc_APday_MPI-ESM1-2-LR_dcppA-hindcast_s2017-r6i1p1f1_gn_20171101-20271231.ncprsn_APday_MPI-ESM1-2-LR_dcppA-hindcast_s2017-r2i1p1f1_gn_20171101-20271231.ncprsn_APday_MPI-ESM1-2-LR_dcppA-hindcast_s2017-r3i1p1f1_gn_20171101-20271231.ncprsn_APday_MPI-ESM1-2-LR_dcppA-hindcast_s2017-r4i1p1f1_gn_20171101-20271231.ncprsn_APday_MPI-ESM1-2-LR_dcppA-hindcast_s2017-r5i1p1f1_gn_20171101-20271231.ncprsn_APday_MPI-ESM1-2-LR_dcppA-hindcast_s2017-r6i1p1f1_gn_20171101-20271231.ncrlds_APday_MPI-ESM1-2-LR_dcppA-hindcast_s2017-r2i1p1f1_gn_20171101-20271231.ncrlds_APday_MPI-ESM1-2-LR_dcppA-hindcast_s2017-r3i1p1f1_gn_20171101-20271231.ncrlds_APday_MPI-ESM1-2-LR_dcppA-hindcast_s2017-r4i1p1f1_gn_20171101-20271231.ncrlds_APday_MPI-ESM1-2-LR_dcppA-hindcast_s2017-r5i1p1f1_gn_20171101-20271231.ncrlds_APday_MPI-ESM1-2-LR_dcppA-hindcast_s2017-r6i1p1f1_gn_20171101-20271231.ncrls_APday_MPI-ESM1-2-LR_dcppA-hindcast_s2017-r2i1p1f1_gn_20171101-20271231.ncrls_APday_MPI-ESM1-2-LR_dcppA-hindcast_s2017-r3i1p1f1_gn_20171101-20271231.ncrls_APday_MPI-ESM1-2-LR_dcppA-hindcast_s2017-r4i1p1f1_gn_20171101-20271231.ncrls_APday_MPI-ESM1-2-LR_dcppA-hindcast_s2017-r5i1p1f1_gn_20171101-20271231.ncrls_APday_MPI-ESM1-2-LR_dcppA-hindcast_s2017-r6i1p1f1_gn_20171101-20271231.ncrlut_APday_MPI-ESM1-2-LR_dcppA-hindcast_s2017-r2i1p1f1_gn_20171101-20271231.ncrlut_APday_MPI-ESM1-2-LR_dcppA-hindcast_s2017-r3i1p1f1_gn_20171101-20271231.ncrlut_APday_MPI-ESM1-2-LR_dcppA-hindcast_s2017-r4i1p1f1_gn_20171101-20271231.ncrlut_APday_MPI-ESM1-2-LR_dcppA-hindcast_s2017-r5i1p1f1_gn_20171101-20271231.ncrlut_APday_MPI-ESM1-2-LR_dcppA-hindcast_s2017-r6i1p1f1_gn_20171101-20271231.ncrsds_APday_MPI-ESM1-2-LR_dcppA-hindcast_s2017-r2i1p1f1_gn_20171101-20271231.ncrsds_APday_MPI-ESM1-2-LR_dcppA-hindcast_s2017-r3i1p1f1_gn_20171101-20271231.ncrsds_APday_MPI-ESM1-2-LR_dcppA-hindcast_s2017-r4i1p1f1_gn_20171101-20271231.ncrsds_APday_MPI-ESM1-2-LR_dcppA-hindcast_s2017-r5i1p1f1_gn_20171101-20271231.ncrsds_APday_MPI-ESM1-2-LR_dcppA-hindcast_s2017-r6i1p1f1_gn_20171101-20271231.ncrsdt_APday_MPI-ESM1-2-LR_dcppA-hindcast_s2017-r2i1p1f1_gn_20171101-20271231.ncrsdt_APday_MPI-ESM1-2-LR_dcppA-hindcast_s2017-r3i1p1f1_gn_20171101-20271231.ncrsdt_APday_MPI-ESM1-2-LR_dcppA-hindcast_s2017-r4i1p1f1_gn_20171101-20271231.ncrsdt_APday_MPI-ESM1-2-LR_dcppA-hindcast_s2017-r5i1p1f1_gn_20171101-20271231.ncrsdt_APday_MPI-ESM1-2-LR_dcppA-hindcast_s2017-r6i1p1f1_gn_20171101-20271231.ncrsut_APday_MPI-ESM1-2-LR_dcppA-hindcast_s2017-r2i1p1f1_gn_20171101-20271231.ncrsut_APday_MPI-ESM1-2-LR_dcppA-hindcast_s2017-r3i1p1f1_gn_20171101-20271231.ncrsut_APday_MPI-ESM1-2-LR_dcppA-hindcast_s2017-r4i1p1f1_gn_20171101-20271231.ncrsut_APday_MPI-ESM1-2-LR_dcppA-hindcast_s2017-r5i1p1f1_gn_20171101-20271231.ncrsut_APday_MPI-ESM1-2-LR_dcppA-hindcast_s2017-r6i1p1f1_gn_20171101-20271231.ncsfcWind_APday_MPI-ESM1-2-LR_dcppA-hindcast_s2017-r2i1p1f1_gn_20171101-20271231.ncsfcWind_APday_MPI-ESM1-2-LR_dcppA-hindcast_s2017-r3i1p1f1_gn_20171101-20271231.ncsfcWind_APday_MPI-ESM1-2-LR_dcppA-hindcast_s2017-r4i1p1f1_gn_20171101-20271231.ncsfcWind_APday_MPI-ESM1-2-LR_dcppA-hindcast_s2017-r5i1p1f1_gn_20171101-20271231.ncsfcWind_APday_MPI-ESM1-2-LR_dcppA-hindcast_s2017-r6i1p1f1_gn_20171101-20271231.nctauu_APday_MPI-ESM1-2-LR_dcppA-hindcast_s2017-r2i1p1f1_gn_20171101-20271231.nctauu_APday_MPI-ESM1-2-LR_dcppA-hindcast_s2017-r3i1p1f1_gn_20171101-20271231.nctauu_APday_MPI-ESM1-2-LR_dcppA-hindcast_s2017-r4i1p1f1_gn_20171101-20271231.nctauu_APday_MPI-ESM1-2-LR_dcppA-hindcast_s2017-r5i1p1f1_gn_20171101-20271231.nctauu_APday_MPI-ESM1-2-LR_dcppA-hindcast_s2017-r6i1p1f1_gn_20171101-20271231.nctauv_APday_MPI-ESM1-2-LR_dcppA-hindcast_s2017-r2i1p1f1_gn_20171101-20271231.nctauv_APday_MPI-ESM1-2-LR_dcppA-hindcast_s2017-r3i1p1f1_gn_20171101-20271231.nctauv_APday_MPI-ESM1-2-LR_dcppA-hindcast_s2017-r4i1p1f1_gn_20171101-20271231.nctauv_APday_MPI-ESM1-2-LR_dcppA-hindcast_s2017-r5i1p1f1_gn_20171101-20271231.nctauv_APday_MPI-ESM1-2-LR_dcppA-hindcast_s2017-r6i1p1f1_gn_20171101-20271231.nctdps_APday_MPI-ESM1-2-LR_dcppA-hindcast_s2017-r2i1p1f1_gn_20171101-20271231.nctdps_APday_MPI-ESM1-2-LR_dcppA-hindcast_s2017-r3i1p1f1_gn_20171101-20271231.nctdps_APday_MPI-ESM1-2-LR_dcppA-hindcast_s2017-r4i1p1f1_gn_20171101-20271231.nctdps_APday_MPI-ESM1-2-LR_dcppA-hindcast_s2017-r5i1p1f1_gn_20171101-20271231.nctdps_APday_MPI-ESM1-2-LR_dcppA-hindcast_s2017-r6i1p1f1_gn_20171101-20271231.nchfls_APmon_MPI-ESM1-2-LR_dcppA-hindcast_s2017-r2i1p1f1_gn_201711-202712.nchfls_APmon_MPI-ESM1-2-LR_dcppA-hindcast_s2017-r3i1p1f1_gn_201711-202712.nchfls_APmon_MPI-ESM1-2-LR_dcppA-hindcast_s2017-r4i1p1f1_gn_201711-202712.nchfls_APmon_MPI-ESM1-2-LR_dcppA-hindcast_s2017-r5i1p1f1_gn_201711-202712.nchfls_APmon_MPI-ESM1-2-LR_dcppA-hindcast_s2017-r6i1p1f1_gn_201711-202712.nchfss_APmon_MPI-ESM1-2-LR_dcppA-hindcast_s2017-r2i1p1f1_gn_201711-202712.nchfss_APmon_MPI-ESM1-2-LR_dcppA-hindcast_s2017-r3i1p1f1_gn_201711-202712.nchfss_APmon_MPI-ESM1-2-LR_dcppA-hindcast_s2017-r4i1p1f1_gn_201711-202712.nchfss_APmon_MPI-ESM1-2-LR_dcppA-hindcast_s2017-r5i1p1f1_gn_201711-202712.nchfss_APmon_MPI-ESM1-2-LR_dcppA-hindcast_s2017-r6i1p1f1_gn_201711-202712.ncprsn_APmon_MPI-ESM1-2-LR_dcppA-hindcast_s2017-r2i1p1f1_gn_201711-202712.ncprsn_APmon_MPI-ESM1-2-LR_dcppA-hindcast_s2017-r3i1p1f1_gn_201711-202712.ncprsn_APmon_MPI-ESM1-2-LR_dcppA-hindcast_s2017-r4i1p1f1_gn_201711-202712.ncprsn_APmon_MPI-ESM1-2-LR_dcppA-hindcast_s2017-r5i1p1f1_gn_201711-202712.ncprsn_APmon_MPI-ESM1-2-LR_dcppA-hindcast_s2017-r6i1p1f1_gn_201711-202712.ncrlds_APmon_MPI-ESM1-2-LR_dcppA-hindcast_s2017-r2i1p1f1_gn_201711-202712.ncrlds_APmon_MPI-ESM1-2-LR_dcppA-hindcast_s2017-r3i1p1f1_gn_201711-202712.ncrlds_APmon_MPI-ESM1-2-LR_dcppA-hindcast_s2017-r4i1p1f1_gn_201711-202712.ncrlds_APmon_MPI-ESM1-2-LR_dcppA-hindcast_s2017-r5i1p1f1_gn_201711-202712.ncrlds_APmon_MPI-ESM1-2-LR_dcppA-hindcast_s2017-r6i1p1f1_gn_201711-202712.ncrls_APmon_MPI-ESM1-2-LR_dcppA-hindcast_s2017-r2i1p1f1_gn_201711-202712.ncrls_APmon_MPI-ESM1-2-LR_dcppA-hindcast_s2017-r3i1p1f1_gn_201711-202712.ncrls_APmon_MPI-ESM1-2-LR_dcppA-hindcast_s2017-r4i1p1f1_gn_201711-202712.ncrls_APmon_MPI-ESM1-2-LR_dcppA-hindcast_s2017-r5i1p1f1_gn_201711-202712.ncrls_APmon_MPI-ESM1-2-LR_dcppA-hindcast_s2017-r6i1p1f1_gn_201711-202712.ncrlut_APmon_MPI-ESM1-2-LR_dcppA-hindcast_s2017-r2i1p1f1_gn_201711-202712.ncrlut_APmon_MPI-ESM1-2-LR_dcppA-hindcast_s2017-r3i1p1f1_gn_201711-202712.ncrlut_APmon_MPI-ESM1-2-LR_dcppA-hindcast_s2017-r4i1p1f1_gn_201711-202712.ncrlut_APmon_MPI-ESM1-2-LR_dcppA-hindcast_s2017-r5i1p1f1_gn_201711-202712.ncrlut_APmon_MPI-ESM1-2-LR_dcppA-hindcast_s2017-r6i1p1f1_gn_201711-202712.ncrlutcs_APmon_MPI-ESM1-2-LR_dcppA-hindcast_s2017-r2i1p1f1_gn_201711-202712.ncrlutcs_APmon_MPI-ESM1-2-LR_dcppA-hindcast_s2017-r3i1p1f1_gn_201711-202712.ncrlutcs_APmon_MPI-ESM1-2-LR_dcppA-hindcast_s2017-r4i1p1f1_gn_201711-202712.ncrlutcs_APmon_MPI-ESM1-2-LR_dcppA-hindcast_s2017-r5i1p1f1_gn_201711-202712.ncrlutcs_APmon_MPI-ESM1-2-LR_dcppA-hindcast_s2017-r6i1p1f1_gn_201711-202712.ncrsds_APmon_MPI-ESM1-2-LR_dcppA-hindcast_s2017-r2i1p1f1_gn_201711-202712.ncrsds_APmon_MPI-ESM1-2-LR_dcppA-hindcast_s2017-r3i1p1f1_gn_201711-202712.ncrsds_APmon_MPI-ESM1-2-LR_dcppA-hindcast_s2017-r4i1p1f1_gn_201711-202712.ncrsds_APmon_MPI-ESM1-2-LR_dcppA-hindcast_s2017-r5i1p1f1_gn_201711-202712.ncrsds_APmon_MPI-ESM1-2-LR_dcppA-hindcast_s2017-r6i1p1f1_gn_201711-202712.ncrsdt_APmon_MPI-ESM1-2-LR_dcppA-hindcast_s2017-r2i1p1f1_gn_201711-202712.ncrsdt_APmon_MPI-ESM1-2-LR_dcppA-hindcast_s2017-r3i1p1f1_gn_201711-202712.ncrsdt_APmon_MPI-ESM1-2-LR_dcppA-hindcast_s2017-r4i1p1f1_gn_201711-202712.ncrsdt_APmon_MPI-ESM1-2-LR_dcppA-hindcast_s2017-r5i1p1f1_gn_201711-202712.ncrsdt_APmon_MPI-ESM1-2-LR_dcppA-hindcast_s2017-r6i1p1f1_gn_201711-202712.ncrss_APmon_MPI-ESM1-2-LR_dcppA-hindcast_s2017-r2i1p1f1_gn_201711-202712.ncrss_APmon_MPI-ESM1-2-LR_dcppA-hindcast_s2017-r3i1p1f1_gn_201711-202712.ncrss_APmon_MPI-ESM1-2-LR_dcppA-hindcast_s2017-r4i1p1f1_gn_201711-202712.ncrss_APmon_MPI-ESM1-2-LR_dcppA-hindcast_s2017-r5i1p1f1_gn_201711-202712.ncrss_APmon_MPI-ESM1-2-LR_dcppA-hindcast_s2017-r6i1p1f1_gn_201711-202712.ncrsut_APmon_MPI-ESM1-2-LR_dcppA-hindcast_s2017-r2i1p1f1_gn_201711-202712.ncrsut_APmon_MPI-ESM1-2-LR_dcppA-hindcast_s2017-r3i1p1f1_gn_201711-202712.ncrsut_APmon_MPI-ESM1-2-LR_dcppA-hindcast_s2017-r4i1p1f1_gn_201711-202712.ncrsut_APmon_MPI-ESM1-2-LR_dcppA-hindcast_s2017-r5i1p1f1_gn_201711-202712.ncrsut_APmon_MPI-ESM1-2-LR_dcppA-hindcast_s2017-r6i1p1f1_gn_201711-202712.ncrsutcs_APmon_MPI-ESM1-2-LR_dcppA-hindcast_s2017-r2i1p1f1_gn_201711-202712.ncrsutcs_APmon_MPI-ESM1-2-LR_dcppA-hindcast_s2017-r3i1p1f1_gn_201711-202712.ncrsutcs_APmon_MPI-ESM1-2-LR_dcppA-hindcast_s2017-r4i1p1f1_gn_201711-202712.ncrsutcs_APmon_MPI-ESM1-2-LR_dcppA-hindcast_s2017-r5i1p1f1_gn_201711-202712.ncrsutcs_APmon_MPI-ESM1-2-LR_dcppA-hindcast_s2017-r6i1p1f1_gn_201711-202712.ncsfcWind_APmon_MPI-ESM1-2-LR_dcppA-hindcast_s2017-r2i1p1f1_gn_201711-202712.ncsfcWind_APmon_MPI-ESM1-2-LR_dcppA-hindcast_s2017-r3i1p1f1_gn_201711-202712.ncsfcWind_APmon_MPI-ESM1-2-LR_dcppA-hindcast_s2017-r4i1p1f1_gn_201711-202712.ncsfcWind_APmon_MPI-ESM1-2-LR_dcppA-hindcast_s2017-r5i1p1f1_gn_201711-202712.ncsfcWind_APmon_MPI-ESM1-2-LR_dcppA-hindcast_s2017-r6i1p1f1_gn_201711-202712.nctauu_APmon_MPI-ESM1-2-LR_dcppA-hindcast_s2017-r2i1p1f1_gn_201711-202712.nctauu_APmon_MPI-ESM1-2-LR_dcppA-hindcast_s2017-r3i1p1f1_gn_201711-202712.nctauu_APmon_MPI-ESM1-2-LR_dcppA-hindcast_s2017-r4i1p1f1_gn_201711-202712.nctauu_APmon_MPI-ESM1-2-LR_dcppA-hindcast_s2017-r5i1p1f1_gn_201711-202712.nctauu_APmon_MPI-ESM1-2-LR_dcppA-hindcast_s2017-r6i1p1f1_gn_201711-202712.nctauv_APmon_MPI-ESM1-2-LR_dcppA-hindcast_s2017-r2i1p1f1_gn_201711-202712.nctauv_APmon_MPI-ESM1-2-LR_dcppA-hindcast_s2017-r3i1p1f1_gn_201711-202712.nctauv_APmon_MPI-ESM1-2-LR_dcppA-hindcast_s2017-r4i1p1f1_gn_201711-202712.nctauv_APmon_MPI-ESM1-2-LR_dcppA-hindcast_s2017-r5i1p1f1_gn_201711-202712.nctauv_APmon_MPI-ESM1-2-LR_dcppA-hindcast_s2017-r6i1p1f1_gn_201711-202712.nctdps_APmon_MPI-ESM1-2-LR_dcppA-hindcast_s2017-r2i1p1f1_gn_201711-202712.nctdps_APmon_MPI-ESM1-2-LR_dcppA-hindcast_s2017-r3i1p1f1_gn_201711-202712.nctdps_APmon_MPI-ESM1-2-LR_dcppA-hindcast_s2017-r4i1p1f1_gn_201711-202712.nctdps_APmon_MPI-ESM1-2-LR_dcppA-hindcast_s2017-r5i1p1f1_gn_201711-202712.nctdps_APmon_MPI-ESM1-2-LR_dcppA-hindcast_s2017-r6i1p1f1_gn_201711-202712.ncts_APmon_MPI-ESM1-2-LR_dcppA-hindcast_s2017-r2i1p1f1_gn_201711-202712.ncts_APmon_MPI-ESM1-2-LR_dcppA-hindcast_s2017-r3i1p1f1_gn_201711-202712.ncts_APmon_MPI-ESM1-2-LR_dcppA-hindcast_s2017-r4i1p1f1_gn_201711-202712.ncts_APmon_MPI-ESM1-2-LR_dcppA-hindcast_s2017-r5i1p1f1_gn_201711-202712.ncts_APmon_MPI-ESM1-2-LR_dcppA-hindcast_s2017-r6i1p1f1_gn_201711-202712.ncmrro_LPmon_MPI-ESM1-2-LR_dcppA-hindcast_s2017-r2i1p1f1_gn_201711-202712.ncmrro_LPmon_MPI-ESM1-2-LR_dcppA-hindcast_s2017-r3i1p1f1_gn_201711-202712.ncmrro_LPmon_MPI-ESM1-2-LR_dcppA-hindcast_s2017-r4i1p1f1_gn_201711-202712.ncmrro_LPmon_MPI-ESM1-2-LR_dcppA-hindcast_s2017-r5i1p1f1_gn_201711-202712.ncmrro_LPmon_MPI-ESM1-2-LR_dcppA-hindcast_s2017-r6i1p1f1_gn_201711-202712.ncsiconca_SImon_MPI-ESM1-2-LR_dcppA-hindcast_s2017-r2i1p1f1_gn_201711-202712.ncsiconca_SImon_MPI-ESM1-2-LR_dcppA-hindcast_s2017-r3i1p1f1_gn_201711-202712.ncsiconca_SImon_MPI-ESM1-2-LR_dcppA-hindcast_s2017-r5i1p1f1_gn_201711-202712.ncsiconca_SImon_MPI-ESM1-2-LR_dcppA-hindcast_s2017-r6i1p1f1_gn_201711-202712.nc
11839b250c80,DWD,s2018,dcpp-a,CMIP6 Plus,DKRZ,Partial,"pr_APday,pr_APmon,psl_APday,psl_APmon,rsds_APday,rsds_APmon,sfcWind_APday,sfcWind_APmon,tas_APday,tas_APmon,tasmax_APday,tasmin_APday,uas_APday,uas_APmon,vas_APday,vas_APmon,clt_APday,clt_APmon,prsn_APday,prsn_APmon,psl_APday,psl_APmon,rlut_APday,rlut_APmon,rsds_APday,rsds_APmon,ta_APmon,tas_APday,tas_APmon,ts_APmon,ua19_APmon,uas_APday,uas_APmon,va19_APmon,vas_APday,vas_APmon,zg_APmon,",Partial,"evspsbl_APmon,hus19_APmon,prsn_APday,prsn_APmon,rlds_APday,rlds_APmon,tasmax_APmon,tasmin_APmon,",hfls_APday_MPI-ESM1-2-LR_dcppA-hindcast_s2018-r2i1p1f1_gn_20181101-20281231.nchfls_APday_MPI-ESM1-2-LR_dcppA-hindcast_s2018-r3i1p1f1_gn_20181101-20281231.nchfls_APday_MPI-ESM1-2-LR_dcppA-hindcast_s2018-r4i1p1f1_gn_20181101-20281231.nchfls_APday_MPI-ESM1-2-LR_dcppA-hindcast_s2018-r5i1p1f1_gn_20181101-20281231.nchfls_APday_MPI-ESM1-2-LR_dcppA-hindcast_s2018-r6i1p1f1_gn_20181101-20281231.nchfss_APday_MPI-ESM1-2-LR_dcppA-hindcast_s2018-r2i1p1f1_gn_20181101-20281231.nchfss_APday_MPI-ESM1-2-LR_dcppA-hindcast_s2018-r3i1p1f1_gn_20181101-20281231.nchfss_APday_MPI-ESM1-2-LR_dcppA-hindcast_s2018-r4i1p1f1_gn_20181101-20281231.nchfss_APday_MPI-ESM1-2-LR_dcppA-hindcast_s2018-r5i1p1f1_gn_20181101-20281231.nchfss_APday_MPI-ESM1-2-LR_dcppA-hindcast_s2018-r6i1p1f1_gn_20181101-20281231.ncprc_APday_MPI-ESM1-2-LR_dcppA-hindcast_s2018-r2i1p1f1_gn_20181101-20281231.ncprc_APday_MPI-ESM1-2-LR_dcppA-hindcast_s2018-r3i1p1f1_gn_20181101-20281231.ncprc_APday_MPI-ESM1-2-LR_dcppA-hindcast_s2018-r4i1p1f1_gn_20181101-20281231.ncprc_APday_MPI-ESM1-2-LR_dcppA-hindcast_s2018-r5i1p1f1_gn_20181101-20281231.ncprc_APday_MPI-ESM1-2-LR_dcppA-hindcast_s2018-r6i1p1f1_gn_20181101-20281231.ncprsn_APday_MPI-ESM1-2-LR_dcppA-hindcast_s2018-r2i1p1f1_gn_20181101-20281231.ncprsn_APday_MPI-ESM1-2-LR_dcppA-hindcast_s2018-r3i1p1f1_gn_20181101-20281231.ncprsn_APday_MPI-ESM1-2-LR_dcppA-hindcast_s2018-r4i1p1f1_gn_20181101-20281231.ncprsn_APday_MPI-ESM1-2-LR_dcppA-hindcast_s2018-r5i1p1f1_gn_20181101-20281231.ncprsn_APday_MPI-ESM1-2-LR_dcppA-hindcast_s2018-r6i1p1f1_gn_20181101-20281231.ncrlds_APday_MPI-ESM1-2-LR_dcppA-hindcast_s2018-r2i1p1f1_gn_20181101-20281231.ncrlds_APday_MPI-ESM1-2-LR_dcppA-hindcast_s2018-r3i1p1f1_gn_20181101-20281231.ncrlds_APday_MPI-ESM1-2-LR_dcppA-hindcast_s2018-r4i1p1f1_gn_20181101-20281231.ncrlds_APday_MPI-ESM1-2-LR_dcppA-hindcast_s2018-r5i1p1f1_gn_20181101-20281231.ncrlds_APday_MPI-ESM1-2-LR_dcppA-hindcast_s2018-r6i1p1f1_gn_20181101-20281231.ncrls_APday_MPI-ESM1-2-LR_dcppA-hindcast_s2018-r2i1p1f1_gn_20181101-20281231.ncrls_APday_MPI-ESM1-2-LR_dcppA-hindcast_s2018-r3i1p1f1_gn_20181101-20281231.ncrls_APday_MPI-ESM1-2-LR_dcppA-hindcast_s2018-r4i1p1f1_gn_20181101-20281231.ncrls_APday_MPI-ESM1-2-LR_dcppA-hindcast_s2018-r5i1p1f1_gn_20181101-20281231.ncrls_APday_MPI-ESM1-2-LR_dcppA-hindcast_s2018-r6i1p1f1_gn_20181101-20281231.ncrlut_APday_MPI-ESM1-2-LR_dcppA-hindcast_s2018-r2i1p1f1_gn_20181101-20281231.ncrlut_APday_MPI-ESM1-2-LR_dcppA-hindcast_s2018-r3i1p1f1_gn_20181101-20281231.ncrlut_APday_MPI-ESM1-2-LR_dcppA-hindcast_s2018-r4i1p1f1_gn_20181101-20281231.ncrlut_APday_MPI-ESM1-2-LR_dcppA-hindcast_s2018-r5i1p1f1_gn_20181101-20281231.ncrlut_APday_MPI-ESM1-2-LR_dcppA-hindcast_s2018-r6i1p1f1_gn_20181101-20281231.ncrsds_APday_MPI-ESM1-2-LR_dcppA-hindcast_s2018-r2i1p1f1_gn_20181101-20281231.ncrsds_APday_MPI-ESM1-2-LR_dcppA-hindcast_s2018-r3i1p1f1_gn_20181101-20281231.ncrsds_APday_MPI-ESM1-2-LR_dcppA-hindcast_s2018-r4i1p1f1_gn_20181101-20281231.ncrsds_APday_MPI-ESM1-2-LR_dcppA-hindcast_s2018-r5i1p1f1_gn_20181101-20281231.ncrsds_APday_MPI-ESM1-2-LR_dcppA-hindcast_s2018-r6i1p1f1_gn_20181101-20281231.ncrsdt_APday_MPI-ESM1-2-LR_dcppA-hindcast_s2018-r2i1p1f1_gn_20181101-20281231.ncrsdt_APday_MPI-ESM1-2-LR_dcppA-hindcast_s2018-r3i1p1f1_gn_20181101-20281231.ncrsdt_APday_MPI-ESM1-2-LR_dcppA-hindcast_s2018-r4i1p1f1_gn_20181101-20281231.ncrsdt_APday_MPI-ESM1-2-LR_dcppA-hindcast_s2018-r5i1p1f1_gn_20181101-20281231.ncrsdt_APday_MPI-ESM1-2-LR_dcppA-hindcast_s2018-r6i1p1f1_gn_20181101-20281231.ncrsut_APday_MPI-ESM1-2-LR_dcppA-hindcast_s2018-r2i1p1f1_gn_20181101-20281231.ncrsut_APday_MPI-ESM1-2-LR_dcppA-hindcast_s2018-r3i1p1f1_gn_20181101-20281231.ncrsut_APday_MPI-ESM1-2-LR_dcppA-hindcast_s2018-r4i1p1f1_gn_20181101-20281231.ncrsut_APday_MPI-ESM1-2-LR_dcppA-hindcast_s2018-r5i1p1f1_gn_20181101-20281231.ncrsut_APday_MPI-ESM1-2-LR_dcppA-hindcast_s2018-r6i1p1f1_gn_20181101-20281231.ncsfcWind_APday_MPI-ESM1-2-LR_dcppA-hindcast_s2018-r2i1p1f1_gn_20181101-20281231.ncsfcWind_APday_MPI-ESM1-2-LR_dcppA-hindcast_s2018-r3i1p1f1_gn_20181101-20281231.ncsfcWind_APday_MPI-ESM1-2-LR_dcppA-hindcast_s2018-r4i1p1f1_gn_20181101-20281231.ncsfcWind_APday_MPI-ESM1-2-LR_dcppA-hindcast_s2018-r5i1p1f1_gn_20181101-20281231.ncsfcWind_APday_MPI-ESM1-2-LR_dcppA-hindcast_s2018-r6i1p1f1_gn_20181101-20281231.nctauu_APday_MPI-ESM1-2-LR_dcppA-hindcast_s2018-r2i1p1f1_gn_20181101-20281231.nctauu_APday_MPI-ESM1-2-LR_dcppA-hindcast_s2018-r3i1p1f1_gn_20181101-20281231.nctauu_APday_MPI-ESM1-2-LR_dcppA-hindcast_s2018-r4i1p1f1_gn_20181101-20281231.nctauu_APday_MPI-ESM1-2-LR_dcppA-hindcast_s2018-r5i1p1f1_gn_20181101-20281231.nctauu_APday_MPI-ESM1-2-LR_dcppA-hindcast_s2018-r6i1p1f1_gn_20181101-20281231.nctauv_APday_MPI-ESM1-2-LR_dcppA-hindcast_s2018-r2i1p1f1_gn_20181101-20281231.nctauv_APday_MPI-ESM1-2-LR_dcppA-hindcast_s2018-r3i1p1f1_gn_20181101-20281231.nctauv_APday_MPI-ESM1-2-LR_dcppA-hindcast_s2018-r4i1p1f1_gn_20181101-20281231.nctauv_APday_MPI-ESM1-2-LR_dcppA-hindcast_s2018-r5i1p1f1_gn_20181101-20281231.nctauv_APday_MPI-ESM1-2-LR_dcppA-hindcast_s2018-r6i1p1f1_gn_20181101-20281231.nctdps_APday_MPI-ESM1-2-LR_dcppA-hindcast_s2018-r2i1p1f1_gn_20181101-20281231.nctdps_APday_MPI-ESM1-2-LR_dcppA-hindcast_s2018-r3i1p1f1_gn_20181101-20281231.nctdps_APday_MPI-ESM1-2-LR_dcppA-hindcast_s2018-r4i1p1f1_gn_20181101-20281231.nctdps_APday_MPI-ESM1-2-LR_dcppA-hindcast_s2018-r5i1p1f1_gn_20181101-20281231.nctdps_APday_MPI-ESM1-2-LR_dcppA-hindcast_s2018-r6i1p1f1_gn_20181101-20281231.ncevspsbl_APmon_MPI-ESM1-2-LR_dcppA-hindcast_s2018-r2i1p1f1_gn_201811-202812.ncevspsbl_APmon_MPI-ESM1-2-LR_dcppA-hindcast_s2018-r3i1p1f1_gn_201811-202812.ncevspsbl_APmon_MPI-ESM1-2-LR_dcppA-hindcast_s2018-r4i1p1f1_gn_201811-202812.ncevspsbl_APmon_MPI-ESM1-2-LR_dcppA-hindcast_s2018-r5i1p1f1_gn_201811-202812.ncevspsbl_APmon_MPI-ESM1-2-LR_dcppA-hindcast_s2018-r6i1p1f1_gn_201811-202812.nchfls_APmon_MPI-ESM1-2-LR_dcppA-hindcast_s2018-r2i1p1f1_gn_201811-202812.nchfls_APmon_MPI-ESM1-2-LR_dcppA-hindcast_s2018-r3i1p1f1_gn_201811-202812.nchfls_APmon_MPI-ESM1-2-LR_dcppA-hindcast_s2018-r4i1p1f1_gn_201811-202812.nchfls_APmon_MPI-ESM1-2-LR_dcppA-hindcast_s2018-r5i1p1f1_gn_201811-202812.nchfls_APmon_MPI-ESM1-2-LR_dcppA-hindcast_s2018-r6i1p1f1_gn_201811-202812.nchfss_APmon_MPI-ESM1-2-LR_dcppA-hindcast_s2018-r2i1p1f1_gn_201811-202812.nchfss_APmon_MPI-ESM1-2-LR_dcppA-hindcast_s2018-r3i1p1f1_gn_201811-202812.nchfss_APmon_MPI-ESM1-2-LR_dcppA-hindcast_s2018-r4i1p1f1_gn_201811-202812.nchfss_APmon_MPI-ESM1-2-LR_dcppA-hindcast_s2018-r5i1p1f1_gn_201811-202812.nchfss_APmon_MPI-ESM1-2-LR_dcppA-hindcast_s2018-r6i1p1f1_gn_201811-202812.ncprsn_APmon_MPI-ESM1-2-LR_dcppA-hindcast_s2018-r2i1p1f1_gn_201811-202812.ncprsn_APmon_MPI-ESM1-2-LR_dcppA-hindcast_s2018-r3i1p1f1_gn_201811-202812.ncprsn_APmon_MPI-ESM1-2-LR_dcppA-hindcast_s2018-r4i1p1f1_gn_201811-202812.ncprsn_APmon_MPI-ESM1-2-LR_dcppA-hindcast_s2018-r5i1p1f1_gn_201811-202812.ncprsn_APmon_MPI-ESM1-2-LR_dcppA-hindcast_s2018-r6i1p1f1_gn_201811-202812.ncrlds_APmon_MPI-ESM1-2-LR_dcppA-hindcast_s2018-r2i1p1f1_gn_201811-202812.ncrlds_APmon_MPI-ESM1-2-LR_dcppA-hindcast_s2018-r3i1p1f1_gn_201811-202812.ncrlds_APmon_MPI-ESM1-2-LR_dcppA-hindcast_s2018-r4i1p1f1_gn_201811-202812.ncrlds_APmon_MPI-ESM1-2-LR_dcppA-hindcast_s2018-r5i1p1f1_gn_201811-202812.ncrlds_APmon_MPI-ESM1-2-LR_dcppA-hindcast_s2018-r6i1p1f1_gn_201811-202812.ncrls_APmon_MPI-ESM1-2-LR_dcppA-hindcast_s2018-r2i1p1f1_gn_201811-202812.ncrls_APmon_MPI-ESM1-2-LR_dcppA-hindcast_s2018-r3i1p1f1_gn_201811-202812.ncrls_APmon_MPI-ESM1-2-LR_dcppA-hindcast_s2018-r4i1p1f1_gn_201811-202812.ncrls_APmon_MPI-ESM1-2-LR_dcppA-hindcast_s2018-r5i1p1f1_gn_201811-202812.ncrls_APmon_MPI-ESM1-2-LR_dcppA-hindcast_s2018-r6i1p1f1_gn_201811-202812.ncrlut_APmon_MPI-ESM1-2-LR_dcppA-hindcast_s2018-r2i1p1f1_gn_201811-202812.ncrlut_APmon_MPI-ESM1-2-LR_dcppA-hindcast_s2018-r3i1p1f1_gn_201811-202812.ncrlut_APmon_MPI-ESM1-2-LR_dcppA-hindcast_s2018-r4i1p1f1_gn_201811-202812.ncrlut_APmon_MPI-ESM1-2-LR_dcppA-hindcast_s2018-r5i1p1f1_gn_201811-202812.ncrlut_APmon_MPI-ESM1-2-LR_dcppA-hindcast_s2018-r6i1p1f1_gn_201811-202812.ncrlutcs_APmon_MPI-ESM1-2-LR_dcppA-hindcast_s2018-r2i1p1f1_gn_201811-202812.ncrlutcs_APmon_MPI-ESM1-2-LR_dcppA-hindcast_s2018-r3i1p1f1_gn_201811-202812.ncrlutcs_APmon_MPI-ESM1-2-LR_dcppA-hindcast_s2018-r4i1p1f1_gn_201811-202812.ncrlutcs_APmon_MPI-ESM1-2-LR_dcppA-hindcast_s2018-r5i1p1f1_gn_201811-202812.ncrlutcs_APmon_MPI-ESM1-2-LR_dcppA-hindcast_s2018-r6i1p1f1_gn_201811-202812.ncrsds_APmon_MPI-ESM1-2-LR_dcppA-hindcast_s2018-r2i1p1f1_gn_201811-202812.ncrsds_APmon_MPI-ESM1-2-LR_dcppA-hindcast_s2018-r3i1p1f1_gn_201811-202812.ncrsds_APmon_MPI-ESM1-2-LR_dcppA-hindcast_s2018-r4i1p1f1_gn_201811-202812.ncrsds_APmon_MPI-ESM1-2-LR_dcppA-hindcast_s2018-r5i1p1f1_gn_201811-202812.ncrsds_APmon_MPI-ESM1-2-LR_dcppA-hindcast_s2018-r6i1p1f1_gn_201811-202812.ncrsdt_APmon_MPI-ESM1-2-LR_dcppA-hindcast_s2018-r2i1p1f1_gn_201811-202812.ncrsdt_APmon_MPI-ESM1-2-LR_dcppA-hindcast_s2018-r3i1p1f1_gn_201811-202812.ncrsdt_APmon_MPI-ESM1-2-LR_dcppA-hindcast_s2018-r4i1p1f1_gn_201811-202812.ncrsdt_APmon_MPI-ESM1-2-LR_dcppA-hindcast_s2018-r5i1p1f1_gn_201811-202812.ncrsdt_APmon_MPI-ESM1-2-LR_dcppA-hindcast_s2018-r6i1p1f1_gn_201811-202812.ncrss_APmon_MPI-ESM1-2-LR_dcppA-hindcast_s2018-r2i1p1f1_gn_201811-202812.ncrss_APmon_MPI-ESM1-2-LR_dcppA-hindcast_s2018-r3i1p1f1_gn_201811-202812.ncrss_APmon_MPI-ESM1-2-LR_dcppA-hindcast_s2018-r4i1p1f1_gn_201811-202812.ncrss_APmon_MPI-ESM1-2-LR_dcppA-hindcast_s2018-r5i1p1f1_gn_201811-202812.ncrss_APmon_MPI-ESM1-2-LR_dcppA-hindcast_s2018-r6i1p1f1_gn_201811-202812.ncrsut_APmon_MPI-ESM1-2-LR_dcppA-hindcast_s2018-r2i1p1f1_gn_201811-202812.ncrsut_APmon_MPI-ESM1-2-LR_dcppA-hindcast_s2018-r3i1p1f1_gn_201811-202812.ncrsut_APmon_MPI-ESM1-2-LR_dcppA-hindcast_s2018-r4i1p1f1_gn_201811-202812.ncrsut_APmon_MPI-ESM1-2-LR_dcppA-hindcast_s2018-r5i1p1f1_gn_201811-202812.ncrsut_APmon_MPI-ESM1-2-LR_dcppA-hindcast_s2018-r6i1p1f1_gn_201811-202812.ncrsutcs_APmon_MPI-ESM1-2-LR_dcppA-hindcast_s2018-r2i1p1f1_gn_201811-202812.ncrsutcs_APmon_MPI-ESM1-2-LR_dcppA-hindcast_s2018-r3i1p1f1_gn_201811-202812.ncrsutcs_APmon_MPI-ESM1-2-LR_dcppA-hindcast_s2018-r4i1p1f1_gn_201811-202812.ncrsutcs_APmon_MPI-ESM1-2-LR_dcppA-hindcast_s2018-r5i1p1f1_gn_201811-202812.ncrsutcs_APmon_MPI-ESM1-2-LR_dcppA-hindcast_s2018-r6i1p1f1_gn_201811-202812.ncsfcWind_APmon_MPI-ESM1-2-LR_dcppA-hindcast_s2018-r2i1p1f1_gn_201811-202812.ncsfcWind_APmon_MPI-ESM1-2-LR_dcppA-hindcast_s2018-r3i1p1f1_gn_201811-202812.ncsfcWind_APmon_MPI-ESM1-2-LR_dcppA-hindcast_s2018-r4i1p1f1_gn_201811-202812.ncsfcWind_APmon_MPI-ESM1-2-LR_dcppA-hindcast_s2018-r5i1p1f1_gn_201811-202812.ncsfcWind_APmon_MPI-ESM1-2-LR_dcppA-hindcast_s2018-r6i1p1f1_gn_201811-202812.nctauu_APmon_MPI-ESM1-2-LR_dcppA-hindcast_s2018-r2i1p1f1_gn_201811-202812.nctauu_APmon_MPI-ESM1-2-LR_dcppA-hindcast_s2018-r3i1p1f1_gn_201811-202812.nctauu_APmon_MPI-ESM1-2-LR_dcppA-hindcast_s2018-r4i1p1f1_gn_201811-202812.nctauu_APmon_MPI-ESM1-2-LR_dcppA-hindcast_s2018-r5i1p1f1_gn_201811-202812.nctauu_APmon_MPI-ESM1-2-LR_dcppA-hindcast_s2018-r6i1p1f1_gn_201811-202812.nctauv_APmon_MPI-ESM1-2-LR_dcppA-hindcast_s2018-r2i1p1f1_gn_201811-202812.nctauv_APmon_MPI-ESM1-2-LR_dcppA-hindcast_s2018-r3i1p1f1_gn_201811-202812.nctauv_APmon_MPI-ESM1-2-LR_dcppA-hindcast_s2018-r4i1p1f1_gn_201811-202812.nctauv_APmon_MPI-ESM1-2-LR_dcppA-hindcast_s2018-r5i1p1f1_gn_201811-202812.nctauv_APmon_MPI-ESM1-2-LR_dcppA-hindcast_s2018-r6i1p1f1_gn_201811-202812.nctdps_APmon_MPI-ESM1-2-LR_dcppA-hindcast_s2018-r2i1p1f1_gn_201811-202812.nctdps_APmon_MPI-ESM1-2-LR_dcppA-hindcast_s2018-r3i1p1f1_gn_201811-202812.nctdps_APmon_MPI-ESM1-2-LR_dcppA-hindcast_s2018-r4i1p1f1_gn_201811-202812.nctdps_APmon_MPI-ESM1-2-LR_dcppA-hindcast_s2018-r5i1p1f1_gn_201811-202812.nctdps_APmon_MPI-ESM1-2-LR_dcppA-hindcast_s2018-r6i1p1f1_gn_201811-202812.ncts_APmon_MPI-ESM1-2-LR_dcppA-hindcast_s2018-r2i1p1f1_gn_201811-202812.ncts_APmon_MPI-ESM1-2-LR_dcppA-hindcast_s2018-r3i1p1f1_gn_201811-202812.ncts_APmon_MPI-ESM1-2-LR_dcppA-hindcast_s2018-r4i1p1f1_gn_201811-202812.ncts_APmon_MPI-ESM1-2-LR_dcppA-hindcast_s2018-r5i1p1f1_gn_201811-202812.ncts_APmon_MPI-ESM1-2-LR_dcppA-hindcast_s2018-r6i1p1f1_gn_201811-202812.ncmrro_LPmon_MPI-ESM1-2-LR_dcppA-hindcast_s2018-r2i1p1f1_gn_201811-202812.ncmrro_LPmon_MPI-ESM1-2-LR_dcppA-hindcast_s2018-r3i1p1f1_gn_201811-202812.ncmrro_LPmon_MPI-ESM1-2-LR_dcppA-hindcast_s2018-r4i1p1f1_gn_201811-202812.ncmrro_LPmon_MPI-ESM1-2-LR_dcppA-hindcast_s2018-r5i1p1f1_gn_201811-202812.ncmrro_LPmon_MPI-ESM1-2-LR_dcppA-hindcast_s2018-r6i1p1f1_gn_201811-202812.ncsiconca_SImon_MPI-ESM1-2-LR_dcppA-hindcast_s2018-r2i1p1f1_gn_201811-202812.ncsiconca_SImon_MPI-ESM1-2-LR_dcppA-hindcast_s2018-r3i1p1f1_gn_201811-202812.ncsiconca_SImon_MPI-ESM1-2-LR_dcppA-hindcast_s2018-r4i1p1f1_gn_201811-202812.ncsiconca_SImon_MPI-ESM1-2-LR_dcppA-hindcast_s2018-r5i1p1f1_gn_201811-202812.ncsiconca_SImon_MPI-ESM1-2-LR_dcppA-hindcast_s2018-r6i1p1f1_gn_201811-202812.nc
62b6c86f0c63,DWD,s2019,dcpp-a,CMIP6 Plus,DKRZ,Partial,"pr_APday,pr_APmon,psl_APday,psl_APmon,rsds_APday,rsds_APmon,sfcWind_APday,sfcWind_APmon,tas_APday,tas_APmon,tasmax_APday,tasmin_APday,uas_APday,uas_APmon,vas_APday,vas_APmon,clt_APday,clt_APmon,prsn_APday,prsn_APmon,psl_APday,psl_APmon,rlut_APday,rlut_APmon,rsds_APday,rsds_APmon,ta_APmon,tas_APday,tas_APmon,ts_APmon,ua19_APmon,uas_APday,uas_APmon,va19_APmon,vas_APday,vas_APmon,zg_APmon,",Partial,"evspsbl_APmon,hus19_APmon,prsn_APday,prsn_APmon,rlds_APday,rlds_APmon,tasmax_APmon,tasmin_APmon,",hfls_APday_MPI-ESM1-2-LR_dcppA-hindcast_s2019-r2i1p1f1_gn_20191101-20291231.nchfls_APday_MPI-ESM1-2-LR_dcppA-hindcast_s2019-r3i1p1f1_gn_20191101-20291231.nchfls_APday_MPI-ESM1-2-LR_dcppA-hindcast_s2019-r4i1p1f1_gn_20191101-20291231.nchfls_APday_MPI-ESM1-2-LR_dcppA-hindcast_s2019-r5i1p1f1_gn_20191101-20291231.nchfls_APday_MPI-ESM1-2-LR_dcppA-hindcast_s2019-r6i1p1f1_gn_20191101-20291231.nchfss_APday_MPI-ESM1-2-LR_dcppA-hindcast_s2019-r2i1p1f1_gn_20191101-20291231.nchfss_APday_MPI-ESM1-2-LR_dcppA-hindcast_s2019-r3i1p1f1_gn_20191101-20291231.nchfss_APday_MPI-ESM1-2-LR_dcppA-hindcast_s2019-r4i1p1f1_gn_20191101-20291231.nchfss_APday_MPI-ESM1-2-LR_dcppA-hindcast_s2019-r5i1p1f1_gn_20191101-20291231.nchfss_APday_MPI-ESM1-2-LR_dcppA-hindcast_s2019-r6i1p1f1_gn_20191101-20291231.ncprc_APday_MPI-ESM1-2-LR_dcppA-hindcast_s2019-r2i1p1f1_gn_20191101-20291231.ncprc_APday_MPI-ESM1-2-LR_dcppA-hindcast_s2019-r3i1p1f1_gn_20191101-20291231.ncprc_APday_MPI-ESM1-2-LR_dcppA-hindcast_s2019-r4i1p1f1_gn_20191101-20291231.ncprc_APday_MPI-ESM1-2-LR_dcppA-hindcast_s2019-r5i1p1f1_gn_20191101-20291231.ncprc_APday_MPI-ESM1-2-LR_dcppA-hindcast_s2019-r6i1p1f1_gn_20191101-20291231.ncprsn_APday_MPI-ESM1-2-LR_dcppA-hindcast_s2019-r2i1p1f1_gn_20191101-20291231.ncprsn_APday_MPI-ESM1-2-LR_dcppA-hindcast_s2019-r3i1p1f1_gn_20191101-20291231.ncprsn_APday_MPI-ESM1-2-LR_dcppA-hindcast_s2019-r4i1p1f1_gn_20191101-20291231.ncprsn_APday_MPI-ESM1-2-LR_dcppA-hindcast_s2019-r5i1p1f1_gn_20191101-20291231.ncprsn_APday_MPI-ESM1-2-LR_dcppA-hindcast_s2019-r6i1p1f1_gn_20191101-20291231.ncrlds_APday_MPI-ESM1-2-LR_dcppA-hindcast_s2019-r2i1p1f1_gn_20191101-20291231.ncrlds_APday_MPI-ESM1-2-LR_dcppA-hindcast_s2019-r3i1p1f1_gn_20191101-20291231.ncrlds_APday_MPI-ESM1-2-LR_dcppA-hindcast_s2019-r4i1p1f1_gn_20191101-20291231.ncrlds_APday_MPI-ESM1-2-LR_dcppA-hindcast_s2019-r5i1p1f1_gn_20191101-20291231.ncrlds_APday_MPI-ESM1-2-LR_dcppA-hindcast_s2019-r6i1p1f1_gn_20191101-20291231.ncrls_APday_MPI-ESM1-2-LR_dcppA-hindcast_s2019-r2i1p1f1_gn_20191101-20291231.ncrls_APday_MPI-ESM1-2-LR_dcppA-hindcast_s2019-r3i1p1f1_gn_20191101-20291231.ncrls_APday_MPI-ESM1-2-LR_dcppA-hindcast_s2019-r4i1p1f1_gn_20191101-20291231.ncrls_APday_MPI-ESM1-2-LR_dcppA-hindcast_s2019-r5i1p1f1_gn_20191101-20291231.ncrls_APday_MPI-ESM1-2-LR_dcppA-hindcast_s2019-r6i1p1f1_gn_20191101-20291231.ncrlut_APday_MPI-ESM1-2-LR_dcppA-hindcast_s2019-r2i1p1f1_gn_20191101-20291231.ncrlut_APday_MPI-ESM1-2-LR_dcppA-hindcast_s2019-r3i1p1f1_gn_20191101-20291231.ncrlut_APday_MPI-ESM1-2-LR_dcppA-hindcast_s2019-r4i1p1f1_gn_20191101-20291231.ncrlut_APday_MPI-ESM1-2-LR_dcppA-hindcast_s2019-r5i1p1f1_gn_20191101-20291231.ncrlut_APday_MPI-ESM1-2-LR_dcppA-hindcast_s2019-r6i1p1f1_gn_20191101-20291231.ncrsds_APday_MPI-ESM1-2-LR_dcppA-hindcast_s2019-r2i1p1f1_gn_20191101-20291231.ncrsds_APday_MPI-ESM1-2-LR_dcppA-hindcast_s2019-r3i1p1f1_gn_20191101-20291231.ncrsds_APday_MPI-ESM1-2-LR_dcppA-hindcast_s2019-r4i1p1f1_gn_20191101-20291231.ncrsds_APday_MPI-ESM1-2-LR_dcppA-hindcast_s2019-r5i1p1f1_gn_20191101-20291231.ncrsds_APday_MPI-ESM1-2-LR_dcppA-hindcast_s2019-r6i1p1f1_gn_20191101-20291231.ncrsdt_APday_MPI-ESM1-2-LR_dcppA-hindcast_s2019-r2i1p1f1_gn_20191101-20291231.ncrsdt_APday_MPI-ESM1-2-LR_dcppA-hindcast_s2019-r3i1p1f1_gn_20191101-20291231.ncrsdt_APday_MPI-ESM1-2-LR_dcppA-hindcast_s2019-r4i1p1f1_gn_20191101-20291231.ncrsdt_APday_MPI-ESM1-2-LR_dcppA-hindcast_s2019-r5i1p1f1_gn_20191101-20291231.ncrsdt_APday_MPI-ESM1-2-LR_dcppA-hindcast_s2019-r6i1p1f1_gn_20191101-20291231.ncrsut_APday_MPI-ESM1-2-LR_dcppA-hindcast_s2019-r2i1p1f1_gn_20191101-20291231.ncrsut_APday_MPI-ESM1-2-LR_dcppA-hindcast_s2019-r3i1p1f1_gn_20191101-20291231.ncrsut_APday_MPI-ESM1-2-LR_dcppA-hindcast_s2019-r4i1p1f1_gn_20191101-20291231.ncrsut_APday_MPI-ESM1-2-LR_dcppA-hindcast_s2019-r5i1p1f1_gn_20191101-20291231.ncrsut_APday_MPI-ESM1-2-LR_dcppA-hindcast_s2019-r6i1p1f1_gn_20191101-20291231.ncsfcWind_APday_MPI-ESM1-2-LR_dcppA-hindcast_s2019-r2i1p1f1_gn_20191101-20291231.ncsfcWind_APday_MPI-ESM1-2-LR_dcppA-hindcast_s2019-r3i1p1f1_gn_20191101-20291231.ncsfcWind_APday_MPI-ESM1-2-LR_dcppA-hindcast_s2019-r4i1p1f1_gn_20191101-20291231.ncsfcWind_APday_MPI-ESM1-2-LR_dcppA-hindcast_s2019-r5i1p1f1_gn_20191101-20291231.ncsfcWind_APday_MPI-ESM1-2-LR_dcppA-hindcast_s2019-r6i1p1f1_gn_20191101-20291231.nctauu_APday_MPI-ESM1-2-LR_dcppA-hindcast_s2019-r2i1p1f1_gn_20191101-20291231.nctauu_APday_MPI-ESM1-2-LR_dcppA-hindcast_s2019-r3i1p1f1_gn_20191101-20291231.nctauu_APday_MPI-ESM1-2-LR_dcppA-hindcast_s2019-r4i1p1f1_gn_20191101-20291231.nctauu_APday_MPI-ESM1-2-LR_dcppA-hindcast_s2019-r5i1p1f1_gn_20191101-20291231.nctauu_APday_MPI-ESM1-2-LR_dcppA-hindcast_s2019-r6i1p1f1_gn_20191101-20291231.nctauv_APday_MPI-ESM1-2-LR_dcppA-hindcast_s2019-r2i1p1f1_gn_20191101-20291231.nctauv_APday_MPI-ESM1-2-LR_dcppA-hindcast_s2019-r3i1p1f1_gn_20191101-20291231.nctauv_APday_MPI-ESM1-2-LR_dcppA-hindcast_s2019-r4i1p1f1_gn_20191101-20291231.nctauv_APday_MPI-ESM1-2-LR_dcppA-hindcast_s2019-r5i1p1f1_gn_20191101-20291231.nctauv_APday_MPI-ESM1-2-LR_dcppA-hindcast_s2019-r6i1p1f1_gn_20191101-20291231.nctdps_APday_MPI-ESM1-2-LR_dcppA-hindcast_s2019-r2i1p1f1_gn_20191101-20291231.nctdps_APday_MPI-ESM1-2-LR_dcppA-hindcast_s2019-r3i1p1f1_gn_20191101-20291231.nctdps_APday_MPI-ESM1-2-LR_dcppA-hindcast_s2019-r4i1p1f1_gn_20191101-20291231.nctdps_APday_MPI-ESM1-2-LR_dcppA-hindcast_s2019-r5i1p1f1_gn_20191101-20291231.nctdps_APday_MPI-ESM1-2-LR_dcppA-hindcast_s2019-r6i1p1f1_gn_20191101-20291231.nchfls_APmon_MPI-ESM1-2-LR_dcppA-hindcast_s2019-r2i1p1f1_gn_201911-202912.nchfls_APmon_MPI-ESM1-2-LR_dcppA-hindcast_s2019-r3i1p1f1_gn_201911-202912.nchfls_APmon_MPI-ESM1-2-LR_dcppA-hindcast_s2019-r4i1p1f1_gn_201911-202912.nchfls_APmon_MPI-ESM1-2-LR_dcppA-hindcast_s2019-r5i1p1f1_gn_201911-202912.nchfls_APmon_MPI-ESM1-2-LR_dcppA-hindcast_s2019-r6i1p1f1_gn_201911-202912.nchfss_APmon_MPI-ESM1-2-LR_dcppA-hindcast_s2019-r2i1p1f1_gn_201911-202912.nchfss_APmon_MPI-ESM1-2-LR_dcppA-hindcast_s2019-r3i1p1f1_gn_201911-202912.nchfss_APmon_MPI-ESM1-2-LR_dcppA-hindcast_s2019-r4i1p1f1_gn_201911-202912.nchfss_APmon_MPI-ESM1-2-LR_dcppA-hindcast_s2019-r5i1p1f1_gn_201911-202912.nchfss_APmon_MPI-ESM1-2-LR_dcppA-hindcast_s2019-r6i1p1f1_gn_201911-202912.ncprsn_APmon_MPI-ESM1-2-LR_dcppA-hindcast_s2019-r2i1p1f1_gn_201911-202912.ncprsn_APmon_MPI-ESM1-2-LR_dcppA-hindcast_s2019-r3i1p1f1_gn_201911-202912.ncprsn_APmon_MPI-ESM1-2-LR_dcppA-hindcast_s2019-r4i1p1f1_gn_201911-202912.ncprsn_APmon_MPI-ESM1-2-LR_dcppA-hindcast_s2019-r5i1p1f1_gn_201911-202912.ncprsn_APmon_MPI-ESM1-2-LR_dcppA-hindcast_s2019-r6i1p1f1_gn_201911-202912.ncrlds_APmon_MPI-ESM1-2-LR_dcppA-hindcast_s2019-r2i1p1f1_gn_201911-202912.ncrlds_APmon_MPI-ESM1-2-LR_dcppA-hindcast_s2019-r3i1p1f1_gn_201911-202912.ncrlds_APmon_MPI-ESM1-2-LR_dcppA-hindcast_s2019-r4i1p1f1_gn_201911-202912.ncrlds_APmon_MPI-ESM1-2-LR_dcppA-hindcast_s2019-r5i1p1f1_gn_201911-202912.ncrlds_APmon_MPI-ESM1-2-LR_dcppA-hindcast_s2019-r6i1p1f1_gn_201911-202912.ncrls_APmon_MPI-ESM1-2-LR_dcppA-hindcast_s2019-r2i1p1f1_gn_201911-202912.ncrls_APmon_MPI-ESM1-2-LR_dcppA-hindcast_s2019-r3i1p1f1_gn_201911-202912.ncrls_APmon_MPI-ESM1-2-LR_dcppA-hindcast_s2019-r4i1p1f1_gn_201911-202912.ncrls_APmon_MPI-ESM1-2-LR_dcppA-hindcast_s2019-r5i1p1f1_gn_201911-202912.ncrls_APmon_MPI-ESM1-2-LR_dcppA-hindcast_s2019-r6i1p1f1_gn_201911-202912.ncrlut_APmon_MPI-ESM1-2-LR_dcppA-hindcast_s2019-r2i1p1f1_gn_201911-202912.ncrlut_APmon_MPI-ESM1-2-LR_dcppA-hindcast_s2019-r3i1p1f1_gn_201911-202912.ncrlut_APmon_MPI-ESM1-2-LR_dcppA-hindcast_s2019-r4i1p1f1_gn_201911-202912.ncrlut_APmon_MPI-ESM1-2-LR_dcppA-hindcast_s2019-r5i1p1f1_gn_201911-202912.ncrlut_APmon_MPI-ESM1-2-LR_dcppA-hindcast_s2019-r6i1p1f1_gn_201911-202912.ncrlutcs_APmon_MPI-ESM1-2-LR_dcppA-hindcast_s2019-r2i1p1f1_gn_201911-202912.ncrlutcs_APmon_MPI-ESM1-2-LR_dcppA-hindcast_s2019-r3i1p1f1_gn_201911-202912.ncrlutcs_APmon_MPI-ESM1-2-LR_dcppA-hindcast_s2019-r4i1p1f1_gn_201911-202912.ncrlutcs_APmon_MPI-ESM1-2-LR_dcppA-hindcast_s2019-r5i1p1f1_gn_201911-202912.ncrlutcs_APmon_MPI-ESM1-2-LR_dcppA-hindcast_s2019-r6i1p1f1_gn_201911-202912.ncrsds_APmon_MPI-ESM1-2-LR_dcppA-hindcast_s2019-r2i1p1f1_gn_201911-202912.ncrsds_APmon_MPI-ESM1-2-LR_dcppA-hindcast_s2019-r3i1p1f1_gn_201911-202912.ncrsds_APmon_MPI-ESM1-2-LR_dcppA-hindcast_s2019-r4i1p1f1_gn_201911-202912.ncrsds_APmon_MPI-ESM1-2-LR_dcppA-hindcast_s2019-r5i1p1f1_gn_201911-202912.ncrsds_APmon_MPI-ESM1-2-LR_dcppA-hindcast_s2019-r6i1p1f1_gn_201911-202912.ncrsdt_APmon_MPI-ESM1-2-LR_dcppA-hindcast_s2019-r2i1p1f1_gn_201911-202912.ncrsdt_APmon_MPI-ESM1-2-LR_dcppA-hindcast_s2019-r3i1p1f1_gn_201911-202912.ncrsdt_APmon_MPI-ESM1-2-LR_dcppA-hindcast_s2019-r4i1p1f1_gn_201911-202912.ncrsdt_APmon_MPI-ESM1-2-LR_dcppA-hindcast_s2019-r5i1p1f1_gn_201911-202912.ncrsdt_APmon_MPI-ESM1-2-LR_dcppA-hindcast_s2019-r6i1p1f1_gn_201911-202912.ncrss_APmon_MPI-ESM1-2-LR_dcppA-hindcast_s2019-r2i1p1f1_gn_201911-202912.ncrss_APmon_MPI-ESM1-2-LR_dcppA-hindcast_s2019-r3i1p1f1_gn_201911-202912.ncrss_APmon_MPI-ESM1-2-LR_dcppA-hindcast_s2019-r4i1p1f1_gn_201911-202912.ncrss_APmon_MPI-ESM1-2-LR_dcppA-hindcast_s2019-r5i1p1f1_gn_201911-202912.ncrss_APmon_MPI-ESM1-2-LR_dcppA-hindcast_s2019-r6i1p1f1_gn_201911-202912.ncrsut_APmon_MPI-ESM1-2-LR_dcppA-hindcast_s2019-r2i1p1f1_gn_201911-202912.ncrsut_APmon_MPI-ESM1-2-LR_dcppA-hindcast_s2019-r3i1p1f1_gn_201911-202912.ncrsut_APmon_MPI-ESM1-2-LR_dcppA-hindcast_s2019-r4i1p1f1_gn_201911-202912.ncrsut_APmon_MPI-ESM1-2-LR_dcppA-hindcast_s2019-r5i1p1f1_gn_201911-202912.ncrsut_APmon_MPI-ESM1-2-LR_dcppA-hindcast_s2019-r6i1p1f1_gn_201911-202912.ncrsutcs_APmon_MPI-ESM1-2-LR_dcppA-hindcast_s2019-r2i1p1f1_gn_201911-202912.ncrsutcs_APmon_MPI-ESM1-2-LR_dcppA-hindcast_s2019-r3i1p1f1_gn_201911-202912.ncrsutcs_APmon_MPI-ESM1-2-LR_dcppA-hindcast_s2019-r4i1p1f1_gn_201911-202912.ncrsutcs_APmon_MPI-ESM1-2-LR_dcppA-hindcast_s2019-r5i1p1f1_gn_201911-202912.ncrsutcs_APmon_MPI-ESM1-2-LR_dcppA-hindcast_s2019-r6i1p1f1_gn_201911-202912.ncsfcWind_APmon_MPI-ESM1-2-LR_dcppA-hindcast_s2019-r2i1p1f1_gn_201911-202912.ncsfcWind_APmon_MPI-ESM1-2-LR_dcppA-hindcast_s2019-r3i1p1f1_gn_201911-202912.ncsfcWind_APmon_MPI-ESM1-2-LR_dcppA-hindcast_s2019-r4i1p1f1_gn_201911-202912.ncsfcWind_APmon_MPI-ESM1-2-LR_dcppA-hindcast_s2019-r5i1p1f1_gn_201911-202912.ncsfcWind_APmon_MPI-ESM1-2-LR_dcppA-hindcast_s2019-r6i1p1f1_gn_201911-202912.nctauu_APmon_MPI-ESM1-2-LR_dcppA-hindcast_s2019-r2i1p1f1_gn_201911-202912.nctauu_APmon_MPI-ESM1-2-LR_dcppA-hindcast_s2019-r3i1p1f1_gn_201911-202912.nctauu_APmon_MPI-ESM1-2-LR_dcppA-hindcast_s2019-r4i1p1f1_gn_201911-202912.nctauu_APmon_MPI-ESM1-2-LR_dcppA-hindcast_s2019-r5i1p1f1_gn_201911-202912.nctauu_APmon_MPI-ESM1-2-LR_dcppA-hindcast_s2019-r6i1p1f1_gn_201911-202912.nctauv_APmon_MPI-ESM1-2-LR_dcppA-hindcast_s2019-r2i1p1f1_gn_201911-202912.nctauv_APmon_MPI-ESM1-2-LR_dcppA-hindcast_s2019-r3i1p1f1_gn_201911-202912.nctauv_APmon_MPI-ESM1-2-LR_dcppA-hindcast_s2019-r4i1p1f1_gn_201911-202912.nctauv_APmon_MPI-ESM1-2-LR_dcppA-hindcast_s2019-r5i1p1f1_gn_201911-202912.nctauv_APmon_MPI-ESM1-2-LR_dcppA-hindcast_s2019-r6i1p1f1_gn_201911-202912.nctdps_APmon_MPI-ESM1-2-LR_dcppA-hindcast_s2019-r2i1p1f1_gn_201911-202912.nctdps_APmon_MPI-ESM1-2-LR_dcppA-hindcast_s2019-r3i1p1f1_gn_201911-202912.nctdps_APmon_MPI-ESM1-2-LR_dcppA-hindcast_s2019-r4i1p1f1_gn_201911-202912.nctdps_APmon_MPI-ESM1-2-LR_dcppA-hindcast_s2019-r5i1p1f1_gn_201911-202912.nctdps_APmon_MPI-ESM1-2-LR_dcppA-hindcast_s2019-r6i1p1f1_gn_201911-202912.ncts_APmon_MPI-ESM1-2-LR_dcppA-hindcast_s2019-r2i1p1f1_gn_201911-202912.ncts_APmon_MPI-ESM1-2-LR_dcppA-hindcast_s2019-r3i1p1f1_gn_201911-202912.ncts_APmon_MPI-ESM1-2-LR_dcppA-hindcast_s2019-r4i1p1f1_gn_201911-202912.ncts_APmon_MPI-ESM1-2-LR_dcppA-hindcast_s2019-r5i1p1f1_gn_201911-202912.ncts_APmon_MPI-ESM1-2-LR_dcppA-hindcast_s2019-r6i1p1f1_gn_201911-202912.ncwap_APmon_MPI-ESM1-2-LR_dcppA-hindcast_s2019-r2i1p1f1_gn_201911-202912.ncwap_APmon_MPI-ESM1-2-LR_dcppA-hindcast_s2019-r3i1p1f1_gn_201911-202912.ncwap_APmon_MPI-ESM1-2-LR_dcppA-hindcast_s2019-r4i1p1f1_gn_201911-202912.ncwap_APmon_MPI-ESM1-2-LR_dcppA-hindcast_s2019-r5i1p1f1_gn_201911-202912.ncwap_APmon_MPI-ESM1-2-LR_dcppA-hindcast_s2019-r6i1p1f1_gn_201911-202912.ncmrro_LPmon_MPI-ESM1-2-LR_dcppA-hindcast_s2019-r2i1p1f1_gn_201911-202912.ncmrro_LPmon_MPI-ESM1-2-LR_dcppA-hindcast_s2019-r3i1p1f1_gn_201911-202912.ncmrro_LPmon_MPI-ESM1-2-LR_dcppA-hindcast_s2019-r4i1p1f1_gn_201911-202912.ncmrro_LPmon_MPI-ESM1-2-LR_dcppA-hindcast_s2019-r5i1p1f1_gn_201911-202912.ncmrro_LPmon_MPI-ESM1-2-LR_dcppA-hindcast_s2019-r6i1p1f1_gn_201911-202912.ncsiconca_SImon_MPI-ESM1-2-LR_dcppA-hindcast_s2019-r2i1p1f1_gn_201911-202912.ncsiconca_SImon_MPI-ESM1-2-LR_dcppA-hindcast_s2019-r4i1p1f1_gn_201911-202912.ncsiconca_SImon_MPI-ESM1-2-LR_dcppA-hindcast_s2019-r5i1p1f1_gn_201911-202912.ncsiconca_SImon_MPI-ESM1-2-LR_dcppA-hindcast_s2019-r6i1p1f1_gn_201911-202912.nc
1a1513061060,DWD,s2020,dcpp-b,CMIP6 Plus,DKRZ,Partial,"pr_APday,pr_APmon,psl_APday,psl_APmon,rsds_APday,rsds_APmon,sfcWind_APday,sfcWind_APmon,tas_APday,tas_APmon,tasmax_APday,tasmin_APday,uas_APday,uas_APmon,vas_APday,vas_APmon,clt_APday,clt_APmon,prsn_APday,prsn_APmon,psl_APday,psl_APmon,rlut_APday,rlut_APmon,rsds_APday,rsds_APmon,ta_APmon,tas_APday,tas_APmon,ts_APmon,ua19_APmon,uas_APday,uas_APmon,va19_APmon,vas_APday,vas_APmon,zg_APmon,",Partial,"evspsbl_APmon,hus19_APmon,prsn_APday,prsn_APmon,rlds_APday,rlds_APmon,tasmax_APmon,tasmin_APmon,",
10a648d13dbe,DWD,s2021,dcpp-b,CMIP6 Plus,,,"pr_APday,pr_APmon,psl_APday,psl_APmon,rsds_APday,rsds_APmon,sfcWind_APday,sfcWind_APmon,tas_APday,tas_APmon,tasmax_APday,tasmin_APday,uas_APday,uas_APmon,vas_APday,vas_APmon,clt_APday,clt_APmon,prsn_APday,prsn_APmon,psl_APday,psl_APmon,rlut_APday,rlut_APmon,rsds_APday,rsds_APmon,ta_APmon,tas_APday,tas_APmon,ts_APmon,ua19_APmon,uas_APday,uas_APmon,va19_APmon,vas_APday,vas_APmon,zg_APmon,",,"evspsbl_APmon,hus19_APmon,prsn_APday,prsn_APmon,rlds_APday,rlds_APmon,tasmax_APmon,tasmin_APmon,",
ab625721853b,DWD,s2022,dcpp-b,CMIP6 Plus,,,"pr_APday,pr_APmon,psl_APday,psl_APmon,rsds_APday,rsds_APmon,sfcWind_APday,sfcWind_APmon,tas_APday,tas_APmon,tasmax_APday,tasmin_APday,uas_APday,uas_APmon,vas_APday,vas_APmon,clt_APday,clt_APmon,prsn_APday,prsn_APmon,psl_APday,psl_APmon,rlut_APday,rlut_APmon,rsds_APday,rsds_APmon,ta_APmon,tas_APday,tas_APmon,ts_APmon,ua19_APmon,uas_APday,uas_APmon,va19_APmon,vas_APday,vas_APmon,zg_APmon,",,"evspsbl_APmon,hus19_APmon,prsn_APday,prsn_APmon,rlds_APday,rlds_APmon,tasmax_APmon,tasmin_APmon,",zg_APmon_MPI-ESM1-2-LR_dcppB-forecast_s2022-r1i1p1f1_gn_202211-203212.nczg_APmon_MPI-ESM1-2-LR_dcppB-forecast_s2022-r2i1p1f1_gn_202211-203212.nczg_APmon_MPI-ESM1-2-LR_dcppB-forecast_s2022-r3i1p1f1_gn_202211-203212.nczg_APmon_MPI-ESM1-2-LR_dcppB-forecast_s2022-r4i1p1f1_gn_202211-203212.nczg_APmon_MPI-ESM1-2-LR_dcppB-forecast_s2022-r5i1p1f1_gn_202211-203212.nczg_APmon_MPI-ESM1-2-LR_dcppB-forecast_s2022-r6i1p1f1_gn_202211-203212.nczg_APmon_MPI-ESM1-2-LR_dcppB-forecast_s2022-r7i1p1f1_gn_202211-203212.nczg_APmon_MPI-ESM1-2-LR_dcppB-forecast_s2022-r8i1p1f1_gn_202211-203212.nczg_APmon_MPI-ESM1-2-LR_dcppB-forecast_s2022-r9i1p1f1_gn_202211-203212.nczg_APmon_MPI-ESM1-2-LR_dcppB-forecast_s2022-r10i1p1f1_gn_202211-203212.nczg_APmon_MPI-ESM1-2-LR_dcppB-forecast_s2022-r11i1p1f1_gn_202211-203212.nczg_APmon_MPI-ESM1-2-LR_dcppB-forecast_s2022-r12i1p1f1_gn_202211-203212.nczg_APmon_MPI-ESM1-2-LR_dcppB-forecast_s2022-r13i1p1f1_gn_202211-203212.nczg_APmon_MPI-ESM1-2-LR_dcppB-forecast_s2022-r14i1p1f1_gn_202211-203212.nczg_APmon_MPI-ESM1-2-LR_dcppB-forecast_s2022-r15i1p1f1_gn_202211-203212.nczg_APmon_MPI-ESM1-2-LR_dcppB-forecast_s2022-r16i1p1f1_gn_202211-203212.nc
cf18eb5e0721,DWD,s2023,dcpp-b,CMIP6 Plus,,,"pr_APday,pr_APmon,psl_APday,psl_APmon,rsds_APday,rsds_APmon,sfcWind_APday,sfcWind_APmon,tas_APday,tas_APmon,tasmax_APday,tasmin_APday,uas_APday,uas_APmon,vas_APday,vas_APmon,clt_APday,clt_APmon,prsn_APday,prsn_APmon,psl_APday,psl_APmon,rlut_APday,rlut_APmon,rsds_APday,rsds_APmon,ta_APmon,tas_APday,tas_APmon,ts_APmon,ua19_APmon,uas_APday,uas_APmon,va19_APmon,vas_APday,vas_APmon,zg_APmon,",,"evspsbl_APmon,hus19_APmon,prsn_APday,prsn_APmon,rlds_APday,rlds_APmon,tasmax_APmon,tasmin_APmon,",mrro_LPmon_MPI-ESM1-2-LR_dcppB-forecast_s2023-r1i1p1f1_gn_202311-203312.ncmrro_LPmon_MPI-ESM1-2-LR_dcppB-forecast_s2023-r2i1p1f1_gn_202311-203312.ncmrro_LPmon_MPI-ESM1-2-LR_dcppB-forecast_s2023-r3i1p1f1_gn_202311-203312.ncmrro_LPmon_MPI-ESM1-2-LR_dcppB-forecast_s2023-r4i1p1f1_gn_202311-203312.ncmrro_LPmon_MPI-ESM1-2-LR_dcppB-forecast_s2023-r5i1p1f1_gn_202311-203312.ncmrro_LPmon_MPI-ESM1-2-LR_dcppB-forecast_s2023-r6i1p1f1_gn_202311-203312.ncmrro_LPmon_MPI-ESM1-2-LR_dcppB-forecast_s2023-r7i1p1f1_gn_202311-203312.ncmrro_LPmon_MPI-ESM1-2-LR_dcppB-forecast_s2023-r8i1p1f1_gn_202311-203312.ncmrro_LPmon_MPI-ESM1-2-LR_dcppB-forecast_s2023-r9i1p1f1_gn_202311-203312.ncmrro_LPmon_MPI-ESM1-2-LR_dcppB-forecast_s2023-r10i1p1f1_gn_202311-203312.ncmrro_LPmon_MPI-ESM1-2-LR_dcppB-forecast_s2023-r11i1p1f1_gn_202311-203312.ncmrro_LPmon_MPI-ESM1-2-LR_dcppB-forecast_s2023-r12i1p1f1_gn_202311-203312.ncmrro_LPmon_MPI-ESM1-2-LR_dcppB-forecast_s2023-r13i1p1f1_gn_202311-203312.ncmrro_LPmon_MPI-ESM1-2-LR_dcppB-forecast_s2023-r14i1p1f1_gn_202311-203312.ncmrro_LPmon_MPI-ESM1-2-LR_dcppB-forecast_s2023-r15i1p1f1_gn_202311-203312.ncmrro_LPmon_MPI-ESM1-2-LR_dcppB-forecast_s2023-r16i1p1f1_gn_202311-203312.nc
ecc99414bf9c,DWD,s2024,dcpp-b,CMIP6 Plus,,,"pr_APday,pr_APmon,psl_APday,psl_APmon,rsds_APday,rsds_APmon,sfcWind_APday,sfcWind_APmon,tas_APday,tas_APmon,tasmax_APday,tasmin_APday,uas_APday,uas_APmon,vas_APday,vas_APmon,clt_APday,clt_APmon,prsn_APday,prsn_APmon,psl_APday,psl_APmon,rlut_APday,rlut_APmon,rsds_APday,rsds_APmon,ta_APmon,tas_APday,tas_APmon,ts_APmon,ua19_APmon,uas_APday,uas_APmon,va19_APmon,vas_APday,vas_APmon,zg_APmon,",,"evspsbl_APmon,hus19_APmon,prsn_APday,prsn_APmon,rlds_APday,rlds_APmon,tasmax_APmon,tasmin_APmon,",mrro_LPmon_MPI-ESM1-2-LR_dcppB-forecast_s2024-r1i1p1f1_gn_202411-203412.ncmrro_LPmon_MPI-ESM1-2-LR_dcppB-forecast_s2024-r2i1p1f1_gn_202411-203412.ncmrro_LPmon_MPI-ESM1-2-LR_dcppB-forecast_s2024-r3i1p1f1_gn_202411-203412.ncmrro_LPmon_MPI-ESM1-2-LR_dcppB-forecast_s2024-r4i1p1f1_gn_202411-203412.ncmrro_LPmon_MPI-ESM1-2-LR_dcppB-forecast_s2024-r5i1p1f1_gn_202411-203412.ncmrro_LPmon_MPI-ESM1-2-LR_dcppB-forecast_s2024-r6i1p1f1_gn_202411-203412.ncmrro_LPmon_MPI-ESM1-2-LR_dcppB-forecast_s2024-r7i1p1f1_gn_202411-203412.ncmrro_LPmon_MPI-ESM1-2-LR_dcppB-forecast_s2024-r8i1p1f1_gn_202411-203412.ncmrro_LPmon_MPI-ESM1-2-LR_dcppB-forecast_s2024-r9i1p1f1_gn_202411-203412.ncmrro_LPmon_MPI-ESM1-2-LR_dcppB-forecast_s2024-r10i1p1f1_gn_202411-203412.ncmrro_LPmon_MPI-ESM1-2-LR_dcppB-forecast_s2024-r11i1p1f1_gn_202411-203412.ncmrro_LPmon_MPI-ESM1-2-LR_dcppB-forecast_s2024-r12i1p1f1_gn_202411-203412.ncmrro_LPmon_MPI-ESM1-2-LR_dcppB-forecast_s2024-r13i1p1f1_gn_202411-203412.ncmrro_LPmon_MPI-ESM1-2-LR_dcppB-forecast_s2024-r14i1p1f1_gn_202411-203412.ncmrro_LPmon_MPI-ESM1-2-LR_dcppB-forecast_s2024-r15i1p1f1_gn_202411-203412.ncmrro_LPmon_MPI-ESM1-2-LR_dcppB-forecast_s2024-r16i1p1f1_gn_202411-203412.nc
7ee7bbcdf204,DWD,s2025,dcpp-b,CMIP6 Plus,DKRZ,All,"pr_APday,pr_APmon,psl_APday,psl_APmon,rsds_APday,rsds_APmon,sfcWind_APday,sfcWind_APmon,tas_APday,tas_APmon,tasmax_APday,tasmin_APday,uas_APday,uas_APmon,vas_APday,vas_APmon,clt_APday,clt_APmon,prsn_APday,prsn_APmon,psl_APday,psl_APmon,rlut_APday,rlut_APmon,rsds_APday,rsds_APmon,ta_APmon,tas_APday,tas_APmon,ts_APmon,ua19_APmon,uas_APday,uas_APmon,va19_APmon,vas_APday,vas_APmon,zg_APmon,",All,"evspsbl_APmon,hus19_APmon,prsn_APday,prsn_APmon,rlds_APday,rlds_APmon,tasmax_APmon,tasmin_APmon,",in publication
508b33c2b280,MOHC,s1960,dcpp-a,CMIP6,CEDA,All,,Partial,not hurs,example path: https://esgf-ui.ceda.ac.uk/search?project=CMIP6&activeFacets=%7B%22institution_id%22%3A%22MOHC%22%2C%22experiment_id%22%3A%22dcppB-forecast%22%7D
25c85f2b3f8c,MOHC,s1961,dcpp-a,CMIP6,CEDA,All,,Partial,not hurs,
a6b1b6236b4a,MOHC,s1962,dcpp-a,CMIP6,CEDA,All,,Partial,not hurs,
5975313f5bb9,MOHC,s1963,dcpp-a,CMIP6,CEDA,All,,Partial,not hurs,
0cd7284b9d94,MOHC,s1964,dcpp-a,CMIP6,CEDA,All,,Partial,not hurs,
0357f9c7a54c,MOHC,s1965,dcpp-a,CMIP6,CEDA,All,,Partial,not hurs,
84cd6903a9d7,MOHC,s1966,dcpp-a,CMIP6,CEDA,All,,Partial,not hurs,
e1c01674d3e0,MOHC,s1967,dcpp-a,CMIP6,CEDA,All,,Partial,not hurs,
c80e7692a50f,MOHC,s1968,dcpp-a,CMIP6,CEDA,All,,Partial,not hurs,
b22436847e10,MOHC,s1969,dcpp-a,CMIP6,CEDA,All,,Partial,not hurs,
95fcdac999aa,MOHC,s1970,dcpp-a,CMIP6,CEDA,All,,Partial,not hurs,
b9495057aca8,MOHC,s1971,dcpp-a,CMIP6,CEDA,All,,Partial,not hurs,
5ba990b9d25a,MOHC,s1972,dcpp-a,CMIP6,CEDA,All,,Partial,not hurs,
ba7b7e6b0e3e,MOHC,s1973,dcpp-a,CMIP6,CEDA,All,,Partial,not hurs,
17f7ed8c7186,MOHC,s1974,dcpp-a,CMIP6,CEDA,All,,Partial,not hurs,
25d384b7c42e,MOHC,s1975,dcpp-a,CMIP6,CEDA,All,,Partial,not hurs,
fbb7a4d1d445,MOHC,s1976,dcpp-a,CMIP6,CEDA,All,,Partial,not hurs,
bf111b6cc4a9,MOHC,s1977,dcpp-a,CMIP6,CEDA,All,,Partial,not hurs,
4ec708fcd113,MOHC,s1978,dcpp-a,CMIP6,CEDA,All,,Partial,not hurs,
f0991a8c1906,MOHC,s1979,dcpp-a,CMIP6,CEDA,All,,Partial,not hurs,
bf1026511277,MOHC,s1980,dcpp-a,CMIP6,CEDA,All,,Partial,not hurs,
ee8642ca039f,MOHC,s1981,dcpp-a,CMIP6,CEDA,All,,Partial,not hurs,
01882ab959e4,MOHC,s1982,dcpp-a,CMIP6,CEDA,All,,Partial,not hurs,
c266132c3994,MOHC,s1983,dcpp-a,CMIP6,CEDA,All,,Partial,not hurs,
6f50c3f2c3de,MOHC,s1984,dcpp-a,CMIP6,CEDA,All,,Partial,not hurs,
60796b1f2bcb,MOHC,s1985,dcpp-a,CMIP6,CEDA,All,,Partial,not hurs,
2f583007a4f4,MOHC,s1986,dcpp-a,CMIP6,CEDA,All,,Partial,not hurs,
9518099bf690,MOHC,s1987,dcpp-a,CMIP6,CEDA,All,,Partial,not hurs,
d9c60439b08c,MOHC,s1988,dcpp-a,CMIP6,CEDA,All,,Partial,not hurs,
edac14f4562b,MOHC,s1989,dcpp-a,CMIP6,CEDA,All,,Partial,not hurs,
740118769ef6,MOHC,s1990,dcpp-a,CMIP6,CEDA,All,,Partial,not hurs,
5e481fdf8c54,MOHC,s1991,dcpp-a,CMIP6,CEDA,All,,Partial,not hurs,
b0435aa2fbc8,MOHC,s1992,dcpp-a,CMIP6,CEDA,All,,Partial,not hurs,
c192b8f10e10,MOHC,s1993,dcpp-a,CMIP6,CEDA,All,,Partial,not hurs,
b576fd41dc57,MOHC,s1994,dcpp-a,CMIP6,CEDA,All,,Partial,not hurs,
b03c4c445cce,MOHC,s1995,dcpp-a,CMIP6,CEDA,All,,Partial,not hurs,
23267ebc283d,MOHC,s1996,dcpp-a,CMIP6,CEDA,All,,Partial,not hurs,
44d2b8d859ac,MOHC,s1997,dcpp-a,CMIP6,CEDA,All,,Partial,not hurs,
fdba10effc0d,MOHC,s1998,dcpp-a,CMIP6,CEDA,All,,Partial,not hurs,
fdcec394b07c,MOHC,s1999,dcpp-a,CMIP6,CEDA,All,,Partial,not hurs,
0ec94d6d6e4d,MOHC,s2000,dcpp-a,CMIP6,CEDA,All,,Partial,not hurs,
e5962509c304,MOHC,s2001,dcpp-a,CMIP6,CEDA,All,,Partial,not hurs,
70341bd80338,MOHC,s2002,dcpp-a,CMIP6,CEDA,All,,Partial,not hurs,
a7a6ff48d924,MOHC,s2003,dcpp-a,CMIP6,CEDA,All,,Partial,not hurs,
990d6dcd237b,MOHC,s2004,dcpp-a,CMIP6,CEDA,All,,Partial,not hurs,
50b4c32cc1b4,MOHC,s2005,dcpp-a,CMIP6,CEDA,All,,Partial,not hurs,
9cd896532cff,MOHC,s2006,dcpp-a,CMIP6,CEDA,All,,Partial,not hurs,
bfcecf9aca81,MOHC,s2007,dcpp-a,CMIP6,CEDA,All,,Partial,not hurs,
942feaabc0f0,MOHC,s2008,dcpp-a,CMIP6,CEDA,All,,Partial,not hurs,
b89acf3aeb6a,MOHC,s2009,dcpp-a,CMIP6,CEDA,All,,Partial,not hurs,
dee5c8574b62,MOHC,s2010,dcpp-a,CMIP6,CEDA,All,,Partial,not hurs,
86dec3ab6bf5,MOHC,s2011,dcpp-a,CMIP6,CEDA,All,,Partial,not hurs,
ad3abace7c7d,MOHC,s2012,dcpp-a,CMIP6,CEDA,All,,Partial,not hurs,
838bcb35730f,MOHC,s2013,dcpp-a,CMIP6,CEDA,All,,Partial,not hurs,
eee0753712ef,MOHC,s2014,dcpp-a,CMIP6,CEDA,All,,Partial,not hurs,
024dbb5f02f5,MOHC,s2015,dcpp-a,CMIP6,CEDA,All,,Partial,not hurs,
fe2f2f52702b,MOHC,s2016,dcpp-a,CMIP6,CEDA,All,,Partial,not hurs,
2c1bcdf260e1,MOHC,s2017,dcpp-a,CMIP6,CEDA,All,,Partial,not hurs,
ea3ed09c8058,MOHC,s2018,dcpp-a,CMIP6,CEDA,All,,Partial,not hurs,
d64f06ed7237,MOHC,s2019,dcpp-b,CMIP6,CEDA,All,,Partial,not hurs,
a839199e72ec,MOHC,s2020,dcpp-b,CMIP6,CEDA,All,,Partial,not hurs,
ba26ba33795a,MOHC,s2021,dcpp-b,CMIP6,CEDA,All,,Partial,not hurs,
f0d5996e03b4,MOHC,s2022,dcpp-b,CMIP6,CEDA,All,,Partial,not hurs,
415ef77cab11,MOHC,s2023,dcpp-b,CMIP6,CEDA,All,,Partial,not hurs,
2acb3429afe9,MOHC,s2024,dcpp-b,CMIP6,CEDA,All,,Partial,not hurs,
60b609467182,MOHC,s2025,dcpp-b,CMIP6 Plus,CEDA,All,,Partial,not hurs,in publication
